사고번호,사고일시,요일,시군구,사고내용,사망자수,중상자수,경상자수,부상신고자수,사고유형,법규위반,노면상태,기상상태,도로형태,가해운전자 차종,가해운전자 성별,가해운전자 연령,가해운전자 상해정도,피해운전자 차종,피해운전자 성별,피해운전자 연령,피해운전자 상해정도
2018011500100178,2018년 1월 15일 09시,월요일,전라북도 전주시 덕진구 성덕동,경상사고,0,0,1,0,차대차 - 추돌,안전운전불이행,건조,맑음,단일로 - 기타,화물,남,57세,기타불명,화물,남,44세,경상
2018011500100202,2018년 1월 15일 10시,월요일,전라북도 익산시 남중동,중상사고,0,1,0,0,차대차 - 측면충돌,안전운전불이행,건조,맑음,교차로 - 교차로부근,승용,남,42세,상해없음,자전거,남,48세,중상
2018011500100203,2018년 1월 15일 10시,월요일,전라북도 익산시 신동,경상사고,0,0,2,0,차대차 - 추돌,안전운전불이행,건조,맑음,단일로 - 기타,승용,남,53세,상해없음,승용,여,39세,경상
2018011500100204,2018년 1월 15일 10시,월요일,전라북도 임실군 청웅면,경상사고,0,0,1,0,차대사람 - 차도통행중,안전운전불이행,건조,맑음,단일로 - 기타,승용,여,57세,상해없음,보행자,남,89세,경상
2018011500100240,2018년 1월 15일 11시,월요일,전라북도 익산시 어양동,경상사고,0,0,1,0,차대차 - 측면충돌,안전운전불이행,건조,맑음,단일로 - 기타,화물,여,59세,상해없음,승용,여,54세,경상
2018011500100341,2018년 1월 15일 14시,월요일,전라북도 전주시 덕진구 팔복동2가,경상사고,0,0,1,0,차대차 - 추돌,안전거리미확보,건조,맑음,교차로 - 교차로부근,화물,남,47세,상해없음,승용,남,43세,경상
2018011500100407,2018년 1월 15일 16시,월요일,전라북도 전주시 완산구 서노송동,중상사고,0,1,0,0,차대사람 - 횡단중,안전운전불이행,건조,맑음,교차로 - 교차로부근,승용,여,62세,상해없음,보행자,여,70세,중상
2018011500100408,2018년 1월 15일 16시,월요일,전라북도 전주시 덕진구 금암동,경상사고,0,0,1,0,차량단독 - 주/정차차량 충돌,안전운전불이행,건조,맑음,교차로 - 교차로부근,승용,남,79세,상해없음,,,,
2018011500100409,2018년 1월 15일 16시,월요일,전라북도 익산시 어양동,경상사고,0,0,1,0,차대사람 - 횡단중,중앙선침범,건조,맑음,교차로 - 교차로부근,이륜,남,28세,상해없음,보행자,여,47세,경상
2018011500100410,2018년 1월 15일 16시,월요일,전라북도 고창군 아산면,중상사고,0,5,0,0,차대차 - 측면충돌,안전운전불이행,건조,맑음,교차로 - 교차로안,화물,남,75세,중상,승용,남,62세,중상
2018011500100499,2018년 1월 15일 18시,월요일,전라북도 무주군 설천면,경상사고,0,0,1,0,차대차 - 측면충돌,중앙선침범,건조,맑음,단일로 - 지하차도(도로)내,승용,남,70세,상해없음,승용,남,56세,경상
2018011500100543,2018년 1월 15일 19시,월요일,전라북도 전주시 덕진구 우아동3가,경상사고,0,0,1,0,차대차 - 측면충돌,중앙선침범,건조,맑음,단일로 - 기타,기타불명,기타불명,미분류,기타불명,화물,남,62세,경상
2018011500100544,2018년 1월 15일 19시,월요일,전라북도 익산시 금강동,경상사고,0,0,3,0,차대차 - 측면충돌,신호위반,건조,맑음,교차로 - 교차로안,승합,남,64세,상해없음,승용,남,50세,경상
2018011500100633,2018년 1월 15일 22시,월요일,전라북도 전주시 덕진구 우아동2가,경상사고,0,0,1,0,차대차 - 후진중충돌,불법유턴,건조,맑음,교차로 - 교차로안,승용,남,25세,상해없음,승용,남,27세,경상
2018011600100080,2018년 1월 16일 06시,화요일,전라북도 익산시 여산면,중상사고,0,1,1,0,차대차 - 추돌,안전운전불이행,건조,맑음,단일로 - 기타,화물,남,50세,상해없음,화물,남,53세,중상
2018011600100103,2018년 1월 16일 07시,화요일,전라북도 정읍시 연지동,부상신고사고,0,0,0,1,차대차 - 측면충돌,안전운전불이행,건조,맑음,단일로 - 기타,자전거,여,68세,부상신고,승용,여,52세,상해없음
2018011600100133,2018년 1월 16일 08시,화요일,전라북도 전주시 완산구 서노송동,경상사고,0,0,1,0,차대차 - 기타,안전운전불이행,건조,맑음,단일로 - 기타,화물,남,56세,상해없음,승용,여,42세,경상
2018011600100134,2018년 1월 16일 08시,화요일,전라북도 전주시 덕진구 송천동2가,중상사고,0,1,2,0,차대차 - 측면충돌,신호위반,건조,맑음,교차로 - 교차로안,승용,남,35세,상해없음,승용,남,45세,경상
2018011600100160,2018년 1월 16일 09시,화요일,전라북도 전주시 완산구 효자동1가,중상사고,0,1,1,0,차대차 - 정면충돌,신호위반,건조,맑음,교차로 - 교차로안,승용,여,37세,상해없음,승용,남,55세,경상
2018011600100213,2018년 1월 16일 11시,화요일,전라북도 전주시 덕진구 송천동2가,경상사고,0,0,1,0,차대차 - 기타,신호위반,건조,맑음,교차로 - 교차로안,승용,남,65세,상해없음,승용,여,59세,경상
2018011600100214,2018년 1월 16일 11시,화요일,전라북도 익산시 현영동,중상사고,0,1,0,0,차대차 - 측면충돌,안전운전불이행,기타,흐림,단일로 - 기타,승용,남,66세,상해없음,원동기,남,56세,중상
2018011600100254,2018년 1월 16일 13시,화요일,전라북도 전주시 덕진구 여의동,경상사고,0,0,3,0,차대차 - 측면충돌,보행자보호의무위반,건조,맑음,교차로 - 교차로안,승용,남,62세,상해없음,승합,남,66세,경상
2018011600100255,2018년 1월 16일 13시,화요일,전라북도 군산시 구암동,경상사고,0,0,1,0,차대차 - 기타,안전거리미확보,건조,맑음,단일로 - 기타,건설기계,남,59세,상해없음,승용,남,24세,경상
2018011600100256,2018년 1월 16일 13시,화요일,전라북도 부안군 주산면,경상사고,0,0,1,0,차대차 - 측면충돌,불법유턴,건조,맑음,교차로 - 교차로안,화물,남,87세,상해없음,화물,남,62세,경상
2018011600100325,2018년 1월 16일 16시,화요일,전라북도 군산시 소룡동,중상사고,0,1,0,0,차대사람 - 기타,안전운전불이행,젖음/습기,비,단일로 - 기타,승용,여,30세,상해없음,보행자,여,69세,중상
2018011600100348,2018년 1월 16일 17시,화요일,전라북도 전주시 완산구 중화산동1가,경상사고,0,0,1,0,차대사람 - 횡단중,안전운전불이행,건조,맑음,교차로 - 교차로횡단보도내,승용,남,57세,상해없음,보행자,남,63세,경상
2018011600100349,2018년 1월 16일 17시,화요일,전라북도 익산시 남중동,경상사고,0,0,3,0,차대차 - 측면충돌,중앙선침범,젖음/습기,비,교차로 - 교차로부근,승용,남,61세,상해없음,승용,여,50세,경상
2018011600100394,2018년 1월 16일 18시,화요일,전라북도 익산시 인화동1가,경상사고,0,0,1,0,차대사람 - 횡단중,보행자보호의무위반,젖음/습기,비,단일로 - 기타,승용,남,32세,상해없음,보행자,여,57세,경상
2018011600100439,2018년 1월 16일 19시,화요일,전라북도 전주시 완산구 평화동2가,중상사고,0,1,0,0,차대사람 - 횡단중,보행자보호의무위반,젖음/습기,비,교차로 - 교차로안,승합,남,53세,상해없음,보행자,여,71세,중상
2018011600100440,2018년 1월 16일 19시,화요일,전라북도 정읍시 수성동,중상사고,0,1,0,0,차대차 - 측면충돌,직진우회전진행방해,젖음/습기,비,교차로 - 교차로안,승용,남,33세,상해없음,승용,남,60세,중상
2018011600100441,2018년 1월 16일 19시,화요일,전라북도 무주군 설천면,중상사고,0,1,3,0,차대차 - 추돌,안전운전불이행,적설,눈,단일로 - 기타,승용,남,22세,경상,승용,남,36세,상해없음
2018011600100482,2018년 1월 16일 20시,화요일,전라북도 전주시 덕진구 우아동3가,경상사고,0,0,1,0,차대차 - 측면충돌,중앙선침범,젖음/습기,비,단일로 - 기타,승용,남,49세,상해없음,승용,여,57세,경상
2018011600100509,2018년 1월 16일 21시,화요일,전라북도 전주시 완산구 효자동2가,경상사고,0,0,1,0,차대사람 - 횡단중,안전운전불이행,젖음/습기,비,단일로 - 기타,승용,여,40세,상해없음,보행자,남,49세,경상
2018011600100510,2018년 1월 16일 21시,화요일,전라북도 정읍시 연지동,중상사고,0,1,0,0,차대사람 - 횡단중,안전운전불이행,젖음/습기,비,교차로 - 교차로안,승용,남,64세,상해없음,보행자,남,59세,중상
2018011600100535,2018년 1월 16일 22시,화요일,전라북도 전주시 완산구 서신동,경상사고,0,0,1,0,차대차 - 추돌,안전운전불이행,젖음/습기,비,단일로 - 기타,승용,남,59세,상해없음,승용,남,58세,경상
2018011600100564,2018년 1월 16일 23시,화요일,전라북도 전주시 완산구 평화동1가,중상사고,0,1,0,0,차대사람 - 기타,불법유턴,젖음/습기,흐림,단일로 - 기타,승용,남,59세,기타불명,보행자,남,54세,중상
2018011700100017,2018년 1월 17일 00시,수요일,전라북도 전주시 완산구 서신동,경상사고,0,0,1,0,차대차 - 추돌,안전운전불이행,젖음/습기,비,단일로 - 기타,승용,남,28세,상해없음,승용,남,64세,경상
2018011700100138,2018년 1월 17일 07시,수요일,전라북도 익산시 모현동2가,경상사고,0,0,1,0,차대사람 - 횡단중,신호위반,젖음/습기,비,교차로 - 교차로안,화물,남,81세,상해없음,보행자,여,54세,경상
2018011700100168,2018년 1월 17일 08시,수요일,전라북도 전주시 덕진구 만성동,중상사고,0,1,0,0,차대차 - 측면충돌,불법유턴,젖음/습기,비,단일로 - 기타,화물,남,57세,상해없음,승용,여,37세,중상
2018011700100251,2018년 1월 17일 11시,수요일,전라북도 전주시 덕진구 덕진동2가,경상사고,0,0,2,0,차대차 - 측면충돌,안전운전불이행,건조,맑음,교차로 - 교차로안,화물,남,34세,상해없음,승용,남,61세,경상
2018011700100277,2018년 1월 17일 12시,수요일,전라북도 정읍시 수성동,중상사고,0,1,0,0,차대차 - 기타,안전운전불이행,건조,맑음,교차로 - 교차로안,자전거,여,64세,중상,승용,남,71세,상해없음
2018011700100340,2018년 1월 17일 14시,수요일,전라북도 정읍시 입암면,중상사고,0,1,0,0,차량단독 - 기타,안전운전불이행,건조,맑음,단일로 - 기타,이륜,남,60세,중상,,,,
2018011700100389,2018년 1월 17일 16시,수요일,전라북도 진안군 성수면,중상사고,0,1,1,0,차대차 - 측면충돌,직진우회전진행방해,건조,흐림,교차로 - 교차로안,승합,남,58세,경상,승용,남,44세,중상
2018011700100423,2018년 1월 17일 17시,수요일,전라북도 전주시 덕진구 동산동,경상사고,0,0,1,0,차대사람 - 횡단중,안전운전불이행,건조,맑음,교차로 - 교차로안,승용,남,43세,상해없음,보행자,여,56세,경상
2018011700100424,2018년 1월 17일 17시,수요일,전라북도 정읍시 연지동,경상사고,0,0,1,0,차대차 - 측면충돌,중앙선침범,건조,맑음,단일로 - 기타,화물,남,50세,상해없음,승용,남,34세,경상
2018011700100425,2018년 1월 17일 17시,수요일,전라북도 부안군 부안읍,경상사고,0,0,1,0,차대차 - 측면충돌,안전운전불이행,건조,맑음,단일로 - 기타,승용,남,64세,상해없음,원동기,남,18세,경상
2018011700100466,2018년 1월 17일 18시,수요일,전라북도 전주시 덕진구 송천동1가,경상사고,0,0,1,0,차대사람 - 기타,안전운전불이행,건조,맑음,단일로 - 기타,승용,여,50세,상해없음,보행자,남,48세,경상
2018011700100521,2018년 1월 17일 19시,수요일,전라북도 고창군 해리면,경상사고,0,0,1,0,차대차 - 추돌,중앙선침범,건조,맑음,단일로 - 기타,농기계,남,69세,상해없음,승용,남,30세,경상
2018011700100557,2018년 1월 17일 20시,수요일,전라북도 전주시 덕진구 덕진동2가,중상사고,0,1,0,0,차대사람 - 횡단중,안전운전불이행,건조,맑음,단일로 - 기타,승용,남,61세,상해없음,보행자,남,47세,중상
2018011700100593,2018년 1월 17일 21시,수요일,전라북도 군산시 수송동,경상사고,0,0,1,0,차대사람 - 기타,안전운전불이행,건조,맑음,교차로 - 교차로부근,승용,남,53세,상해없음,보행자,남,51세,경상
2018011700100594,2018년 1월 17일 21시,수요일,전라북도 익산시 신동,경상사고,0,0,1,0,차대차 - 추돌,안전운전불이행,건조,맑음,단일로 - 기타,승용,남,58세,상해없음,승용,남,36세,경상
2018011700100595,2018년 1월 17일 21시,수요일,전라북도 남원시 동충동,경상사고,0,0,4,0,차대차 - 기타,안전운전불이행,건조,맑음,기타 - 기타,승용,여,62세,상해없음,화물,남,69세,경상
2018011700100619,2018년 1월 17일 22시,수요일,전라북도 군산시 경암동,경상사고,0,0,1,0,차대차 - 기타,교차로운행방법위반,건조,맑음,교차로 - 교차로안,승용,남,64세,상해없음,원동기,남,23세,경상
2018011700100620,2018년 1월 17일 22시,수요일,전라북도 익산시 어양동,중상사고,0,1,0,0,차대차 - 측면충돌,안전운전불이행,건조,맑음,단일로 - 기타,승용,남,31세,상해없음,승용,남,36세,중상
2018011700100642,2018년 1월 17일 23시,수요일,전라북도 군산시 나운동,경상사고,0,0,4,0,차대차 - 기타,안전운전불이행,건조,맑음,단일로 - 기타,승용,여,46세,상해없음,승용,남,44세,상해없음
2018011800100080,2018년 1월 18일 06시,목요일,전라북도 군산시 나운동,경상사고,0,0,1,0,차대차 - 기타,신호위반,건조,맑음,교차로 - 교차로안,승용,남,44세,상해없음,승용,남,47세,경상
2018011800100081,2018년 1월 18일 06시,목요일,전라북도 진안군 진안읍,사망사고,1,0,0,0,차대사람 - 길가장자리구역통행중,안전운전불이행,젖음/습기,안개,단일로 - 기타,화물,남,57세,상해없음,보행자,남,76세,사망
2018011800100109,2018년 1월 18일 07시,목요일,전라북도 완주군 봉동읍,중상사고,0,1,2,0,차대차 - 정면충돌,중앙선침범,건조,맑음,단일로 - 기타,화물,남,63세,상해없음,승용,여,48세,경상
2018011800100139,2018년 1월 18일 08시,목요일,전라북도 군산시 장미동,경상사고,0,0,1,0,차대차 - 측면충돌,신호위반,건조,맑음,교차로 - 교차로안,화물,남,67세,상해없음,화물,남,71세,경상
2018011800100226,2018년 1월 18일 11시,목요일,전라북도 김제시 신풍동,경상사고,0,0,1,0,차대사람 - 횡단중,보행자보호의무위반,건조,맑음,교차로 - 교차로횡단보도내,승용,남,45세,상해없음,보행자,남,75세,경상
2018011800100267,2018년 1월 18일 13시,목요일,전라북도 정읍시 이평면,사망사고,1,0,1,0,차대차 - 정면충돌,중앙선침범,건조,맑음,교차로 - 교차로부근,화물,남,75세,사망,승합,남,58세,경상
2018011800100318,2018년 1월 18일 15시,목요일,전라북도 정읍시 수성동,중상사고,0,1,0,0,차대사람 - 횡단중,보행자보호의무위반,건조,맑음,교차로 - 교차로횡단보도내,승용,여,42세,상해없음,보행자,여,67세,중상
2018011800100344,2018년 1월 18일 16시,목요일,전라북도 군산시 회현면,경상사고,0,0,1,0,차량단독 - 기타,안전운전불이행,건조,맑음,단일로 - 기타,이륜,남,68세,경상,,,,
2018011800100410,2018년 1월 18일 18시,목요일,전라북도 익산시 남중동,사망사고,1,0,0,0,차대사람 - 횡단중,보행자보호의무위반,건조,맑음,교차로 - 교차로횡단보도내,승용,남,72세,기타불명,보행자,여,79세,사망
2018011800100411,2018년 1월 18일 18시,목요일,전라북도 군산시 성산면,경상사고,0,0,2,0,차대차 - 기타,안전운전불이행,건조,맑음,단일로 - 기타,승용,남,50세,상해없음,승용,남,45세,경상
2018011800100455,2018년 1월 18일 19시,목요일,전라북도 남원시 동충동,경상사고,0,0,1,0,차대차 - 측면충돌,안전운전불이행,건조,맑음,교차로 - 교차로안,승용,남,41세,상해없음,자전거,남,90세 이상,경상
2018011900100105,2018년 1월 19일 07시,금요일,전라북도 익산시 남중동,중상사고,0,1,0,0,차대사람 - 횡단중,신호위반,건조,맑음,교차로 - 교차로횡단보도내,승용,여,51세,상해없음,보행자,여,65세,중상
2018011900100124,2018년 1월 19일 08시,금요일,전라북도 전주시 덕진구 인후동2가,경상사고,0,0,1,0,차대차 - 기타,직진우회전진행방해,건조,맑음,교차로 - 교차로안,승용,남,69세,상해없음,화물,남,49세,경상
2018011900100247,2018년 1월 19일 13시,금요일,전라북도 전주시 완산구 중화산동2가,경상사고,0,0,2,0,차대차 - 측면충돌,안전거리미확보,건조,맑음,교차로 - 교차로부근,승용,여,44세,상해없음,승용,남,62세,경상
2018011900100248,2018년 1월 19일 13시,금요일,전라북도 익산시 남중동,경상사고,0,0,1,0,차대차 - 측면충돌,안전운전불이행,건조,맑음,단일로 - 기타,승용,남,69세,상해없음,이륜,남,54세,상해없음
2018011900100314,2018년 1월 19일 15시,금요일,전라북도 전주시 덕진구 송천동2가,경상사고,0,0,1,0,차대차 - 측면충돌,불법유턴,건조,맑음,단일로 - 기타,승용,남,56세,상해없음,승용,남,36세,경상
2018011900100315,2018년 1월 19일 15시,금요일,전라북도 부안군 주산면,중상사고,0,1,0,0,차량단독 - 기타,안전운전불이행,건조,맑음,단일로 - 기타,승합,남,50세,상해없음,,,,
2018011900100344,2018년 1월 19일 16시,금요일,전라북도 전주시 덕진구 전미동1가,경상사고,0,0,3,0,차대차 - 기타,신호위반,건조,맑음,교차로 - 교차로안,승용,남,39세,상해없음,승용,남,45세,경상
2018011900100434,2018년 1월 19일 18시,금요일,전라북도 전주시 완산구 평화동1가,중상사고,0,1,0,0,차대사람 - 횡단중,안전운전불이행,건조,맑음,기타 - 기타,승용,여,28세,상해없음,보행자,여,54세,중상
2018011900100435,2018년 1월 19일 18시,금요일,전라북도 전주시 덕진구 성덕동,경상사고,0,0,3,0,차대차 - 추돌,안전운전불이행,건조,맑음,단일로 - 기타,화물,남,53세,상해없음,승용,남,30세,경상
2018011900100436,2018년 1월 19일 18시,금요일,전라북도 군산시 미장동,경상사고,0,0,1,0,차대차 - 기타,중앙선침범,건조,맑음,단일로 - 기타,승용,여,47세,상해없음,승용,여,27세,경상
2018011900100437,2018년 1월 19일 18시,금요일,전라북도 완주군 용진읍,부상신고사고,0,0,0,1,차대사람 - 길가장자리구역통행중,안전운전불이행,건조,맑음,단일로 - 교량,기타불명,기타불명,미분류,기타불명,보행자,남,68세,부상신고
2018011900100477,2018년 1월 19일 19시,금요일,전라북도 전주시 덕진구 금암동,경상사고,0,0,1,0,차대차 - 추돌,안전운전불이행,건조,맑음,교차로 - 교차로안,승용,남,57세,상해없음,승용,남,22세,경상
2018011900100478,2018년 1월 19일 19시,금요일,전라북도 정읍시 농소동,중상사고,0,1,0,0,차대사람 - 횡단중,안전운전불이행,건조,맑음,교차로 - 교차로횡단보도내,화물,남,41세,상해없음,보행자,여,42세,중상
2018011900100527,2018년 1월 19일 20시,금요일,전라북도 무주군 설천면,사망사고,1,0,0,0,차대사람 - 횡단중,과속,건조,맑음,단일로 - 지하차도(도로)내,승용,남,46세,상해없음,보행자,남,67세,사망
2018011900100604,2018년 1월 19일 23시,금요일,전라북도 군산시 오식도동,경상사고,0,0,2,0,차대차 - 측면충돌,신호위반,건조,흐림,교차로 - 교차로안,승용,남,39세,상해없음,승용,여,46세,경상
2018012000100114,2018년 1월 20일 06시,토요일,전라북도 전주시 덕진구 송천동2가,중상사고,0,1,0,0,차대사람 - 차도통행중,중앙선침범,건조,맑음,단일로 - 기타,승용,여,52세,상해없음,보행자,여,53세,중상
2018012000100115,2018년 1월 20일 06시,토요일,전라북도 김제시 요촌동,경상사고,0,0,1,0,차대사람 - 기타,안전운전불이행,건조,맑음,단일로 - 기타,승합,여,52세,상해없음,보행자,남,59세,경상
2018012000100133,2018년 1월 20일 07시,토요일,전라북도 전주시 완산구 중화산동2가,경상사고,0,0,3,0,차대차 - 측면충돌,신호위반,건조,맑음,교차로 - 교차로안,승용,남,37세,상해없음,승용,여,39세,경상
2018012000100134,2018년 1월 20일 07시,토요일,전라북도 정읍시 수성동,경상사고,0,0,1,0,차대차 - 측면충돌,신호위반,건조,맑음,교차로 - 교차로안,승용,남,65세,상해없음,화물,남,65세,경상
2018012000100135,2018년 1월 20일 07시,토요일,전라북도 김제시 서암동,중상사고,0,1,0,0,차대차 - 추돌,안전운전불이행,건조,맑음,교차로 - 교차로안,승용,남,33세,상해없음,화물,여,50세,중상
2018012000100148,2018년 1월 20일 08시,토요일,전라북도 전주시 완산구 다가동3가,경상사고,0,0,1,0,차대차 - 기타,신호위반,건조,맑음,교차로 - 교차로안,승용,여,57세,상해없음,승용,남,25세,경상
2018012000100165,2018년 1월 20일 09시,토요일,전라북도 전주시 덕진구 산정동,경상사고,0,0,5,0,차대차 - 측면충돌,안전거리미확보,건조,맑음,단일로 - 기타,승용,여,43세,경상,승용,남,37세,경상
2018012000100166,2018년 1월 20일 09시,토요일,전라북도 전주시 덕진구 여의동,중상사고,0,1,0,0,차대차 - 측면충돌,안전거리미확보,건조,맑음,교차로 - 교차로부근,승용,남,82세,상해없음,승용,여,31세,중상
2018012000100167,2018년 1월 20일 09시,토요일,전라북도 전주시 덕진구 용정동,경상사고,0,0,1,0,차대차 - 측면충돌,안전운전불이행,건조,맑음,교차로 - 교차로부근,승용,여,39세,상해없음,화물,남,28세,경상
2018012000100188,2018년 1월 20일 10시,토요일,전라북도 정읍시 수성동,경상사고,0,0,1,0,차대차 - 측면충돌,안전운전불이행,건조,맑음,단일로 - 기타,승용,여,58세,상해없음,자전거,남,70세,경상
2018012000100189,2018년 1월 20일 10시,토요일,전라북도 완주군 봉동읍,중상사고,0,2,0,0,차대차 - 정면충돌,신호위반,건조,맑음,교차로 - 교차로안,화물,남,42세,상해없음,승용,남,46세,중상
2018012000100190,2018년 1월 20일 10시,토요일,전라북도 완주군 삼례읍,중상사고,0,1,0,0,차대차 - 측면충돌,기타,건조,맑음,교차로 - 교차로안,승용,남,28세,상해없음,화물,남,71세,중상
2018012000100226,2018년 1월 20일 12시,토요일,전라북도 정읍시 하북동,중상사고,0,1,1,0,차대차 - 측면충돌,직진우회전진행방해,건조,맑음,교차로 - 교차로안,승용,남,18세,상해없음,승용,남,66세,중상
2018012000100227,2018년 1월 20일 12시,토요일,전라북도 김제시 진봉면,중상사고,0,1,4,0,차대차 - 측면충돌,불법유턴,건조,맑음,교차로 - 교차로안,화물,남,49세,상해없음,승용,여,55세,경상
2018012000100228,2018년 1월 20일 12시,토요일,전라북도 임실군 관촌면,경상사고,0,0,2,0,차대차 - 측면충돌,교차로운행방법위반,건조,맑음,교차로 - 교차로안,화물,남,66세,상해없음,승용,여,42세,경상
2018012000100251,2018년 1월 20일 13시,토요일,전라북도 완주군 삼례읍,중상사고,0,1,1,0,차대차 - 측면충돌,신호위반,건조,맑음,교차로 - 교차로안,승용,남,33세,경상,승용,남,52세,중상
2018012000100308,2018년 1월 20일 15시,토요일,전라북도 정읍시 산외면,경상사고,0,0,2,0,차대차 - 측면충돌,안전운전불이행,건조,맑음,교차로 - 교차로부근,승용,남,74세,상해없음,승용,남,73세,상해없음
2018012000100309,2018년 1월 20일 15시,토요일,전라북도 부안군 동진면,경상사고,0,0,4,0,차대차 - 측면충돌,신호위반,건조,맑음,교차로 - 교차로안,승용,남,45세,경상,승용,남,38세,경상
2018012000100335,2018년 1월 20일 16시,토요일,전라북도 정읍시 시기동,경상사고,0,0,1,0,차대사람 - 길가장자리구역통행중,안전운전불이행,건조,맑음,단일로 - 기타,화물,남,77세,상해없음,보행자,남,65세,경상
2018012000100366,2018년 1월 20일 17시,토요일,전라북도 익산시 춘포면,경상사고,0,0,1,0,차량단독 - 전도전복 - 전도,안전운전불이행,건조,맑음,단일로 - 기타,이륜,남,40세,경상,미분류,미분류,미분류,미분류
2018012000100399,2018년 1월 20일 18시,토요일,전라북도 전주시 덕진구 인후동1가,중상사고,0,1,0,0,차대사람 - 차도통행중,안전운전불이행,건조,맑음,단일로 - 기타,승용,남,34세,상해없음,보행자,여,80세,중상
2018012000100400,2018년 1월 20일 18시,토요일,전라북도 정읍시 수성동,중상사고,0,1,0,0,차대사람 - 기타,안전운전불이행,건조,맑음,단일로 - 기타,이륜,남,27세,상해없음,보행자,여,46세,중상
2018012000100438,2018년 1월 20일 19시,토요일,전라북도 부안군 부안읍,사망사고,1,0,0,0,차대사람 - 기타,안전운전불이행,건조,맑음,주차장 - 주차장,승용,남,50세,상해없음,보행자,여,64세,사망
2018012000100498,2018년 1월 20일 21시,토요일,전라북도 군산시 지곡동,경상사고,0,0,1,0,차대사람 - 차도통행중,안전운전불이행,건조,맑음,단일로 - 지하차도(도로)내,승용,남,59세,상해없음,보행자,남,29세,경상
2018012000100499,2018년 1월 20일 21시,토요일,전라북도 김제시 용동,경상사고,0,0,2,0,차대차 - 측면충돌,중앙선침범,건조,맑음,단일로 - 고가도로위,화물,남,19세,기타불명,승용,남,49세,경상
2018012000100500,2018년 1월 20일 21시,토요일,전라북도 무주군 무주읍,중상사고,0,1,0,0,차대사람 - 횡단중,보행자보호의무위반,건조,맑음,교차로 - 교차로횡단보도내,승용,여,58세,상해없음,보행자,남,29세,중상
2018012100100029,2018년 1월 21일 01시,일요일,전라북도 전주시 완산구 중화산동2가,중상사고,0,2,1,0,차대차 - 정면충돌,중앙선침범,건조,맑음,단일로 - 기타,승용,남,27세,상해없음,승용,남,62세,중상
2018012100100030,2018년 1월 21일 01시,일요일,전라북도 무주군 적상면,중상사고,0,1,0,0,차량단독 - 전도전복 - 전복,안전운전불이행,건조,맑음,단일로 - 기타,승용,여,62세,중상,미분류,미분류,미분류,미분류
2018012100100050,2018년 1월 21일 02시,일요일,전라북도 전주시 덕진구 금암동,경상사고,0,0,1,0,차대차 - 추돌,안전운전불이행,건조,맑음,교차로 - 교차로부근,승용,남,28세,상해없음,승용,남,50세,경상
2018012100100062,2018년 1월 21일 04시,일요일,전라북도 전주시 완산구 효자동3가,경상사고,0,0,1,0,차대차 - 추돌,안전운전불이행,건조,맑음,교차로 - 교차로부근,승용,남,27세,상해없음,승용,남,28세,경상
2018012100100063,2018년 1월 21일 04시,일요일,전라북도 임실군 오수면,경상사고,0,0,1,0,차대차 - 측면충돌,안전운전불이행,젖음/습기,안개,기타 - 기타,승용,남,63세,상해없음,이륜,남,18세,경상
2018012100100078,2018년 1월 21일 05시,일요일,전라북도 남원시 광치동,중상사고,0,1,0,0,차량단독 - 전도전복 - 전도,안전운전불이행,건조,맑음,단일로 - 기타,승용,남,39세,중상,미분류,미분류,미분류,미분류
2018012100100130,2018년 1월 21일 09시,일요일,전라북도 익산시 망성면,경상사고,0,0,1,0,차대차 - 측면충돌,신호위반,젖음/습기,안개,교차로 - 교차로안,승용,남,51세,상해없음,화물,남,62세,경상
2018012100100131,2018년 1월 21일 09시,일요일,전라북도 무주군 안성면,중상사고,0,1,0,0,차대사람 - 차도통행중,안전운전불이행,건조,맑음,단일로 - 지하차도(도로)내,화물,남,44세,상해없음,보행자,여,80세,중상
2018012100100145,2018년 1월 21일 10시,일요일,전라북도 전주시 완산구 중화산동2가,경상사고,0,0,1,0,차대차 - 기타,안전운전불이행,건조,맑음,교차로 - 교차로부근,승용,남,23세,상해없음,자전거,남,53세,경상
2018012100100170,2018년 1월 21일 12시,일요일,전라북도 무주군 설천면,경상사고,0,0,1,0,차대차 - 측면충돌,안전운전불이행,건조,맑음,단일로 - 지하차도(도로)내,화물,남,20세,상해없음,승용,여,43세,경상
2018012100100194,2018년 1월 21일 13시,일요일,전라북도 전주시 완산구 전동,중상사고,0,1,0,0,차대사람 - 횡단중,보행자보호의무위반,건조,맑음,교차로 - 교차로횡단보도내,승용,남,64세,상해없음,보행자,남,55세,중상
2018012100100195,2018년 1월 21일 13시,일요일,전라북도 정읍시 농소동,경상사고,0,0,2,0,차대차 - 추돌,안전운전불이행,건조,맑음,단일로 - 교량,승용,여,61세,상해없음,승용,남,24세,경상
2018012100100219,2018년 1월 21일 14시,일요일,전라북도 전주시 덕진구 금암동,중상사고,0,1,0,0,차대차 - 측면충돌,안전운전불이행,건조,맑음,교차로 - 교차로안,승합,남,36세,상해없음,이륜,남,19세,중상
2018012100100320,2018년 1월 21일 19시,일요일,전라북도 전주시 완산구 효자동2가,중상사고,0,1,0,0,차대차 - 기타,신호위반,건조,맑음,교차로 - 교차로안,이륜,남,55세,상해없음,이륜,남,20세,중상