사고번호,사고일시,요일,시군구,사고내용,사망자수,중상자수,경상자수,부상신고자수,사고유형,법규위반,노면상태,기상상태,도로형태,가해운전자 차종,가해운전자 성별,가해운전자 연령,가해운전자 상해정도,피해운전자 차종,피해운전자 성별,피해운전자 연령,피해운전자 상해정도
2018020400100503,2018년 2월 4일 22시,일요일,전라북도 익산시 신동,경상사고,0,0,4,0,차대차 - 측면충돌,안전운전불이행,건조,맑음,단일로 - 기타,승용,남,23세,상해없음,승용,남,35세,경상
2018020500100016,2018년 2월 5일 00시,월요일,전라북도 전주시 덕진구 금암동,경상사고,0,0,1,0,차대차 - 측면충돌,안전거리미확보,건조,맑음,단일로 - 기타,승용,남,61세,상해없음,이륜,남,16세,경상
2018020500100035,2018년 2월 5일 02시,월요일,전라북도 전주시 완산구 서신동,중상사고,0,2,2,0,차대차 - 기타,신호위반,건조,맑음,교차로 - 교차로안,승용,남,43세,상해없음,승용,남,19세,중상
2018020500100067,2018년 2월 5일 06시,월요일,전라북도 전주시 덕진구 우아동3가,경상사고,0,0,1,0,차대차 - 측면충돌,신호위반,건조,맑음,교차로 - 교차로안,승합,남,39세,상해없음,승용,남,32세,경상
2018020500100090,2018년 2월 5일 07시,월요일,전라북도 군산시 미장동,중상사고,0,1,0,0,차대차 - 기타,안전운전불이행,건조,맑음,단일로 - 기타,승용,남,65세,상해없음,자전거,여,75세,중상
2018020500100181,2018년 2월 5일 09시,월요일,전라북도 익산시 목천동,경상사고,0,0,2,0,차대차 - 추돌,안전운전불이행,건조,맑음,단일로 - 기타,승용,남,24세,상해없음,승용,남,70세,경상
2018020500100256,2018년 2월 5일 11시,월요일,전라북도 부안군 부안읍,경상사고,0,0,1,0,차대사람 - 기타,안전운전불이행,젖음/습기,흐림,주차장 - 주차장,승용,여,60세,상해없음,보행자,남,49세,경상
2018020500100352,2018년 2월 5일 14시,월요일,전라북도 김제시 요촌동,경상사고,0,0,1,0,차대사람 - 길가장자리구역통행중,안전운전불이행,건조,맑음,단일로 - 기타,승용,여,24세,상해없음,보행자,여,55세,경상
2018020500100387,2018년 2월 5일 15시,월요일,전라북도 익산시 황등면,경상사고,0,0,1,0,차대차 - 측면충돌,중앙선침범,건조,맑음,단일로 - 기타,화물,남,68세,상해없음,승용,여,55세,경상
2018020500100454,2018년 2월 5일 17시,월요일,전라북도 전주시 덕진구 용정동,경상사고,0,0,1,0,차대차 - 추돌,안전거리미확보,건조,맑음,단일로 - 기타,화물,남,51세,상해없음,승용,남,53세,상해없음
2018020500100455,2018년 2월 5일 17시,월요일,전라북도 군산시 구암동,경상사고,0,0,1,0,차대사람 - 차도통행중,안전운전불이행,건조,맑음,단일로 - 지하차도(도로)내,승용,여,43세,상해없음,보행자,남,46세,경상
2018020500100496,2018년 2월 5일 18시,월요일,전라북도 익산시 목천동,경상사고,0,0,2,0,차대차 - 측면충돌,신호위반,건조,맑음,교차로 - 교차로안,승용,남,56세,상해없음,승용,남,62세,경상
2018020500100562,2018년 2월 5일 20시,월요일,전라북도 익산시 인화동1가,경상사고,0,0,2,0,차대차 - 측면충돌,직진우회전진행방해,건조,맑음,교차로 - 교차로안,승용,남,28세,경상,승용,남,46세,경상
2018020500100563,2018년 2월 5일 20시,월요일,전라북도 부안군 부안읍,경상사고,0,0,1,0,차대차 - 측면충돌,안전운전불이행,젖음/습기,흐림,교차로 - 교차로부근,승용,남,23세,상해없음,이륜,남,22세,경상
2018020600100095,2018년 2월 6일 07시,화요일,전라북도 군산시 수송동,경상사고,0,0,1,0,차대차 - 측면충돌,신호위반,건조,맑음,교차로 - 교차로안,승용,남,52세,상해없음,승용,남,70세,경상
2018020600100272,2018년 2월 6일 12시,화요일,전라북도 부안군 부안읍,경상사고,0,0,1,0,차대사람 - 횡단중,보행자보호의무위반,건조,맑음,단일로 - 기타,승용,남,73세,상해없음,보행자,남,64세,경상
2018020600100273,2018년 2월 6일 12시,화요일,전라북도 장수군 장수읍,경상사고,0,0,2,0,차대차 - 측면충돌,신호위반,건조,맑음,교차로 - 교차로안,승용,여,57세,상해없음,승용,남,61세,경상
2018020600100304,2018년 2월 6일 13시,화요일,전라북도 정읍시 장명동,경상사고,0,0,1,0,차대사람 - 횡단중,보행자보호의무위반,건조,맑음,교차로 - 교차로안,승용,남,58세,상해없음,보행자,남,10세,경상
2018020600100342,2018년 2월 6일 14시,화요일,전라북도 김제시 금구면,경상사고,0,0,1,0,차대차 - 추돌,안전운전불이행,건조,맑음,단일로 - 기타,화물,남,33세,상해없음,화물,남,41세,경상
2018020600100343,2018년 2월 6일 14시,화요일,전라북도 완주군 봉동읍,중상사고,0,1,0,0,차량단독 - 공작물충돌,안전운전불이행,건조,맑음,교차로 - 교차로부근,화물,남,28세,상해없음,,,,
2018020600100402,2018년 2월 6일 16시,화요일,전라북도 김제시 금산면,중상사고,0,1,0,0,차량단독 - 도로외이탈 - 기타,안전운전불이행,건조,맑음,단일로 - 기타,화물,남,53세,상해없음,,,,
2018020600100557,2018년 2월 6일 20시,화요일,전라북도 정읍시 북면,경상사고,0,0,3,0,차대차 - 측면충돌,안전운전불이행,적설,눈,단일로 - 기타,승용,남,64세,경상,승용,여,52세,경상
2018020600100583,2018년 2월 6일 21시,화요일,전라북도 김제시 금구면,경상사고,0,0,1,0,차대사람 - 길가장자리구역통행중,안전운전불이행,건조,맑음,단일로 - 기타,승용,남,39세,상해없음,보행자,남,76세,경상
2018020600100616,2018년 2월 6일 22시,화요일,전라북도 전주시 완산구 중화산동1가,중상사고,0,1,0,0,차대사람 - 횡단중,보행자보호의무위반,건조,맑음,단일로 - 기타,승용,남,69세,상해없음,보행자,남,21세,중상
2018020600100617,2018년 2월 6일 22시,화요일,전라북도 김제시 신풍동,경상사고,0,0,3,0,차대차 - 측면충돌,안전운전불이행,서리/결빙,눈,교차로 - 교차로안,승용,여,39세,상해없음,승용,남,47세,경상
2018020700100025,2018년 2월 7일 01시,수요일,전라북도 전주시 완산구 효자동1가,경상사고,0,0,2,0,차대차 - 측면충돌,안전거리미확보,건조,맑음,교차로 - 교차로안,승용,여,60세,상해없음,승용,남,31세,경상
2018020700100026,2018년 2월 7일 01시,수요일,전라북도 전주시 덕진구 송천동2가,경상사고,0,0,1,0,차대차 - 기타,신호위반,건조,기타,교차로 - 교차로안,기타불명,기타불명,미분류,기타불명,승용,남,52세,상해없음
2018020700100042,2018년 2월 7일 03시,수요일,전라북도 김제시 검산동,경상사고,0,0,1,0,차대차 - 측면충돌,신호위반,서리/결빙,맑음,교차로 - 교차로안,승용,남,57세,상해없음,승용,남,46세,경상
2018020700100053,2018년 2월 7일 04시,수요일,전라북도 전주시 덕진구 송천동1가,경상사고,0,0,1,0,차대차 - 측면충돌,차로위반,건조,맑음,단일로 - 기타,승용,남,35세,상해없음,승용,남,25세,경상
2018020700100151,2018년 2월 7일 08시,수요일,전라북도 전주시 덕진구 팔복동2가,경상사고,0,0,1,0,차대사람 - 기타,안전운전불이행,건조,맑음,교차로 - 교차로안,승용,여,32세,상해없음,보행자,여,46세,경상
2018020700100152,2018년 2월 7일 08시,수요일,전라북도 군산시 나운동,중상사고,0,1,0,0,차대사람 - 횡단중,보행자보호의무위반,건조,맑음,교차로 - 교차로횡단보도내,승용,여,38세,상해없음,보행자,여,19세,중상
2018020700100153,2018년 2월 7일 08시,수요일,전라북도 완주군 봉동읍,중상사고,0,2,3,0,차대차 - 기타,교차로운행방법위반,건조,맑음,교차로 - 교차로안,승용,여,29세,상해없음,승용,여,45세,경상
2018020700100193,2018년 2월 7일 09시,수요일,전라북도 김제시 금구면,사망사고,1,0,6,0,차대차 - 추돌,안전운전불이행,건조,흐림,단일로 - 기타,승용,여,53세,사망,승용,남,57세,경상
2018020700100216,2018년 2월 7일 10시,수요일,전라북도 익산시 금강동,경상사고,0,0,1,0,차대차 - 측면충돌,신호위반,건조,맑음,교차로 - 교차로안,화물,여,38세,상해없음,승용,여,60세,경상
2018020700100338,2018년 2월 7일 14시,수요일,전라북도 김제시 신풍동,경상사고,0,0,1,0,차대차 - 추돌,안전운전불이행,건조,맑음,교차로 - 교차로안,승용,여,50세,상해없음,승용,여,33세,경상
2018020700100371,2018년 2월 7일 15시,수요일,전라북도 전주시 완산구 효자동1가,중상사고,0,1,0,0,차량단독 - 기타,기타,건조,맑음,단일로 - 기타,승합,남,45세,기타불명,,,,
2018020700100372,2018년 2월 7일 15시,수요일,전라북도 정읍시 상동,경상사고,0,0,1,0,차대차 - 추돌,안전운전불이행,젖음/습기,맑음,교차로 - 교차로부근,승용,여,36세,상해없음,승용,여,52세,경상
2018020700100408,2018년 2월 7일 16시,수요일,전라북도 전주시 완산구 다가동4가,경상사고,0,0,1,0,차대차 - 측면충돌,안전운전불이행,건조,맑음,단일로 - 기타,승용,여,64세,상해없음,승용,남,25세,경상
2018020700100409,2018년 2월 7일 16시,수요일,전라북도 전주시 덕진구 덕진동1가,경상사고,0,0,2,0,차대차 - 추돌,안전운전불이행,건조,맑음,단일로 - 기타,승용,남,34세,상해없음,승용,남,51세,경상
2018020700100410,2018년 2월 7일 16시,수요일,전라북도 정읍시 고부면,경상사고,0,0,4,0,차대차 - 측면충돌,안전운전불이행,적설,맑음,단일로 - 기타,화물,남,35세,상해없음,승용,남,30세,경상
2018020700100411,2018년 2월 7일 16시,수요일,전라북도 고창군 고창읍,경상사고,0,0,1,0,차대차 - 측면충돌,신호위반,건조,맑음,교차로 - 교차로안,승용,남,71세,상해없음,승용,남,67세,경상
2018020700100504,2018년 2월 7일 18시,수요일,전라북도 전주시 덕진구 인후동1가,중상사고,0,1,0,0,차대차 - 측면충돌,직진우회전진행방해,건조,맑음,교차로 - 교차로안,승용,남,52세,상해없음,이륜,남,16세,중상
2018020700100505,2018년 2월 7일 18시,수요일,전라북도 김제시 신풍동,중상사고,0,1,0,0,차대차 - 측면충돌,교차로운행방법위반,건조,맑음,교차로 - 교차로안,화물,남,59세,상해없음,승용,여,47세,중상
2018020700100554,2018년 2월 7일 19시,수요일,전라북도 전주시 덕진구 금암동,경상사고,0,0,1,0,차대사람 - 횡단중,보행자보호의무위반,건조,맑음,단일로 - 기타,승용,남,60세,상해없음,보행자,여,67세,경상
2018020700100555,2018년 2월 7일 19시,수요일,전라북도 남원시 하정동,경상사고,0,0,1,0,차대차 - 측면충돌,안전운전불이행,건조,맑음,단일로 - 기타,승용,남,56세,기타불명,자전거,남,12세,경상
2018020700100602,2018년 2월 7일 20시,수요일,전라북도 전주시 완산구 효자동2가,경상사고,0,0,1,0,차대차 - 측면충돌,중앙선침범,건조,맑음,단일로 - 기타,승용,남,43세,상해없음,승용,남,37세,경상
2018020800100029,2018년 2월 8일 01시,목요일,전라북도 전주시 완산구 효자동3가,경상사고,0,0,2,0,차대차 - 기타,교차로운행방법위반,건조,맑음,교차로 - 교차로안,승용,남,60세,경상,승용,남,25세,경상
2018020800100066,2018년 2월 8일 05시,목요일,전라북도 전주시 완산구 중화산동2가,중상사고,0,1,1,0,차대차 - 측면충돌,신호위반,건조,맑음,교차로 - 교차로안,승용,남,25세,경상,승용,남,41세,중상
2018020800100067,2018년 2월 8일 05시,목요일,전라북도 전주시 덕진구 금암동,중상사고,0,1,0,0,차대차 - 추돌,안전운전불이행,건조,맑음,단일로 - 기타,화물,남,33세,중상,화물,남,43세,상해없음
2018020800100068,2018년 2월 8일 05시,목요일,전라북도 전주시 덕진구 금암동,중상사고,0,1,2,0,차대차 - 기타,안전운전불이행,건조,맑음,교차로 - 교차로횡단보도내,화물,남,32세,중상,자전거,남,32세,경상
2018020800100069,2018년 2월 8일 05시,목요일,전라북도 익산시 영등동,중상사고,0,2,0,0,차대차 - 측면충돌,신호위반,건조,맑음,교차로 - 교차로안,승용,남,32세,상해없음,자전거,남,76세,중상
2018020800100110,2018년 2월 8일 07시,목요일,전라북도 군산시 대명동,경상사고,0,0,1,0,차대사람 - 기타,안전운전불이행,건조,맑음,주차장 - 주차장,화물,남,65세,상해없음,보행자,여,88세,경상
2018020800100145,2018년 2월 8일 08시,목요일,전라북도 군산시 대명동,중상사고,0,1,0,0,차량단독 - 기타,안전운전불이행,건조,맑음,단일로 - 기타,승용,남,65세,상해없음,,,,
2018020800100146,2018년 2월 8일 08시,목요일,전라북도 익산시 함열읍,경상사고,0,0,1,0,차대사람 - 횡단중,보행자보호의무위반,건조,맑음,교차로 - 교차로횡단보도내,승용,여,63세,상해없음,보행자,남,13세,경상
2018020800100147,2018년 2월 8일 08시,목요일,전라북도 익산시 신동,중상사고,0,1,0,0,차대사람 - 길가장자리구역통행중,안전운전불이행,건조,맑음,단일로 - 기타,승용,남,67세,상해없음,보행자,여,23세,중상
2018020800100235,2018년 2월 8일 10시,목요일,전라북도 김제시 연정동,중상사고,0,2,0,0,차대차 - 측면충돌,신호위반,건조,맑음,교차로 - 교차로부근,승용,남,32세,상해없음,이륜,남,74세,중상
2018020800100266,2018년 2월 8일 11시,목요일,전라북도 전주시 덕진구 우아동3가,중상사고,0,1,0,0,차대차 - 측면충돌,직진우회전진행방해,건조,맑음,교차로 - 교차로안,승합,남,59세,상해없음,승용,남,76세,중상
2018020800100300,2018년 2월 8일 12시,목요일,전라북도 군산시 나운동,중상사고,0,1,0,0,차대사람 - 기타,안전운전불이행,서리/결빙,맑음,단일로 - 기타,개인형이동수단(PM),남,34세,기타불명,보행자,남,11세,중상
2018020800100301,2018년 2월 8일 12시,목요일,전라북도 남원시 동충동,중상사고,0,1,0,0,차대차 - 정면충돌,안전운전불이행,건조,맑음,단일로 - 기타,승용,남,23세,상해없음,자전거,여,62세,중상
2018020800100303,2018년 2월 8일 12시,목요일,전라북도 익산시 왕궁면,사망사고,1,0,0,0,차량단독 - 공작물충돌,안전운전불이행,건조,맑음,단일로 - 기타,화물,남,65세,사망,,,,
2018020800100333,2018년 2월 8일 13시,목요일,전라북도 전주시 덕진구 덕진동2가,경상사고,0,0,3,0,차대차 - 측면충돌,직진우회전진행방해,건조,맑음,교차로 - 교차로부근,승용,여,54세,상해없음,승용,여,39세,경상
2018020800100366,2018년 2월 8일 14시,목요일,전라북도 전주시 덕진구 여의동,경상사고,0,0,1,0,차대차 - 측면충돌,직진우회전진행방해,건조,맑음,교차로 - 교차로안,승합,남,23세,상해없음,건설기계,남,42세,경상
2018020800100367,2018년 2월 8일 14시,목요일,전라북도 익산시 영등동,경상사고,0,0,1,0,차대차 - 후진중충돌,안전운전불이행,건조,맑음,기타 - 기타,화물,남,64세,상해없음,이륜,남,46세,경상
2018020800100410,2018년 2월 8일 15시,목요일,전라북도 군산시 산북동,경상사고,0,0,4,0,차대차 - 기타,안전운전불이행,건조,맑음,단일로 - 기타,화물,남,42세,상해없음,화물,남,31세,경상
2018020800100461,2018년 2월 8일 16시,목요일,전라북도 군산시 오식도동,경상사고,0,0,3,0,차대차 - 기타,직진우회전진행방해,건조,맑음,교차로 - 교차로안,승용,남,56세,경상,승용,남,39세,경상
2018020800100462,2018년 2월 8일 16시,목요일,전라북도 군산시 경암동,부상신고사고,0,0,0,1,차대차 - 기타,안전운전불이행,건조,맑음,단일로 - 기타,자전거,남,67세,부상신고,이륜,남,55세,상해없음
2018020800100463,2018년 2월 8일 16시,목요일,전라북도 군산시 나운동,경상사고,0,0,1,0,차대차 - 기타,안전운전불이행,건조,맑음,교차로 - 교차로부근,승용,남,52세,상해없음,승용,남,71세,경상
2018020800100464,2018년 2월 8일 16시,목요일,전라북도 정읍시 소성면,중상사고,0,1,0,0,차대차 - 측면충돌,신호위반,건조,맑음,교차로 - 교차로안,승용,여,56세,상해없음,승합,남,61세,중상
2018020800100535,2018년 2월 8일 18시,목요일,전라북도 익산시 마동,중상사고,0,1,0,0,차대차 - 기타,중앙선침범,건조,맑음,단일로 - 기타,승용,남,68세,상해없음,이륜,남,55세,중상
2018020800100536,2018년 2월 8일 18시,목요일,전라북도 김제시 신풍동,중상사고,0,1,0,0,차대사람 - 횡단중,안전운전불이행,건조,맑음,단일로 - 기타,승용,여,41세,상해없음,보행자,여,66세,중상
2018020800100589,2018년 2월 8일 19시,목요일,전라북도 전주시 완산구 원당동,중상사고,0,1,0,0,차대사람 - 횡단중,신호위반,건조,맑음,교차로 - 교차로부근,승용,남,29세,상해없음,보행자,남,46세,중상
2018020800100626,2018년 2월 8일 20시,목요일,전라북도 익산시 부송동,경상사고,0,0,1,0,차대사람 - 차도통행중,안전운전불이행,건조,맑음,단일로 - 기타,승합,남,35세,상해없음,보행자,남,74세,경상
2018020800100701,2018년 2월 8일 22시,목요일,전라북도 군산시 수송동,경상사고,0,0,2,0,차대차 - 측면충돌,신호위반,건조,맑음,교차로 - 교차로안,승용,남,51세,상해없음,승용,남,23세,경상
2018020900100019,2018년 2월 9일 00시,금요일,전라북도 전주시 덕진구 덕진동1가,경상사고,0,0,3,0,차대차 - 측면충돌,직진우회전진행방해,건조,맑음,교차로 - 교차로안,승용,남,57세,상해없음,승용,남,44세,경상
2018020900100081,2018년 2월 9일 06시,금요일,전라북도 정읍시 용계동,경상사고,0,0,1,0,차대차 - 측면충돌,안전운전불이행,건조,맑음,단일로 - 기타,화물,남,48세,상해없음,승용,여,59세,경상
2018020900100082,2018년 2월 9일 06시,금요일,전라북도 김제시 황산동,중상사고,0,1,0,0,차량단독 - 기타,안전운전불이행,건조,맑음,단일로 - 기타,이륜,남,68세,중상,,,,
2018020900100099,2018년 2월 9일 07시,금요일,전라북도 전주시 완산구 중인동,경상사고,0,0,1,0,차대차 - 기타,안전거리미확보,건조,맑음,기타 - 기타,승용,남,53세,상해없음,건설기계,남,59세,경상
2018020900100174,2018년 2월 9일 09시,금요일,전라북도 군산시 지곡동,경상사고,0,0,1,0,차대차 - 측면충돌,교차로운행방법위반,건조,맑음,교차로 - 교차로안,승용,여,39세,상해없음,승용,여,39세,경상
2018020900100212,2018년 2월 9일 10시,금요일,전라북도 정읍시 연지동,경상사고,0,0,3,0,차대차 - 추돌,안전운전불이행,건조,맑음,교차로 - 교차로부근,승합,남,62세,상해없음,승용,남,61세,경상
2018020900100286,2018년 2월 9일 12시,금요일,전라북도 전주시 완산구 효자동3가,경상사고,0,0,2,0,차대차 - 기타,신호위반,건조,맑음,교차로 - 교차로안,승용,여,46세,상해없음,승용,남,62세,경상
2018020900100388,2018년 2월 9일 15시,금요일,전라북도 남원시 산동면,사망사고,1,0,0,0,차대차 - 기타,안전운전불이행,건조,맑음,단일로 - 기타,사륜오토바이(ATV),남,77세,사망,화물,남,31세,기타불명
2018020900100424,2018년 2월 9일 16시,금요일,전라북도 군산시 나운동,경상사고,0,0,1,0,차대사람 - 기타,안전운전불이행,건조,맑음,단일로 - 기타,승용,여,61세,상해없음,보행자,남,8세,경상
2018020900100466,2018년 2월 9일 17시,금요일,전라북도 고창군 심원면,경상사고,0,0,1,0,차대차 - 측면충돌,중앙선침범,건조,맑음,단일로 - 기타,승용,남,45세,상해없음,승용,남,52세,경상
2018020900100470,2018년 2월 9일 17시,금요일,전라북도 완주군 이서면,경상사고,0,0,2,0,차대차 - 기타,안전운전불이행,건조,맑음,단일로 - 기타,승용,여,27세,상해없음,승용,남,35세,경상
2018020900100519,2018년 2월 9일 18시,금요일,전라북도 익산시 신용동,경상사고,0,0,1,0,차대차 - 측면충돌,안전운전불이행,건조,맑음,교차로 - 교차로안,승용,여,54세,상해없음,승용,여,29세,경상
2018020900100520,2018년 2월 9일 18시,금요일,전라북도 남원시 노암동,중상사고,0,1,0,0,차대차 - 측면충돌,중앙선침범,건조,맑음,단일로 - 기타,승용,남,54세,상해없음,이륜,남,69세,중상
2018020900100636,2018년 2월 9일 20시,금요일,전라북도 전주시 완산구 중화산동2가,경상사고,0,0,1,0,차대차 - 추돌,안전운전불이행,건조,맑음,교차로 - 교차로부근,승용,남,34세,상해없음,승용,여,29세,경상
2018020900100675,2018년 2월 9일 21시,금요일,전라북도 전주시 덕진구 송천동2가,중상사고,0,1,0,0,차대차 - 측면충돌,신호위반,건조,맑음,교차로 - 교차로안,승용,여,53세,기타불명,화물,남,77세,중상
2018020900100716,2018년 2월 9일 22시,금요일,전라북도 전주시 완산구 중화산동2가,중상사고,0,1,0,0,차대차 - 기타,교차로운행방법위반,건조,맑음,교차로 - 교차로부근,승용,남,49세,상해없음,이륜,남,19세,중상
2018020900100762,2018년 2월 9일 23시,금요일,전라북도 고창군 고창읍,경상사고,0,0,1,0,차대차 - 측면충돌,신호위반,건조,맑음,교차로 - 교차로안,승용,남,63세,상해없음,승용,여,20세,경상
2018021000100046,2018년 2월 10일 01시,토요일,전라북도 전주시 덕진구 진북동,경상사고,0,0,1,0,차대차 - 기타,안전운전불이행,서리/결빙,기타,단일로 - 기타,승용,남,58세,상해없음,승용,남,33세,상해없음
2018021000100098,2018년 2월 10일 04시,토요일,전라북도 익산시 신흥동,경상사고,0,0,4,0,차대차 - 측면충돌,안전운전불이행,건조,맑음,단일로 - 기타,승용,남,63세,상해없음,승합,남,64세,경상
2018021000100109,2018년 2월 10일 05시,토요일,전라북도 군산시 월명동,경상사고,0,0,1,0,차대차 - 측면충돌,신호위반,건조,기타,교차로 - 교차로안,승용,여,38세,상해없음,승용,남,61세,경상
2018021000100119,2018년 2월 10일 06시,토요일,전라북도 전주시 완산구 삼천동1가,중상사고,0,1,0,0,차대차 - 측면충돌,안전운전불이행,건조,맑음,교차로 - 교차로안,이륜,남,68세,상해없음,승용,여,37세,상해없음
2018021000100120,2018년 2월 10일 06시,토요일,전라북도 익산시 마동,중상사고,0,1,0,0,차대사람 - 횡단중,안전운전불이행,건조,맑음,단일로 - 기타,화물,남,57세,상해없음,보행자,남,38세,중상
2018021000100175,2018년 2월 10일 09시,토요일,전라북도 전주시 완산구 중화산동2가,경상사고,0,0,2,0,차대차 - 측면충돌,안전운전불이행,건조,맑음,교차로 - 교차로안,화물,남,63세,상해없음,승용,여,38세,경상
2018021000100176,2018년 2월 10일 09시,토요일,전라북도 전주시 덕진구 호성동1가,경상사고,0,0,1,0,차대차 - 측면충돌,직진우회전진행방해,건조,흐림,교차로 - 교차로안,승용,여,37세,상해없음,승용,남,59세,경상
2018021000100177,2018년 2월 10일 09시,토요일,전라북도 남원시 도통동,경상사고,0,0,1,0,차대차 - 추돌,안전운전불이행,건조,맑음,단일로 - 기타,승용,남,49세,상해없음,화물,남,39세,경상
2018021000100256,2018년 2월 10일 12시,토요일,전라북도 익산시 오산면,중상사고,0,1,1,0,차대차 - 추돌,안전운전불이행,건조,맑음,단일로 - 기타,승용,여,51세,상해없음,이륜,남,68세,경상
2018021000100276,2018년 2월 10일 13시,토요일,전라북도 익산시 금마면,중상사고,0,1,0,0,차대차 - 측면충돌,직진우회전진행방해,건조,맑음,교차로 - 교차로안,승용,남,28세,상해없음,이륜,남,57세,중상
2018021000100307,2018년 2월 10일 14시,토요일,전라북도 남원시 고죽동,경상사고,0,0,1,0,차대사람 - 횡단중,안전운전불이행,건조,맑음,단일로 - 기타,화물,남,46세,상해없음,보행자,남,52세,경상
2018021000100308,2018년 2월 10일 14시,토요일,전라북도 고창군 성내면,중상사고,0,1,3,0,차대차 - 추돌,안전거리미확보,건조,맑음,단일로 - 기타,화물,남,67세,상해없음,승용,남,26세,경상
2018021000100366,2018년 2월 10일 16시,토요일,전라북도 김제시 옥산동,중상사고,0,1,0,0,차대차 - 측면충돌,직진우회전진행방해,건조,흐림,교차로 - 교차로안,화물,남,49세,상해없음,이륜,여,69세,중상
2018021000100466,2018년 2월 10일 19시,토요일,전라북도 전주시 완산구 동완산동,사망사고,1,0,0,0,차대사람 - 기타,안전운전불이행,건조,맑음,교차로 - 교차로횡단보도내,승용,남,44세,상해없음,보행자,남,69세,사망
2018021000100516,2018년 2월 10일 21시,토요일,전라북도 군산시 수송동,경상사고,0,0,1,0,차대사람 - 횡단중,신호위반,건조,맑음,교차로 - 교차로안,화물,남,61세,상해없음,보행자,여,22세,경상
2018021100100045,2018년 2월 11일 02시,일요일,전라북도 군산시 미장동,경상사고,0,0,3,0,차대차 - 추돌,안전운전불이행,젖음/습기,눈,교차로 - 교차로부근,승용,남,53세,상해없음,승용,남,48세,경상
2018021100100069,2018년 2월 11일 04시,일요일,전라북도 전주시 덕진구 고랑동,경상사고,0,0,1,0,차대차 - 추돌,안전운전불이행,적설,눈,단일로 - 고가도로위,승용,남,37세,상해없음,승용,남,51세,경상
2018021100100082,2018년 2월 11일 05시,일요일,전라북도 전주시 덕진구 송천동1가,경상사고,0,0,1,0,차대차 - 측면충돌,안전운전불이행,적설,눈,교차로 - 교차로부근,승용,남,25세,상해없음,승용,남,58세,경상
2018021100100112,2018년 2월 11일 08시,일요일,전라북도 정읍시 감곡면,경상사고,0,0,1,0,차대차 - 기타,안전거리미확보,적설,눈,단일로 - 기타,승용,남,41세,상해없음,화물,남,42세,경상
2018021100100126,2018년 2월 11일 09시,일요일,전라북도 익산시 팔봉동,경상사고,0,0,2,0,차대차 - 측면충돌,차로위반,젖음/습기,맑음,단일로 - 기타,승용,남,66세,기타불명,승용,남,35세,경상
2018021100100144,2018년 2월 11일 10시,일요일,전라북도 군산시 수송동,경상사고,0,0,2,0,차대차 - 측면충돌,안전운전불이행,건조,맑음,교차로 - 교차로안,승용,남,26세,상해없음,승용,남,35세,경상
2018021100100166,2018년 2월 11일 11시,일요일,전라북도 임실군 임실읍,중상사고,0,1,0,0,차대사람 - 횡단중,안전운전불이행,젖음/습기,눈,교차로 - 교차로횡단보도내,화물,남,48세,상해없음,보행자,여,60세,중상
2018021100100252,2018년 2월 11일 15시,일요일,전라북도 전주시 덕진구 인후동2가,경상사고,0,0,1,0,차대차 - 측면충돌,불법유턴,건조,맑음,교차로 - 교차로부근,승용,남,73세,상해없음,승용,남,36세,경상
2018021100100253,2018년 2월 11일 15시,일요일,전라북도 군산시 나운동,경상사고,0,0,3,0,차대차 - 측면충돌,중앙선침범,건조,맑음,단일로 - 기타,승용,남,62세,상해없음,승용,여,27세,경상
2018021100100254,2018년 2월 11일 15시,일요일,전라북도 익산시 동산동,경상사고,0,0,1,0,차대사람 - 차도통행중,안전운전불이행,건조,맑음,단일로 - 기타,승용,남,64세,상해없음,보행자,여,50세,경상
2018021100100255,2018년 2월 11일 15시,일요일,전라북도 장수군 장계면,중상사고,0,1,1,0,차대차 - 측면충돌,안전운전불이행,건조,맑음,단일로 - 기타,승용,남,64세,중상,화물,남,42세,경상
2018021100100309,2018년 2월 11일 17시,일요일,전라북도 무주군 적상면,경상사고,0,0,1,0,차대차 - 측면충돌,안전운전불이행,건조,맑음,교차로 - 교차로안,승용,남,29세,상해없음,승용,남,50세,경상
2018021100100334,2018년 2월 11일 18시,일요일,전라북도 전주시 덕진구 우아동1가,경상사고,0,0,4,0,차대차 - 추돌,안전운전불이행,건조,맑음,교차로 - 교차로부근,화물,남,71세,상해없음,화물,남,46세,경상
2018021100100369,2018년 2월 11일 19시,일요일,전라북도 전주시 덕진구 인후동1가,중상사고,0,1,0,0,차대차 - 기타,안전운전불이행,건조,맑음,교차로 - 교차로안,승합,남,61세,상해없음,이륜,남,41세,중상
2018021100100394,2018년 2월 11일 20시,일요일,전라북도 전주시 덕진구 인후동1가,중상사고,0,1,0,0,차대사람 - 횡단중,보행자보호의무위반,건조,맑음,단일로 - 기타,승용,남,37세,상해없음,보행자,남,41세,중상
2018021100100395,2018년 2월 11일 20시,일요일,전라북도 군산시 서흥남동,경상사고,0,0,1,0,차량단독 - 기타,안전운전불이행,건조,맑음,단일로 - 기타,승용,남,72세,상해없음,,,,
2018021100100422,2018년 2월 11일 21시,일요일,전라북도 전주시 완산구 중화산동2가,중상사고,0,1,2,0,차대차 - 측면충돌,신호위반,젖음/습기,흐림,교차로 - 교차로안,승용,남,69세,상해없음,승용,남,44세,경상
2018021100100423,2018년 2월 11일 21시,일요일,전라북도 전주시 완산구 동서학동,경상사고,0,0,1,0,차대차 - 측면충돌,교차로운행방법위반,젖음/습기,흐림,교차로 - 교차로안,승용,남,58세,상해없음,승용,남,29세,상해없음