사고번호,사고일시,요일,시군구,사고내용,사망자수,중상자수,경상자수,부상신고자수,사고유형,법규위반,노면상태,기상상태,도로형태,가해운전자 차종,가해운전자 성별,가해운전자 연령,가해운전자 상해정도,피해운전자 차종,피해운전자 성별,피해운전자 연령,피해운전자 상해정도
2018021100100424,2018년 2월 11일 21시,일요일,전라북도 전주시 덕진구 반월동,경상사고,0,0,1,0,차대사람 - 횡단중,보행자보호의무위반,건조,맑음,교차로 - 교차로안,승합,남,27세,상해없음,보행자,남,61세,경상
2018021100100451,2018년 2월 11일 22시,일요일,전라북도 전주시 완산구 효자동3가,중상사고,0,1,0,0,차대차 - 추돌,불법유턴,젖음/습기,흐림,교차로 - 교차로부근,승용,남,57세,상해없음,이륜,남,25세,중상
2018021100100473,2018년 2월 11일 23시,일요일,전라북도 익산시 왕궁면,경상사고,0,0,3,0,차대차 - 추돌,안전운전불이행,적설,눈,단일로 - 기타,승용,여,29세,경상,화물,남,39세,경상
2018021200100008,2018년 2월 12일 00시,월요일,전라북도 정읍시 입암면,경상사고,0,0,1,0,차대차 - 기타,안전운전불이행,건조,맑음,단일로 - 기타,승용,여,47세,상해없음,승용,남,27세,경상
2018021200100027,2018년 2월 12일 02시,월요일,전라북도 전주시 덕진구 호성동1가,경상사고,0,0,1,0,차대차 - 추돌,안전운전불이행,적설,눈,교차로 - 교차로부근,화물,남,39세,상해없음,승용,남,62세,경상
2018021200100028,2018년 2월 12일 02시,월요일,전라북도 전주시 덕진구 만성동,경상사고,0,0,2,0,차대차 - 기타,안전운전불이행,적설,눈,교차로 - 교차로안,승용,남,24세,상해없음,승용,남,28세,경상
2018021200100063,2018년 2월 12일 06시,월요일,전라북도 김제시 연정동,중상사고,0,1,0,0,차대차 - 정면충돌,중앙선침범,적설,눈,단일로 - 기타,승용,남,27세,상해없음,화물,남,53세,중상
2018021200100078,2018년 2월 12일 07시,월요일,전라북도 남원시 산동면,경상사고,0,0,1,0,차대차 - 정면충돌,중앙선침범,서리/결빙,흐림,단일로 - 기타,승용,남,51세,상해없음,승합,남,44세,상해없음
2018021200100170,2018년 2월 12일 09시,월요일,전라북도 익산시 모현동2가,경상사고,0,0,5,0,차대차 - 기타,안전운전불이행,서리/결빙,눈,단일로 - 기타,승용,여,47세,상해없음,승용,남,19세,경상
2018021200100274,2018년 2월 12일 12시,월요일,전라북도 전주시 완산구 중앙동4가,중상사고,0,1,0,0,차대사람 - 보도통행중,보행자보호의무위반,젖음/습기,눈,교차로 - 교차로횡단보도내,승용,남,35세,상해없음,보행자,남,75세,중상
2018021200100313,2018년 2월 12일 13시,월요일,전라북도 군산시 수송동,경상사고,0,0,1,0,차대사람 - 횡단중,보행자보호의무위반,건조,맑음,교차로 - 교차로횡단보도내,승용,남,41세,상해없음,보행자,여,16세,경상
2018021200100314,2018년 2월 12일 13시,월요일,전라북도 익산시 부송동,경상사고,0,0,1,0,차대사람 - 횡단중,기타,건조,맑음,교차로 - 교차로부근,승용,남,75세,상해없음,보행자,여,7세,경상
2018021200100315,2018년 2월 12일 13시,월요일,전라북도 남원시 쌍교동,중상사고,0,1,0,0,차대사람 - 차도통행중,안전운전불이행,젖음/습기,안개,단일로 - 기타,승용,여,46세,상해없음,보행자,여,79세,중상
2018021200100316,2018년 2월 12일 13시,월요일,전라북도 임실군 관촌면,경상사고,0,0,3,0,차대차 - 측면충돌,안전운전불이행,젖음/습기,눈,단일로 - 교량,승합,남,52세,상해없음,화물,남,70세,경상
2018021200100361,2018년 2월 12일 14시,월요일,전라북도 전주시 완산구 중앙동3가,경상사고,0,0,3,0,차대차 - 측면충돌,안전거리미확보,젖음/습기,기타,기타 - 기타,승용,남,58세,상해없음,승용,남,42세,경상
2018021200100362,2018년 2월 12일 14시,월요일,전라북도 전주시 완산구 경원동1가,경상사고,0,0,1,0,차대사람 - 기타,안전운전불이행,건조,맑음,단일로 - 기타,승용,남,44세,상해없음,보행자,여,39세,경상
2018021200100363,2018년 2월 12일 14시,월요일,전라북도 전주시 덕진구 덕진동2가,중상사고,0,1,0,0,차대차 - 측면충돌,안전운전불이행,젖음/습기,흐림,교차로 - 교차로안,승용,남,38세,상해없음,자전거,남,77세,중상
2018021200100364,2018년 2월 12일 14시,월요일,전라북도 남원시 왕정동,경상사고,0,0,1,0,차대차 - 측면충돌,직진우회전진행방해,젖음/습기,눈,교차로 - 교차로안,화물,남,68세,상해없음,승용,여,31세,경상
2018021200100404,2018년 2월 12일 15시,월요일,전라북도 익산시 여산면,사망사고,1,0,0,0,차대차 - 측면충돌,안전운전불이행,적설,눈,단일로 - 기타,화물,남,69세,사망,승용,남,54세,상해없음
2018021200100448,2018년 2월 12일 16시,월요일,전라북도 익산시 영등동,경상사고,0,0,2,0,차대차 - 측면충돌,안전운전불이행,건조,맑음,교차로 - 교차로부근,승용,남,42세,상해없음,승용,남,56세,경상
2018021200100449,2018년 2월 12일 16시,월요일,전라북도 김제시 서암동,중상사고,0,1,2,0,차대차 - 추돌,신호위반,건조,맑음,교차로 - 교차로안,승용,여,32세,중상,승용,남,58세,경상
2018021200100490,2018년 2월 12일 17시,월요일,전라북도 전주시 덕진구 장동,중상사고,0,1,1,0,차대차 - 측면충돌,신호위반,젖음/습기,흐림,교차로 - 교차로안,승용,여,44세,상해없음,승용,여,39세,중상
2018021200100491,2018년 2월 12일 17시,월요일,전라북도 완주군 경천면,경상사고,0,0,1,0,차량단독 - 공작물충돌,안전운전불이행,적설,맑음,단일로 - 기타,화물,남,39세,경상,,,,
2018021200100554,2018년 2월 12일 18시,월요일,전라북도 군산시 조촌동,경상사고,0,0,1,0,차대사람 - 기타,기타,적설,눈,단일로 - 기타,승합,남,49세,상해없음,보행자,남,26세,경상
2018021200100555,2018년 2월 12일 18시,월요일,전라북도 군산시 문화동,경상사고,0,0,1,0,차대차 - 추돌,안전운전불이행,서리/결빙,눈,단일로 - 기타,승용,남,41세,상해없음,승용,여,57세,경상
2018021200100610,2018년 2월 12일 19시,월요일,전라북도 전주시 완산구 효자동1가,경상사고,0,0,2,0,차대차 - 측면충돌,안전거리미확보,건조,흐림,기타 - 기타,승용,남,48세,상해없음,승용,남,66세,경상
2018021200100725,2018년 2월 12일 22시,월요일,전라북도 전주시 완산구 서신동,경상사고,0,0,3,0,차대차 - 측면충돌,중앙선침범,건조,맑음,교차로 - 교차로안,승용,남,53세,상해없음,승용,여,44세,경상
2018021200100726,2018년 2월 12일 22시,월요일,전라북도 군산시 경장동,경상사고,0,0,3,0,차대차 - 측면충돌,신호위반,서리/결빙,눈,교차로 - 교차로안,건설기계,남,63세,경상,승용,남,40세,경상
2018021200100728,2018년 2월 12일 22시,월요일,전라북도 익산시 여산면,중상사고,0,1,1,0,차대차 - 기타,안전운전불이행,적설,눈,단일로 - 기타,화물,남,50세,중상,승용,남,59세,경상
2018021200100755,2018년 2월 12일 23시,월요일,전라북도 군산시 구암동,경상사고,0,0,1,0,차대차 - 측면충돌,안전운전불이행,서리/결빙,눈,교차로 - 교차로부근,화물,남,57세,상해없음,승용,남,35세,경상
2018021300100040,2018년 2월 13일 01시,화요일,전라북도 김제시 백구면,중상사고,0,1,0,0,차대차 - 추돌,안전운전불이행,적설,흐림,단일로 - 기타,특수,남,38세,상해없음,승용,남,47세,중상
2018021300100126,2018년 2월 13일 07시,화요일,전라북도 전주시 완산구 교동,경상사고,0,0,1,0,차대차 - 기타,안전운전불이행,건조,맑음,교차로 - 교차로안,기타불명,기타불명,미분류,기타불명,승용,남,82세,경상
2018021300100205,2018년 2월 13일 09시,화요일,전라북도 전주시 완산구 효자동3가,중상사고,0,1,0,0,차대차 - 측면충돌,신호위반,건조,맑음,교차로 - 교차로안,승용,남,43세,상해없음,승용,여,53세,중상
2018021300100249,2018년 2월 13일 10시,화요일,전라북도 전주시 덕진구 금암동,경상사고,0,0,2,0,차대차 - 추돌,안전거리미확보,젖음/습기,맑음,단일로 - 기타,승용,남,46세,상해없음,승용,남,73세,경상
2018021300100361,2018년 2월 13일 13시,화요일,전라북도 전주시 완산구 효자동2가,중상사고,0,1,0,0,차대사람 - 기타,신호위반,건조,맑음,교차로 - 교차로안,승용,남,68세,상해없음,보행자,여,66세,중상
2018021300100362,2018년 2월 13일 13시,화요일,전라북도 전주시 덕진구 용정동,경상사고,0,0,2,0,차대차 - 추돌,안전거리미확보,건조,맑음,단일로 - 기타,승용,남,38세,상해없음,승용,남,66세,경상
2018021300100363,2018년 2월 13일 13시,화요일,전라북도 부안군 행안면,중상사고,0,1,2,0,차대차 - 측면충돌,신호위반,건조,맑음,교차로 - 교차로안,화물,남,69세,경상,화물,남,47세,경상
2018021300100364,2018년 2월 13일 13시,화요일,전라북도 완주군 이서면,경상사고,0,0,3,0,차대차 - 추돌,안전거리미확보,건조,맑음,단일로 - 기타,승용,남,63세,상해없음,승용,남,31세,경상
2018021300100451,2018년 2월 13일 15시,화요일,전라북도 전주시 덕진구 호성동1가,경상사고,0,0,1,0,차대차 - 측면충돌,신호위반,건조,맑음,교차로 - 교차로안,승용,여,52세,상해없음,승용,남,52세,상해없음
2018021300100452,2018년 2월 13일 15시,화요일,전라북도 익산시 금마면,경상사고,0,0,1,0,차대차 - 측면충돌,안전운전불이행,건조,맑음,단일로 - 기타,화물,남,58세,상해없음,승용,남,53세,경상
2018021300100502,2018년 2월 13일 16시,화요일,전라북도 완주군 소양면,경상사고,0,0,1,0,차대차 - 추돌,안전운전불이행,젖음/습기,맑음,단일로 - 기타,승용,남,57세,상해없음,승용,남,76세,경상
2018021300100558,2018년 2월 13일 17시,화요일,전라북도 전주시 완산구 효자동1가,경상사고,0,0,1,0,차대사람 - 차도통행중,안전운전불이행,건조,맑음,기타 - 기타,승용,남,46세,상해없음,보행자,여,16세,경상
2018021300100559,2018년 2월 13일 17시,화요일,전라북도 부안군 주산면,경상사고,0,0,1,0,차량단독 - 전도전복 - 전도,안전운전불이행,건조,맑음,단일로 - 기타,이륜,남,57세,경상,미분류,미분류,미분류,미분류
2018021300100612,2018년 2월 13일 18시,화요일,전라북도 전주시 덕진구 송천동2가,경상사고,0,0,1,0,차대차 - 추돌,안전거리미확보,건조,흐림,교차로 - 교차로횡단보도내,승용,남,51세,상해없음,승용,남,41세,경상
2018021300100672,2018년 2월 13일 19시,화요일,전라북도 전주시 덕진구 전미동1가,경상사고,0,0,1,0,차대차 - 추돌,안전거리미확보,건조,기타,교차로 - 교차로부근,승용,남,52세,상해없음,승용,남,31세,경상
2018021300100673,2018년 2월 13일 19시,화요일,전라북도 김제시 금산면,중상사고,0,1,0,0,차대차 - 측면충돌,중앙선침범,건조,맑음,단일로 - 기타,이륜,남,69세,중상,화물,남,53세,상해없음
2018021400100026,2018년 2월 14일 00시,수요일,전라북도 전주시 덕진구 금암동,경상사고,0,0,3,0,차대차 - 측면충돌,신호위반,건조,흐림,교차로 - 교차로안,승용,남,59세,상해없음,승용,남,47세,경상
2018021400100219,2018년 2월 14일 10시,수요일,전라북도 정읍시 수성동,경상사고,0,0,1,0,차대차 - 측면충돌,중앙선침범,건조,맑음,교차로 - 교차로부근,이륜,남,80세,경상,승용,남,56세,상해없음
2018021400100220,2018년 2월 14일 10시,수요일,전라북도 남원시 금동,중상사고,0,1,0,0,차대사람 - 횡단중,보행자보호의무위반,건조,맑음,교차로 - 교차로횡단보도내,승용,여,53세,상해없음,보행자,여,75세,중상
2018021400100293,2018년 2월 14일 12시,수요일,전라북도 전주시 덕진구 송천동2가,중상사고,0,1,0,0,차대차 - 측면충돌,안전거리미확보,건조,맑음,단일로 - 기타,승용,여,34세,상해없음,이륜,남,51세,중상
2018021400100318,2018년 2월 14일 13시,수요일,전라북도 전주시 덕진구 전미동2가,사망사고,1,0,0,0,차량단독 - 공작물충돌,안전운전불이행,건조,맑음,단일로 - 기타,승용,남,57세,사망,,,,
2018021400100319,2018년 2월 14일 13시,수요일,전라북도 정읍시 칠보면,중상사고,0,1,1,0,차대차 - 측면충돌,직진우회전진행방해,건조,흐림,교차로 - 교차로안,이륜,남,68세,경상,승용,남,50세,상해없음
2018021400100320,2018년 2월 14일 13시,수요일,전라북도 임실군 강진면,중상사고,0,1,0,0,차대차 - 추돌,안전운전불이행,건조,흐림,단일로 - 기타,승용,여,41세,상해없음,승합,남,47세,중상
2018021400100343,2018년 2월 14일 14시,수요일,전라북도 군산시 수송동,경상사고,0,0,1,0,차대차 - 기타,안전운전불이행,건조,맑음,단일로 - 기타,승용,남,24세,상해없음,승용,남,27세,경상
2018021400100432,2018년 2월 14일 16시,수요일,전라북도 전주시 덕진구 덕진동2가,중상사고,0,1,0,0,차대차 - 측면충돌,신호위반,건조,맑음,교차로 - 교차로안,승용,남,36세,상해없음,이륜,남,26세,중상
2018021400100433,2018년 2월 14일 16시,수요일,전라북도 익산시 신동,경상사고,0,0,1,0,차대차 - 추돌,안전거리미확보,건조,맑음,교차로 - 교차로부근,승용,남,60세,상해없음,승용,남,77세,경상
2018021400100478,2018년 2월 14일 17시,수요일,전라북도 군산시 나운동,경상사고,0,0,1,0,차대차 - 추돌,기타,건조,흐림,단일로 - 기타,승용,남,69세,경상,화물,남,62세,상해없음
2018021400100519,2018년 2월 14일 18시,수요일,전라북도 익산시 신동,경상사고,0,0,4,0,차대차 - 기타,안전운전불이행,건조,맑음,교차로 - 교차로부근,승합,남,47세,상해없음,승용,남,43세,경상
2018021400100520,2018년 2월 14일 18시,수요일,전라북도 정읍시 연지동,경상사고,0,0,1,0,차대차 - 측면충돌,불법유턴,건조,맑음,단일로 - 기타,자전거,남,67세,경상,승용,남,59세,상해없음
2018021400100521,2018년 2월 14일 18시,수요일,전라북도 부안군 부안읍,경상사고,0,0,1,0,차대차 - 측면충돌,안전운전불이행,건조,맑음,교차로 - 교차로안,자전거,남,52세,경상,승합,남,54세,상해없음
2018021400100575,2018년 2월 14일 19시,수요일,전라북도 전주시 덕진구 금암동,중상사고,0,1,0,0,차대사람 - 기타,안전운전불이행,건조,맑음,단일로 - 기타,승합,남,52세,상해없음,보행자,여,85세,중상
2018021400100576,2018년 2월 14일 19시,수요일,전라북도 전주시 덕진구 인후동1가,경상사고,0,0,1,0,차대차 - 추돌,안전운전불이행,건조,맑음,교차로 - 교차로부근,이륜,남,17세,상해없음,승용,남,34세,상해없음
2018021400100577,2018년 2월 14일 19시,수요일,전라북도 김제시 금구면,경상사고,0,0,1,0,차대차 - 측면충돌,신호위반,건조,맑음,교차로 - 교차로안,원동기,남,58세,상해없음,승합,남,42세,상해없음
2018021400100625,2018년 2월 14일 20시,수요일,전라북도 전주시 완산구 효자동1가,경상사고,0,0,4,0,차대차 - 기타,안전거리미확보,건조,맑음,단일로 - 기타,승용,남,64세,상해없음,화물,남,25세,경상
2018021400100626,2018년 2월 14일 20시,수요일,전라북도 전주시 덕진구 인후동1가,중상사고,0,1,0,0,차대사람 - 횡단중,보행자보호의무위반,건조,맑음,교차로 - 교차로부근,화물,남,57세,상해없음,보행자,남,58세,중상
2018021400100627,2018년 2월 14일 20시,수요일,전라북도 전주시 덕진구 인후동1가,중상사고,0,1,0,0,차량단독 - 기타,기타,건조,맑음,단일로 - 기타,승용,남,59세,상해없음,,,,
2018021400100661,2018년 2월 14일 21시,수요일,전라북도 전주시 완산구 중화산동2가,경상사고,0,0,3,0,차대차 - 측면충돌,신호위반,건조,맑음,교차로 - 교차로안,승용,남,51세,상해없음,승용,남,51세,경상
2018021400100662,2018년 2월 14일 21시,수요일,전라북도 군산시 경장동,경상사고,0,0,1,0,차대사람 - 횡단중,신호위반,건조,맑음,단일로 - 기타,화물,남,30세,상해없음,보행자,여,48세,경상
2018021400100663,2018년 2월 14일 21시,수요일,전라북도 정읍시 상동,경상사고,0,0,1,0,차대차 - 정면충돌,교차로운행방법위반,건조,맑음,교차로 - 교차로안,승용,남,67세,상해없음,이륜,남,19세,경상
2018021400100664,2018년 2월 14일 21시,수요일,전라북도 김제시 요촌동,중상사고,0,1,0,0,차대사람 - 횡단중,보행자보호의무위반,건조,맑음,교차로 - 교차로횡단보도내,승용,남,71세,상해없음,보행자,여,62세,중상
2018021400100665,2018년 2월 14일 21시,수요일,전라북도 김제시 성덕면,중상사고,0,1,0,0,차대차 - 추돌,안전운전불이행,건조,맑음,단일로 - 기타,승용,여,26세,상해없음,승용,남,32세,중상
2018021400100704,2018년 2월 14일 22시,수요일,전라북도 전주시 덕진구 덕진동1가,중상사고,0,1,0,0,차대사람 - 기타,안전운전불이행,건조,맑음,단일로 - 기타,승용,남,49세,상해없음,보행자,남,27세,중상
2018021400100705,2018년 2월 14일 22시,수요일,전라북도 군산시 오식도동,중상사고,0,1,0,0,차대사람 - 길가장자리구역통행중,안전운전불이행,건조,맑음,단일로 - 기타,이륜,남,44세,상해없음,보행자,남,49세,중상
2018021500100011,2018년 2월 15일 00시,목요일,전라북도 전주시 덕진구 금암동,경상사고,0,0,1,0,차대차 - 측면충돌,신호위반,건조,맑음,교차로 - 교차로안,승용,남,26세,상해없음,승용,남,27세,경상
2018021500100059,2018년 2월 15일 02시,목요일,전라북도 익산시 여산면,경상사고,0,0,1,0,차량단독 - 공작물충돌,안전운전불이행,건조,맑음,단일로 - 기타,승용,남,19세,상해없음,,,,
2018021500100193,2018년 2월 15일 11시,목요일,전라북도 정읍시 산외면,경상사고,0,0,1,0,차대차 - 측면충돌,신호위반,건조,맑음,교차로 - 교차로안,승용,남,56세,상해없음,승합,남,70세,경상
2018021500100194,2018년 2월 15일 11시,목요일,전라북도 정읍시 신태인읍,부상신고사고,0,0,0,1,차대차 - 측면충돌,신호위반,건조,맑음,교차로 - 교차로안,이륜,남,79세,부상신고,화물,남,64세,상해없음
2018021500100214,2018년 2월 15일 12시,목요일,전라북도 전주시 완산구 효자동2가,경상사고,0,0,1,0,차대차 - 추돌,안전운전불이행,건조,맑음,교차로 - 교차로부근,승용,여,47세,상해없음,승용,여,30세,경상
2018021500100215,2018년 2월 15일 12시,목요일,전라북도 김제시 금구면,경상사고,0,0,3,0,차대차 - 추돌,안전운전불이행,건조,맑음,단일로 - 기타,승용,남,30세,상해없음,승용,여,20세,상해없음
2018021500100241,2018년 2월 15일 13시,목요일,전라북도 익산시 동산동,경상사고,0,0,1,0,차대사람 - 횡단중,안전운전불이행,건조,맑음,단일로 - 기타,승용,남,58세,상해없음,보행자,여,59세,경상
2018021500100242,2018년 2월 15일 13시,목요일,전라북도 정읍시 하모동,경상사고,0,0,3,0,차대차 - 측면충돌,불법유턴,건조,맑음,단일로 - 기타,승용,남,28세,상해없음,승용,남,56세,경상
2018021500100261,2018년 2월 15일 14시,목요일,전라북도 전주시 덕진구 진북동,경상사고,0,0,1,0,차대차 - 측면충돌,안전운전불이행,건조,맑음,교차로 - 교차로부근,승용,여,59세,상해없음,승용,남,26세,경상
2018021500100262,2018년 2월 15일 14시,목요일,전라북도 완주군 봉동읍,경상사고,0,0,1,0,차대차 - 측면충돌,과속,건조,맑음,교차로 - 교차로안,승용,남,29세,상해없음,화물,남,45세,경상
2018021500100278,2018년 2월 15일 15시,목요일,전라북도 전주시 덕진구 팔복동2가,중상사고,0,1,0,0,차대차 - 측면충돌,안전운전불이행,건조,맑음,단일로 - 기타,승용,남,44세,상해없음,이륜,남,46세,상해없음
2018021500100309,2018년 2월 15일 17시,목요일,전라북도 익산시 금마면,중상사고,0,1,0,0,차대사람 - 기타,안전운전불이행,건조,맑음,단일로 - 기타,승용,남,49세,상해없음,보행자,여,12세,중상
2018021500100349,2018년 2월 15일 19시,목요일,전라북도 전주시 완산구 삼천동1가,중상사고,0,1,0,0,차대사람 - 차도통행중,안전운전불이행,건조,맑음,단일로 - 기타,승용,남,39세,상해없음,보행자,남,57세,중상
2018021500100350,2018년 2월 15일 19시,목요일,전라북도 익산시 마동,사망사고,1,0,0,0,차대사람 - 횡단중,안전운전불이행,건조,맑음,단일로 - 기타,이륜,남,41세,상해없음,보행자,남,75세,사망
2018021500100372,2018년 2월 15일 20시,목요일,전라북도 군산시 미장동,경상사고,0,0,1,0,차대차 - 추돌,안전운전불이행,건조,맑음,교차로 - 교차로부근,승용,남,55세,상해없음,화물,남,48세,경상
2018021500100373,2018년 2월 15일 20시,목요일,전라북도 정읍시 용계동,경상사고,0,0,1,0,차대차 - 추돌,안전운전불이행,건조,맑음,교차로 - 교차로부근,이륜,남,29세,경상,승용,남,47세,상해없음
2018021500100374,2018년 2월 15일 20시,목요일,전라북도 남원시 금동,경상사고,0,0,1,0,차대차 - 측면충돌,안전운전불이행,건조,맑음,교차로 - 교차로안,승용,남,46세,상해없음,자전거,여,65세,경상
2018021500100395,2018년 2월 15일 21시,목요일,전라북도 정읍시 연지동,경상사고,0,0,3,0,차대차 - 측면충돌,신호위반,건조,맑음,교차로 - 교차로안,승용,남,32세,상해없음,승용,남,60세,경상
2018021500100440,2018년 2월 15일 23시,목요일,전라북도 전주시 완산구 서신동,경상사고,0,0,4,0,차대차 - 정면충돌,신호위반,건조,맑음,교차로 - 교차로안,승용,여,44세,경상,승용,남,46세,경상
2018021600100032,2018년 2월 16일 05시,금요일,전라북도 전주시 덕진구 덕진동2가,경상사고,0,0,1,0,차량단독 - 공작물충돌,안전운전불이행,젖음/습기,흐림,단일로 - 기타,승용,남,54세,상해없음,,,,
2018021600100046,2018년 2월 16일 07시,금요일,전라북도 전주시 완산구 효자동3가,경상사고,0,0,1,0,차대차 - 측면충돌,신호위반,건조,맑음,교차로 - 교차로안,승용,남,27세,상해없음,승용,남,49세,경상
2018021600100094,2018년 2월 16일 11시,금요일,전라북도 군산시 조촌동,경상사고,0,0,2,0,차대차 - 측면충돌,안전운전불이행,건조,맑음,교차로 - 교차로안,승용,남,47세,경상,승용,남,40세,경상
2018021600100118,2018년 2월 16일 12시,금요일,전라북도 익산시 낭산면,경상사고,0,0,6,0,차대차 - 측면충돌,신호위반,건조,맑음,교차로 - 교차로안,승용,남,56세,상해없음,승용,여,24세,경상
2018021600100142,2018년 2월 16일 13시,금요일,전라북도 익산시 황등면,경상사고,0,0,2,0,차대차 - 측면충돌,신호위반,건조,맑음,교차로 - 교차로안,승용,여,42세,상해없음,승용,남,47세,경상
2018021600100171,2018년 2월 16일 14시,금요일,전라북도 익산시 오산면,경상사고,0,0,1,0,차대차 - 추돌,안전운전불이행,건조,맑음,교차로 - 교차로부근,승용,남,47세,상해없음,승용,남,70세,상해없음
2018021600100172,2018년 2월 16일 14시,금요일,전라북도 김제시 신풍동,경상사고,0,0,1,0,차대차 - 기타,교차로운행방법위반,건조,맑음,교차로 - 교차로안,승용,남,34세,상해없음,자전거,남,17세,경상
2018021600100184,2018년 2월 16일 15시,금요일,전라북도 전주시 덕진구 우아동1가,경상사고,0,0,4,0,차대차 - 추돌,안전운전불이행,건조,맑음,교차로 - 교차로부근,화물,남,85세,상해없음,승용,남,55세,경상
2018021600100234,2018년 2월 16일 17시,금요일,전라북도 정읍시 농소동,경상사고,0,0,2,0,차대차 - 측면충돌,직진우회전진행방해,건조,맑음,교차로 - 교차로안,승용,남,58세,상해없음,승용,남,26세,경상
2018021600100235,2018년 2월 16일 17시,금요일,전라북도 완주군 삼례읍,경상사고,0,0,5,0,차대차 - 측면충돌,직진우회전진행방해,건조,맑음,교차로 - 교차로안,승용,남,23세,상해없음,승용,남,43세,경상
2018021600100251,2018년 2월 16일 18시,금요일,전라북도 전주시 완산구 평화동1가,경상사고,0,0,2,0,차대차 - 추돌,안전운전불이행,건조,맑음,교차로 - 교차로부근,승용,여,57세,상해없음,승용,여,40세,경상
2018021600100267,2018년 2월 16일 19시,금요일,전라북도 정읍시 칠보면,경상사고,0,0,2,0,차대차 - 정면충돌,중앙선침범,건조,맑음,단일로 - 기타,승용,남,19세,경상,승용,남,49세,경상
2018021600100321,2018년 2월 16일 22시,금요일,전라북도 무주군 설천면,중상사고,0,1,0,0,차대사람 - 기타,안전운전불이행,건조,맑음,단일로 - 기타,기타불명,기타불명,미분류,기타불명,보행자,남,16세,중상
2018021700100020,2018년 2월 17일 01시,토요일,전라북도 전주시 완산구 중화산동2가,경상사고,0,0,2,0,차대차 - 추돌,안전운전불이행,건조,맑음,교차로 - 교차로부근,승용,남,54세,상해없음,승용,남,29세,경상
2018021700100041,2018년 2월 17일 03시,토요일,전라북도 전주시 완산구 효자동3가,경상사고,0,0,5,0,차대차 - 측면충돌,신호위반,건조,맑음,교차로 - 교차로안,승용,남,61세,상해없음,승용,여,31세,경상
2018021700100042,2018년 2월 17일 03시,토요일,전라북도 정읍시 수성동,중상사고,0,1,0,0,차대사람 - 차도통행중,안전운전불이행,건조,맑음,단일로 - 기타,승용,남,66세,상해없음,보행자,남,37세,중상
2018021700100066,2018년 2월 17일 06시,토요일,전라북도 전주시 완산구 남노송동,경상사고,0,0,1,0,차대차 - 측면충돌,중앙선침범,건조,맑음,단일로 - 기타,승용,남,44세,상해없음,승용,남,38세,경상
2018021700100180,2018년 2월 17일 15시,토요일,전라북도 익산시 함라면,중상사고,0,2,1,0,차대차 - 측면충돌,안전운전불이행,건조,맑음,교차로 - 교차로안,승용,남,56세,중상,승용,남,35세,경상
2018021700100181,2018년 2월 17일 15시,토요일,전라북도 정읍시 북면,중상사고,0,1,2,0,차대차 - 측면충돌,직진우회전진행방해,건조,맑음,교차로 - 교차로안,승용,남,26세,상해없음,승용,여,43세,경상
2018021700100230,2018년 2월 17일 17시,토요일,전라북도 전주시 완산구 중동,경상사고,0,0,5,0,차대차 - 기타,안전운전불이행,건조,맑음,단일로 - 기타,승용,남,24세,상해없음,승용,남,24세,경상
2018021700100274,2018년 2월 17일 19시,토요일,전라북도 전주시 완산구 중앙동2가,경상사고,0,0,1,0,차대차 - 측면충돌,불법유턴,건조,맑음,단일로 - 기타,승용,남,61세,상해없음,승용,여,21세,경상
2018021700100275,2018년 2월 17일 19시,토요일,전라북도 전주시 덕진구 우아동1가,경상사고,0,0,1,0,차대차 - 추돌,안전운전불이행,건조,맑음,교차로 - 교차로부근,승용,남,48세,상해없음,승용,여,22세,경상
2018021700100276,2018년 2월 17일 19시,토요일,전라북도 부안군 부안읍,중상사고,0,1,0,0,차대차 - 기타,직진우회전진행방해,건조,흐림,교차로 - 교차로안,승용,남,61세,상해없음,원동기,남,77세,중상
2018021700100339,2018년 2월 17일 21시,토요일,전라북도 전주시 덕진구 송천동1가,경상사고,0,0,1,0,차대차 - 측면충돌,직진우회전진행방해,건조,맑음,교차로 - 교차로안,승용,여,39세,상해없음,승용,여,52세,경상
2018021700100360,2018년 2월 17일 22시,토요일,전라북도 정읍시 수성동,중상사고,0,1,3,0,차대차 - 측면충돌,안전운전불이행,건조,맑음,교차로 - 교차로안,승용,남,48세,상해없음,승용,남,65세,중상
2018021800100049,2018년 2월 18일 03시,일요일,전라북도 익산시 동산동,경상사고,0,0,1,0,차대사람 - 횡단중,안전운전불이행,건조,맑음,교차로 - 교차로안,승용,여,51세,상해없음,보행자,남,37세,경상
2018021800100070,2018년 2월 18일 05시,일요일,전라북도 전주시 덕진구 인후동1가,경상사고,0,0,1,0,차대차 - 측면충돌,중앙선침범,건조,맑음,단일로 - 기타,승용,남,55세,상해없음,자전거,여,54세,경상
2018021800100091,2018년 2월 18일 08시,일요일,전라북도 군산시 구암동,부상신고사고,0,0,0,1,차대차 - 측면충돌,안전거리미확보,건조,맑음,단일로 - 기타,자전거,남,57세,부상신고,승용,남,59세,상해없음
2018021800100092,2018년 2월 18일 08시,일요일,전라북도 완주군 용진읍,경상사고,0,0,1,0,차대차 - 정면충돌,안전운전불이행,건조,맑음,교차로 - 교차로부근,승용,남,34세,상해없음,승용,남,35세,경상