사고번호,사고일시,요일,시군구,사고내용,사망자수,중상자수,경상자수,부상신고자수,사고유형,법규위반,노면상태,기상상태,도로형태,가해운전자 차종,가해운전자 성별,가해운전자 연령,가해운전자 상해정도,피해운전자 차종,피해운전자 성별,피해운전자 연령,피해운전자 상해정도
2018021800100120,2018년 2월 18일 11시,일요일,전라북도 김제시 용지면,경상사고,0,0,4,0,차대차 - 추돌,안전운전불이행,건조,맑음,교차로 - 교차로부근,승용,남,49세,상해없음,승용,여,27세,경상
2018021800100167,2018년 2월 18일 14시,일요일,전라북도 전주시 덕진구 인후동1가,경상사고,0,0,1,0,차대차 - 측면충돌,안전운전불이행,건조,맑음,교차로 - 교차로안,승용,남,47세,상해없음,승용,남,58세,경상
2018021800100241,2018년 2월 18일 18시,일요일,전라북도 정읍시 상동,경상사고,0,0,2,0,차대차 - 측면충돌,신호위반,건조,맑음,교차로 - 교차로안,승합,남,58세,상해없음,승용,남,33세,경상
2018021800100262,2018년 2월 18일 19시,일요일,전라북도 전주시 덕진구 우아동3가,경상사고,0,0,2,0,차대차 - 측면충돌,신호위반,건조,맑음,교차로 - 교차로안,승용,남,62세,상해없음,승용,남,55세,경상
2018021800100292,2018년 2월 18일 20시,일요일,전라북도 전주시 완산구 효자동3가,경상사고,0,0,3,0,차대차 - 측면충돌,안전운전불이행,건조,맑음,교차로 - 교차로부근,승용,여,24세,상해없음,승용,남,32세,경상
2018021800100311,2018년 2월 18일 21시,일요일,전라북도 전주시 덕진구 인후동1가,경상사고,0,0,1,0,차대사람 - 기타,안전운전불이행,건조,흐림,단일로 - 기타,승용,남,46세,상해없음,보행자,남,56세,경상
2018021800100330,2018년 2월 18일 22시,일요일,전라북도 전주시 덕진구 송천동1가,경상사고,0,0,1,0,차대사람 - 횡단중,보행자보호의무위반,건조,맑음,교차로 - 교차로안,승용,남,35세,상해없음,보행자,여,35세,경상
2018021900100089,2018년 2월 19일 08시,월요일,전라북도 전주시 완산구 효자동2가,중상사고,0,1,0,0,차대차 - 측면충돌,중앙선침범,건조,맑음,기타 - 기타,승용,여,47세,상해없음,승용,남,39세,중상
2018021900100090,2018년 2월 19일 08시,월요일,전라북도 군산시 대야면,경상사고,0,0,1,0,차대차 - 측면충돌,안전운전불이행,건조,맑음,교차로 - 교차로안,승용,남,66세,상해없음,이륜,남,41세,경상
2018021900100091,2018년 2월 19일 08시,월요일,전라북도 김제시 교동,경상사고,0,0,1,0,차대차 - 측면충돌,신호위반,건조,맑음,교차로 - 교차로안,승용,여,52세,상해없음,승용,남,66세,경상
2018021900100149,2018년 2월 19일 11시,월요일,전라북도 군산시 미장동,경상사고,0,0,1,0,차대차 - 측면충돌,신호위반,건조,맑음,교차로 - 교차로안,승용,여,29세,상해없음,승용,여,32세,경상
2018021900100305,2018년 2월 19일 17시,월요일,전라북도 진안군 주천면,중상사고,0,1,0,0,차량단독 - 전도전복 - 전도,안전운전불이행,건조,맑음,단일로 - 기타,농기계,남,82세,중상,미분류,미분류,미분류,미분류
2018021900100510,2018년 2월 19일 23시,월요일,전라북도 익산시 어양동,경상사고,0,0,2,0,차대차 - 추돌,안전운전불이행,건조,맑음,교차로 - 교차로부근,승용,여,34세,상해없음,승용,여,24세,경상
2018021900100511,2018년 2월 19일 23시,월요일,전라북도 정읍시 상동,경상사고,0,0,1,0,차대차 - 측면충돌,직진우회전진행방해,건조,맑음,교차로 - 교차로안,승용,여,57세,상해없음,이륜,남,19세,경상
2018022000100045,2018년 2월 20일 03시,화요일,전라북도 전주시 덕진구 진북동,경상사고,0,0,1,0,차대차 - 측면충돌,신호위반,건조,맑음,교차로 - 교차로안,승용,남,30세,상해없음,승용,남,59세,경상
2018022000100130,2018년 2월 20일 08시,화요일,전라북도 전주시 완산구 서서학동,경상사고,0,0,1,0,차대사람 - 보도통행중,보행자보호의무위반,건조,맑음,단일로 - 기타,화물,남,48세,상해없음,보행자,여,64세,경상
2018022000100131,2018년 2월 20일 08시,화요일,전라북도 정읍시 수성동,경상사고,0,0,1,0,차대차 - 측면충돌,중앙선침범,건조,맑음,단일로 - 교량,화물,남,78세,상해없음,승용,남,54세,경상
2018022000100132,2018년 2월 20일 08시,화요일,전라북도 정읍시 상동,경상사고,0,0,2,0,차대차 - 측면충돌,신호위반,건조,맑음,교차로 - 교차로안,승용,남,63세,상해없음,승용,남,82세,경상
2018022000100178,2018년 2월 20일 10시,화요일,전라북도 전주시 완산구 효자동3가,경상사고,0,0,1,0,차대사람 - 기타,불법유턴,건조,맑음,기타 - 기타,승용,여,42세,상해없음,보행자,여,28세,경상
2018022000100179,2018년 2월 20일 10시,화요일,전라북도 완주군 봉동읍,경상사고,0,0,1,0,차대차 - 기타,안전운전불이행,건조,맑음,단일로 - 기타,건설기계,남,63세,상해없음,승용,여,45세,경상
2018022000100207,2018년 2월 20일 11시,화요일,전라북도 익산시 황등면,경상사고,0,0,1,0,차대차 - 측면충돌,신호위반,건조,맑음,교차로 - 교차로안,승용,여,58세,상해없음,승용,남,51세,경상
2018022000100233,2018년 2월 20일 12시,화요일,전라북도 전주시 완산구 중앙동4가,경상사고,0,0,3,0,차대차 - 측면충돌,안전운전불이행,건조,맑음,단일로 - 기타,승용,여,42세,상해없음,승용,여,24세,경상
2018022000100234,2018년 2월 20일 12시,화요일,전라북도 전주시 덕진구 진북동,경상사고,0,0,1,0,차대사람 - 기타,안전운전불이행,건조,맑음,교차로 - 교차로안,승용,남,56세,상해없음,보행자,남,78세,경상
2018022000100235,2018년 2월 20일 12시,화요일,전라북도 김제시 금구면,경상사고,0,0,1,0,차량단독 - 공작물충돌,안전운전불이행,건조,맑음,단일로 - 기타,승용,남,52세,경상,,,,
2018022000100257,2018년 2월 20일 13시,화요일,전라북도 전주시 덕진구 인후동2가,경상사고,0,0,1,0,차대사람 - 차도통행중,안전운전불이행,건조,맑음,단일로 - 기타,승용,남,67세,상해없음,보행자,여,52세,경상
2018022000100258,2018년 2월 20일 13시,화요일,전라북도 김제시 금구면,경상사고,0,0,1,0,차대차 - 추돌,안전운전불이행,건조,맑음,단일로 - 기타,화물,남,57세,상해없음,화물,남,69세,경상
2018022000100286,2018년 2월 20일 14시,화요일,전라북도 완주군 화산면,경상사고,0,0,2,0,차대차 - 후진중충돌,안전운전불이행,건조,맑음,단일로 - 기타,화물,남,50세,상해없음,화물,남,63세,경상
2018022000100341,2018년 2월 20일 16시,화요일,전라북도 군산시 소룡동,중상사고,0,1,0,0,차대사람 - 차도통행중,안전운전불이행,건조,맑음,교차로 - 교차로안,승용,여,40세,상해없음,보행자,남,4세,중상
2018022000100362,2018년 2월 20일 17시,화요일,전라북도 전주시 덕진구 팔복동2가,경상사고,0,0,1,0,차대차 - 정면충돌,중앙선침범,건조,맑음,단일로 - 기타,승용,남,24세,상해없음,승용,남,77세,경상
2018022000100363,2018년 2월 20일 17시,화요일,전라북도 전주시 덕진구 인후동1가,경상사고,0,0,1,0,차대차 - 기타,안전운전불이행,건조,기타,단일로 - 기타,승용,여,70세,상해없음,승용,여,61세,경상
2018022000100392,2018년 2월 20일 18시,화요일,전라북도 익산시 황등면,경상사고,0,0,1,0,차대차 - 측면충돌,신호위반,건조,맑음,교차로 - 교차로안,화물,남,41세,상해없음,승용,여,63세,경상
2018022000100416,2018년 2월 20일 19시,화요일,전라북도 김제시 금구면,중상사고,0,1,0,0,차대차 - 추돌,안전운전불이행,건조,맑음,단일로 - 기타,승용,남,54세,상해없음,승용,여,58세,중상
2018022000100476,2018년 2월 20일 22시,화요일,전라북도 정읍시 상동,중상사고,0,1,0,0,차대사람 - 기타,안전운전불이행,건조,맑음,단일로 - 기타,승용,남,45세,상해없음,보행자,남,52세,중상
2018022100100067,2018년 2월 21일 07시,수요일,전라북도 전주시 완산구 서노송동,중상사고,0,1,0,0,차대사람 - 기타,신호위반,건조,맑음,단일로 - 기타,승합,남,56세,상해없음,보행자,남,20세,중상
2018022100100086,2018년 2월 21일 08시,수요일,전라북도 군산시 조촌동,중상사고,0,1,0,0,차대차 - 측면충돌,직진우회전진행방해,건조,맑음,교차로 - 교차로안,승용,여,39세,상해없음,자전거,여,68세,중상
2018022100100087,2018년 2월 21일 08시,수요일,전라북도 남원시 대산면,중상사고,0,1,0,0,차대차 - 측면충돌,안전운전불이행,건조,맑음,교차로 - 교차로안,원동기,여,75세,중상,승용,남,38세,상해없음
2018022100100154,2018년 2월 21일 11시,수요일,전라북도 전주시 덕진구 진북동,경상사고,0,0,1,0,차대차 - 추돌,안전운전불이행,건조,맑음,교차로 - 교차로부근,승용,남,47세,상해없음,승용,남,65세,경상
2018022100100155,2018년 2월 21일 11시,수요일,전라북도 군산시 문화동,중상사고,0,1,0,0,차대사람 - 차도통행중,안전운전불이행,건조,맑음,단일로 - 지하차도(도로)내,승용,남,54세,상해없음,보행자,여,52세,중상
2018022100100181,2018년 2월 21일 12시,수요일,전라북도 전주시 덕진구 덕진동1가,경상사고,0,0,1,0,차대사람 - 기타,기타,건조,맑음,교차로 - 교차로안,승용,남,64세,상해없음,보행자,남,19세,경상
2018022100100203,2018년 2월 21일 13시,수요일,전라북도 고창군 고창읍,중상사고,0,1,1,0,차대차 - 측면충돌,신호위반,건조,맑음,교차로 - 교차로안,승용,남,79세,경상,승용,여,40세,중상
2018022100100230,2018년 2월 21일 14시,수요일,전라북도 전주시 완산구 효자동2가,경상사고,0,0,2,0,차대사람 - 길가장자리구역통행중,안전운전불이행,건조,맑음,단일로 - 기타,승용,남,24세,경상,보행자,남,38세,경상
2018022100100258,2018년 2월 21일 15시,수요일,전라북도 전주시 덕진구 인후동1가,경상사고,0,0,1,0,차대사람 - 기타,안전운전불이행,건조,맑음,단일로 - 기타,승용,여,61세,상해없음,보행자,여,13세,경상
2018022100100307,2018년 2월 21일 17시,수요일,전라북도 전주시 덕진구 송천동1가,경상사고,0,0,1,0,차대차 - 측면충돌,안전운전불이행,건조,맑음,기타 - 기타,승합,남,64세,상해없음,승용,남,26세,경상
2018022100100384,2018년 2월 21일 19시,수요일,전라북도 군산시 소룡동,경상사고,0,0,1,0,차대차 - 측면충돌,신호위반,건조,맑음,교차로 - 교차로안,승용,남,23세,상해없음,특수,남,24세,경상
2018022100100385,2018년 2월 21일 19시,수요일,전라북도 익산시 신동,경상사고,0,0,4,0,차대차 - 기타,안전거리미확보,건조,맑음,단일로 - 기타,화물,남,44세,상해없음,승용,여,20세,경상
2018022100100417,2018년 2월 21일 20시,수요일,전라북도 김제시 금구면,경상사고,0,0,1,0,차대차 - 측면충돌,안전운전불이행,건조,맑음,단일로 - 기타,승합,남,69세,상해없음,승용,남,43세,경상
2018022100100481,2018년 2월 21일 23시,수요일,전라북도 완주군 봉동읍,경상사고,0,0,1,0,차량단독 - 공작물충돌,안전운전불이행,건조,맑음,단일로 - 기타,승용,남,25세,경상,,,,
2018022200100015,2018년 2월 22일 00시,목요일,전라북도 전주시 덕진구 진북동,경상사고,0,0,3,0,차대차 - 추돌,안전운전불이행,건조,맑음,단일로 - 기타,승용,남,55세,상해없음,승용,남,41세,경상
2018022200100054,2018년 2월 22일 03시,목요일,전라북도 군산시 나운동,경상사고,0,0,1,0,차대차 - 측면충돌,안전운전불이행,건조,맑음,단일로 - 지하차도(도로)내,승용,남,50세,상해없음,승용,남,45세,경상
2018022200100083,2018년 2월 22일 06시,목요일,전라북도 전주시 완산구 평화동1가,중상사고,0,1,0,0,차대차 - 측면충돌,신호위반,젖음/습기,흐림,교차로 - 교차로부근,승용,남,60세,상해없음,이륜,남,68세,중상
2018022200100119,2018년 2월 22일 08시,목요일,전라북도 김제시 검산동,중상사고,0,1,0,0,차대차 - 정면충돌,교차로운행방법위반,건조,맑음,교차로 - 교차로안,승용,여,28세,상해없음,승용,여,48세,중상
2018022200100207,2018년 2월 22일 11시,목요일,전라북도 전주시 덕진구 송천동1가,경상사고,0,0,1,0,차대사람 - 횡단중,안전운전불이행,건조,맑음,단일로 - 기타,승용,여,46세,상해없음,보행자,여,8세,경상
2018022200100208,2018년 2월 22일 11시,목요일,전라북도 익산시 창인동1가,경상사고,0,0,1,0,차대차 - 기타,신호위반,건조,맑음,교차로 - 교차로횡단보도내,승용,남,50세,상해없음,자전거,여,75세,경상
2018022200100243,2018년 2월 22일 12시,목요일,전라북도 군산시 소룡동,경상사고,0,0,1,0,차대차 - 측면충돌,교차로운행방법위반,건조,맑음,교차로 - 교차로횡단보도내,자전거,남,76세,경상,승용,여,58세,상해없음
2018022200100265,2018년 2월 22일 13시,목요일,전라북도 전주시 덕진구 덕진동1가,경상사고,0,0,1,0,차대차 - 측면충돌,신호위반,건조,맑음,교차로 - 교차로안,승용,남,54세,상해없음,자전거,여,25세,경상
2018022200100266,2018년 2월 22일 13시,목요일,전라북도 정읍시 수성동,경상사고,0,0,1,0,차대차 - 측면충돌,교차로운행방법위반,건조,맑음,교차로 - 교차로안,승용,여,47세,상해없음,승용,여,60세,경상
2018022200100295,2018년 2월 22일 14시,목요일,전라북도 전주시 덕진구 송천동2가,중상사고,0,1,2,0,차대차 - 정면충돌,중앙선침범,건조,맑음,단일로 - 기타,승용,여,56세,상해없음,승용,여,38세,경상
2018022200100296,2018년 2월 22일 14시,목요일,전라북도 정읍시 연지동,경상사고,0,0,2,0,차대차 - 측면충돌,안전운전불이행,건조,맑음,단일로 - 기타,화물,남,42세,상해없음,승용,여,53세,경상
2018022200100330,2018년 2월 22일 15시,목요일,전라북도 완주군 이서면,경상사고,0,0,2,2,차대차 - 추돌,안전거리미확보,건조,맑음,단일로 - 기타,화물,남,20세,상해없음,승용,남,51세,경상
2018022200100372,2018년 2월 22일 17시,목요일,전라북도 익산시 신동,중상사고,0,1,0,0,차대사람 - 기타,안전운전불이행,건조,맑음,단일로 - 기타,승용,남,42세,상해없음,보행자,여,10세,중상
2018022200100409,2018년 2월 22일 18시,목요일,전라북도 전주시 덕진구 장동,경상사고,0,0,1,0,차대차 - 추돌,안전운전불이행,건조,맑음,교차로 - 교차로부근,승용,여,41세,상해없음,승용,남,53세,경상
2018022200100410,2018년 2월 22일 18시,목요일,전라북도 전주시 덕진구 덕진동2가,경상사고,0,0,1,0,차대차 - 측면충돌,교차로운행방법위반,건조,맑음,교차로 - 교차로부근,승합,남,66세,상해없음,승합,남,38세,경상
2018022200100411,2018년 2월 22일 18시,목요일,전라북도 진안군 성수면,경상사고,0,0,3,0,차대차 - 측면충돌,중앙선침범,건조,맑음,단일로 - 기타,승용,여,51세,경상,화물,남,49세,경상
2018022200100449,2018년 2월 22일 19시,목요일,전라북도 군산시 나운동,경상사고,0,0,1,0,차대차 - 기타,안전운전불이행,건조,맑음,단일로 - 기타,승용,남,23세,상해없음,자전거,여,61세,경상
2018022200100480,2018년 2월 22일 20시,목요일,전라북도 전주시 완산구 중화산동2가,경상사고,0,0,2,0,차대차 - 기타,안전운전불이행,건조,맑음,단일로 - 기타,승용,남,58세,상해없음,승용,남,48세,경상
2018022200100481,2018년 2월 22일 20시,목요일,전라북도 정읍시 상동,중상사고,0,2,0,0,차대차 - 측면충돌,직진우회전진행방해,건조,맑음,교차로 - 교차로안,승용,남,39세,상해없음,이륜,남,71세,중상
2018022200100555,2018년 2월 22일 22시,목요일,전라북도 전주시 완산구 삼천동1가,경상사고,0,0,1,0,차대차 - 기타,안전운전불이행,건조,맑음,단일로 - 기타,승용,여,58세,상해없음,승용,남,61세,경상
2018022200100556,2018년 2월 22일 22시,목요일,전라북도 전주시 덕진구 인후동1가,경상사고,0,0,4,0,차대차 - 추돌,안전운전불이행,건조,맑음,교차로 - 교차로부근,승용,남,37세,상해없음,승용,여,25세,경상
2018022200100557,2018년 2월 22일 22시,목요일,전라북도 완주군 구이면,경상사고,0,0,1,0,차대차 - 추돌,안전거리미확보,건조,맑음,단일로 - 기타,승용,남,57세,상해없음,화물,남,57세,경상
2018022200100578,2018년 2월 22일 23시,목요일,전라북도 익산시 신동,경상사고,0,0,1,0,차대차 - 기타,안전운전불이행,건조,맑음,단일로 - 기타,승용,남,22세,상해없음,승용,남,26세,경상
2018022300100070,2018년 2월 23일 05시,금요일,전라북도 전주시 완산구 효자동3가,경상사고,0,0,1,0,차대차 - 기타,신호위반,건조,맑음,교차로 - 교차로안,화물,남,65세,상해없음,승용,남,43세,경상
2018022300100112,2018년 2월 23일 07시,금요일,전라북도 전주시 덕진구 덕진동2가,경상사고,0,0,1,0,차대차 - 측면충돌,교차로운행방법위반,건조,맑음,교차로 - 교차로안,승용,여,53세,상해없음,승용,여,29세,경상
2018022300100114,2018년 2월 23일 07시,금요일,전라북도 진안군 부귀면,사망사고,1,1,2,0,차대차 - 측면충돌,안전운전불이행,적설,눈,단일로 - 기타,승용,남,22세,상해없음,승용,남,34세,경상
2018022300100149,2018년 2월 23일 08시,금요일,전라북도 군산시 신풍동,중상사고,0,1,1,0,차대차 - 기타,중앙선침범,건조,맑음,단일로 - 기타,이륜,남,62세,중상,승용,여,50세,경상
2018022300100150,2018년 2월 23일 08시,금요일,전라북도 김제시 서암동,경상사고,0,0,1,0,차대차 - 측면충돌,중앙선침범,건조,맑음,단일로 - 기타,승용,남,77세,상해없음,승용,여,39세,상해없음
2018022300100256,2018년 2월 23일 11시,금요일,전라북도 전주시 덕진구 금암동,경상사고,0,0,1,0,차대차 - 측면충돌,안전거리미확보,건조,맑음,교차로 - 교차로부근,승용,남,72세,상해없음,승용,남,63세,경상
2018022300100257,2018년 2월 23일 11시,금요일,전라북도 완주군 화산면,중상사고,0,2,0,0,차대차 - 기타,안전운전불이행,건조,맑음,교차로 - 교차로부근,승용,남,80세,상해없음,이륜,남,76세,중상
2018022300100284,2018년 2월 23일 12시,금요일,전라북도 전주시 덕진구 덕진동1가,경상사고,0,0,2,0,차대차 - 측면충돌,안전운전불이행,건조,맑음,단일로 - 기타,승용,남,63세,상해없음,승용,여,43세,경상
2018022300100325,2018년 2월 23일 14시,금요일,전라북도 군산시 구암동,중상사고,0,1,0,0,차대차 - 기타,안전운전불이행,건조,맑음,단일로 - 기타,화물,남,74세,상해없음,자전거,여,68세,중상
2018022300100347,2018년 2월 23일 15시,금요일,전라북도 완주군 용진읍,중상사고,0,1,0,0,차대차 - 정면충돌,중앙선침범,건조,맑음,단일로 - 교량,승용,남,62세,상해없음,승용,남,68세,중상
2018022300100435,2018년 2월 23일 18시,금요일,전라북도 정읍시 정우면,사망사고,1,0,0,0,차대사람 - 기타,안전운전불이행,건조,맑음,단일로 - 기타,승용,남,32세,상해없음,보행자,여,64세,사망
2018022300100478,2018년 2월 23일 19시,금요일,전라북도 군산시 나운동,경상사고,0,0,2,0,차대차 - 추돌,안전거리미확보,건조,맑음,단일로 - 기타,승용,남,48세,상해없음,승합,남,69세,상해없음
2018022300100479,2018년 2월 23일 19시,금요일,전라북도 정읍시 수성동,경상사고,0,0,1,0,차대차 - 정면충돌,교차로운행방법위반,건조,맑음,교차로 - 교차로안,승용,남,52세,상해없음,개인형이동수단(PM),여,27세,경상
2018022300100520,2018년 2월 23일 20시,금요일,전라북도 전주시 덕진구 우아동2가,중상사고,0,2,18,0,차대차 - 추돌,안전운전불이행,건조,맑음,단일로 - 기타,승합,남,58세,상해없음,화물,남,32세,경상
2018022300100593,2018년 2월 23일 22시,금요일,전라북도 전주시 덕진구 진북동,중상사고,0,1,0,0,차대사람 - 기타,안전운전불이행,건조,맑음,단일로 - 기타,승용,남,65세,상해없음,보행자,남,76세,중상
2018022300100594,2018년 2월 23일 22시,금요일,전라북도 군산시 조촌동,사망사고,1,0,0,0,차대사람 - 기타,안전운전불이행,건조,맑음,교차로 - 교차로안,승합,남,39세,상해없음,보행자,남,42세,사망
2018022400100096,2018년 2월 24일 06시,토요일,전라북도 군산시 내초동,경상사고,0,0,1,0,차대차 - 기타,교차로운행방법위반,건조,맑음,단일로 - 기타,건설기계,남,41세,상해없음,승용,남,54세,경상
2018022400100097,2018년 2월 24일 06시,토요일,전라북도 순창군 순창읍,경상사고,0,0,1,0,차대차 - 추돌,안전운전불이행,젖음/습기,안개,교차로 - 교차로부근,승용,남,51세,기타불명,승용,여,43세,경상
2018022400100125,2018년 2월 24일 08시,토요일,전라북도 김제시 금산면,중상사고,0,1,2,0,차대차 - 측면충돌,직진우회전진행방해,젖음/습기,맑음,교차로 - 교차로안,승합,남,24세,상해없음,승용,남,65세,중상
2018022400100142,2018년 2월 24일 09시,토요일,전라북도 전주시 덕진구 덕진동1가,중상사고,0,2,0,0,차대차 - 측면충돌,안전운전불이행,건조,맑음,교차로 - 교차로안,승용,남,67세,상해없음,승용,남,64세,중상
2018022400100143,2018년 2월 24일 09시,토요일,전라북도 김제시 부량면,사망사고,1,0,0,0,차대사람 - 횡단중,안전운전불이행,건조,맑음,교차로 - 교차로안,화물,남,32세,상해없음,보행자,남,75세,사망
2018022400100200,2018년 2월 24일 11시,토요일,전라북도 정읍시 농소동,경상사고,0,0,1,0,차대차 - 기타,안전운전불이행,건조,맑음,단일로 - 기타,자전거,남,82세,경상,화물,남,53세,상해없음
2018022400100251,2018년 2월 24일 13시,토요일,전라북도 전주시 완산구 중화산동2가,경상사고,0,0,11,0,차대차 - 추돌,안전거리미확보,건조,맑음,단일로 - 기타,승용,남,64세,상해없음,승용,여,39세,경상
2018022400100252,2018년 2월 24일 13시,토요일,전라북도 익산시 마동,경상사고,0,0,2,0,차대사람 - 횡단중,신호위반,건조,맑음,교차로 - 교차로횡단보도내,승용,여,46세,상해없음,보행자,여,32세,경상
2018022400100253,2018년 2월 24일 13시,토요일,전라북도 김제시 요촌동,경상사고,0,0,3,0,차대차 - 측면충돌,직진우회전진행방해,건조,맑음,교차로 - 교차로안,승용,남,67세,경상,승용,남,54세,경상
2018022400100284,2018년 2월 24일 14시,토요일,전라북도 군산시 대야면,경상사고,0,0,1,0,차대차 - 측면충돌,안전운전불이행,건조,맑음,교차로 - 교차로안,승용,여,49세,상해없음,자전거,남,66세,경상
2018022400100304,2018년 2월 24일 15시,토요일,전라북도 전주시 덕진구 송천동2가,중상사고,0,1,0,0,차대사람 - 길가장자리구역통행중,안전운전불이행,건조,맑음,단일로 - 기타,승용,남,51세,상해없음,보행자,남,90세 이상,중상
2018022400100335,2018년 2월 24일 16시,토요일,전라북도 전주시 덕진구 송천동1가,중상사고,0,1,0,0,차대차 - 측면충돌,신호위반,건조,맑음,교차로 - 교차로안,승용,남,60세,상해없음,이륜,남,18세,중상
2018022400100384,2018년 2월 24일 18시,토요일,전라북도 전주시 덕진구 덕진동1가,경상사고,0,0,1,0,차대차 - 추돌,안전운전불이행,건조,맑음,교차로 - 교차로부근,승용,남,30세,상해없음,승용,남,30세,경상
2018022400100416,2018년 2월 24일 19시,토요일,전라북도 익산시 영등동,중상사고,0,1,0,0,차대사람 - 기타,안전운전불이행,건조,맑음,교차로 - 교차로안,원동기,남,22세,상해없음,보행자,여,18세,중상
2018022400100445,2018년 2월 24일 20시,토요일,전라북도 전주시 완산구 서신동,사망사고,1,0,0,0,차대차 - 기타,안전운전불이행,건조,맑음,단일로 - 기타,이륜,남,18세,사망,특수,남,39세,기타불명
2018022400100446,2018년 2월 24일 20시,토요일,전라북도 완주군 상관면,중상사고,0,1,0,0,차대차 - 추돌,안전운전불이행,건조,맑음,단일로 - 기타,승용,남,70세,상해없음,승용,여,52세,중상
2018022400100513,2018년 2월 24일 23시,토요일,전라북도 전주시 완산구 삼천동1가,경상사고,0,0,4,0,차대차 - 추돌,안전운전불이행,건조,맑음,기타 - 기타,승용,남,55세,상해없음,승용,여,36세,경상
2018022400100514,2018년 2월 24일 23시,토요일,전라북도 전주시 완산구 삼천동3가,경상사고,0,0,1,0,차대차 - 추돌,안전운전불이행,건조,맑음,단일로 - 기타,승용,남,50세,기타불명,승용,남,53세,경상
2018022500100067,2018년 2월 25일 05시,일요일,전라북도 전주시 덕진구 금암동,경상사고,0,0,1,0,차대차 - 측면충돌,신호위반,건조,맑음,교차로 - 교차로안,이륜,남,17세,상해없음,승용,남,60세,경상
2018022500100140,2018년 2월 25일 11시,일요일,전라북도 군산시 경장동,경상사고,0,0,1,0,차대사람 - 기타,안전운전불이행,건조,맑음,단일로 - 기타,승용,남,56세,상해없음,보행자,남,54세,경상
2018022500100225,2018년 2월 25일 15시,일요일,전라북도 김제시 용지면,경상사고,0,0,1,0,차대차 - 측면충돌,안전거리미확보,건조,맑음,단일로 - 기타,화물,남,43세,상해없음,화물,남,59세,경상
2018022500100251,2018년 2월 25일 16시,일요일,전라북도 전주시 완산구 효자동2가,경상사고,0,0,1,0,차대차 - 추돌,신호위반,기타,맑음,교차로 - 교차로안,승용,여,49세,상해없음,승용,남,41세,경상
2018022500100272,2018년 2월 25일 17시,일요일,전라북도 익산시 영등동,경상사고,0,0,1,0,차대차 - 측면충돌,신호위반,건조,맑음,단일로 - 기타,승용,남,65세,상해없음,사륜오토바이(ATV),남,37세,경상
2018022500100293,2018년 2월 25일 18시,일요일,전라북도 전주시 완산구 고사동,경상사고,0,0,1,0,차대사람 - 기타,안전운전불이행,건조,맑음,단일로 - 기타,승용,여,31세,상해없음,보행자,남,25세,경상
2018022600100056,2018년 2월 26일 06시,월요일,전라북도 익산시 마동,중상사고,0,1,0,0,차대사람 - 횡단중,중앙선침범,건조,맑음,단일로 - 기타,승합,남,58세,상해없음,보행자,여,60세,중상
2018022600100074,2018년 2월 26일 07시,월요일,전라북도 임실군 관촌면,중상사고,0,1,1,0,차대차 - 측면충돌,신호위반,건조,맑음,교차로 - 교차로안,승용,남,75세,경상,승용,남,37세,중상
2018022600100102,2018년 2월 26일 08시,월요일,전라북도 부안군 행안면,경상사고,0,0,1,0,차량단독 - 전도전복 - 전도,안전운전불이행,건조,맑음,단일로 - 기타,원동기,남,76세,경상,미분류,미분류,미분류,미분류
2018022600100134,2018년 2월 26일 09시,월요일,전라북도 군산시 나운동,경상사고,0,0,1,0,차대차 - 측면충돌,교차로운행방법위반,건조,맑음,교차로 - 교차로안,승용,남,68세,상해없음,원동기,남,31세,경상
2018022600100165,2018년 2월 26일 10시,월요일,전라북도 정읍시 수성동,경상사고,0,0,1,0,차대차 - 측면충돌,직진우회전진행방해,건조,맑음,교차로 - 교차로안,승용,남,58세,경상,화물,남,65세,상해없음
2018022600100231,2018년 2월 26일 12시,월요일,전라북도 전주시 완산구 서서학동,중상사고,0,1,1,0,차대차 - 정면충돌,신호위반,건조,맑음,교차로 - 교차로안,승용,여,45세,경상,이륜,남,69세,중상
2018022600100232,2018년 2월 26일 12시,월요일,전라북도 군산시 수송동,경상사고,0,0,1,0,차대사람 - 횡단중,안전운전불이행,건조,맑음,교차로 - 교차로부근,화물,남,62세,상해없음,보행자,남,18세,경상
2018022600100265,2018년 2월 26일 13시,월요일,전라북도 전주시 완산구 태평동,중상사고,0,1,0,0,차대사람 - 기타,안전운전불이행,건조,맑음,미분류 - 미분류,승합,남,57세,상해없음,보행자,여,58세,중상
2018022600100266,2018년 2월 26일 13시,월요일,전라북도 익산시 낭산면,중상사고,0,1,0,0,차대사람 - 기타,안전운전불이행,건조,맑음,단일로 - 기타,화물,남,78세,상해없음,보행자,여,87세,중상
2018022600100346,2018년 2월 26일 15시,월요일,전라북도 전주시 완산구 중화산동2가,경상사고,0,0,1,0,차대차 - 정면충돌,안전운전불이행,건조,맑음,교차로 - 교차로안,승용,남,36세,상해없음,사륜오토바이(ATV),남,90세 이상,경상
2018022600100347,2018년 2월 26일 15시,월요일,전라북도 김제시 상동동,경상사고,0,0,2,0,차대차 - 추돌,안전거리미확보,건조,맑음,단일로 - 기타,화물,남,75세,상해없음,승용,여,37세,상해없음
2018022600100383,2018년 2월 26일 16시,월요일,전라북도 익산시 영등동,중상사고,0,1,0,0,차대사람 - 기타,안전운전불이행,건조,맑음,단일로 - 기타,이륜,남,28세,상해없음,보행자,여,9세,중상