사고번호,사고일시,요일,시군구,사고내용,사망자수,중상자수,경상자수,부상신고자수,사고유형,법규위반,노면상태,기상상태,도로형태,가해운전자 차종,가해운전자 성별,가해운전자 연령,가해운전자 상해정도,피해운전자 차종,피해운전자 성별,피해운전자 연령,피해운전자 상해정도
2018022600100418,2018년 2월 26일 17시,월요일,전라북도 진안군 진안읍,중상사고,0,1,0,0,차대사람 - 횡단중,보행자보호의무위반,건조,맑음,단일로 - 기타,승용,남,56세,상해없음,보행자,여,2세,중상
2018022600100487,2018년 2월 26일 19시,월요일,전라북도 익산시 마동,중상사고,0,1,0,0,차대차 - 측면충돌,안전운전불이행,건조,맑음,단일로 - 기타,승용,여,60세,상해없음,자전거,남,69세,중상
2018022600100488,2018년 2월 26일 19시,월요일,전라북도 김제시 금구면,중상사고,0,1,0,0,차량단독 - 전도전복 - 전도,안전운전불이행,건조,맑음,교차로 - 교차로안,이륜,남,75세,중상,미분류,미분류,미분류,미분류
2018022600100558,2018년 2월 26일 22시,월요일,전라북도 군산시 나운동,경상사고,0,0,1,0,차대차 - 측면충돌,직진우회전진행방해,건조,맑음,교차로 - 교차로안,승용,남,63세,상해없음,원동기,남,17세,경상
2018022700100033,2018년 2월 27일 02시,화요일,전라북도 전주시 덕진구 덕진동2가,경상사고,0,0,2,0,차대차 - 기타,신호위반,건조,흐림,교차로 - 교차로안,승용,여,53세,상해없음,승용,남,57세,경상
2018022700100063,2018년 2월 27일 06시,화요일,전라북도 전주시 덕진구 팔복동2가,경상사고,0,0,3,0,차대차 - 측면충돌,신호위반,건조,맑음,교차로 - 교차로안,화물,남,77세,상해없음,승용,남,69세,경상
2018022700100064,2018년 2월 27일 06시,화요일,전라북도 고창군 흥덕면,경상사고,0,0,2,0,차대차 - 측면충돌,중앙선침범,건조,맑음,단일로 - 기타,승용,여,47세,경상,승용,남,28세,경상
2018022700100221,2018년 2월 27일 13시,화요일,전라북도 전주시 완산구 서신동,경상사고,0,0,1,0,차대차 - 측면충돌,중앙선침범,건조,맑음,단일로 - 기타,승용,남,35세,상해없음,승용,남,58세,경상
2018022700100222,2018년 2월 27일 13시,화요일,전라북도 무주군 적상면,중상사고,0,2,2,0,차대차 - 추돌,신호위반,건조,맑음,교차로 - 교차로안,건설기계,남,50세,상해없음,승용,남,23세,경상
2018022700100247,2018년 2월 27일 14시,화요일,전라북도 전주시 완산구 서신동,경상사고,0,0,1,0,차대차 - 측면충돌,안전운전불이행,건조,맑음,단일로 - 기타,승용,남,62세,기타불명,승용,여,51세,경상
2018022700100248,2018년 2월 27일 14시,화요일,전라북도 부안군 변산면,중상사고,0,3,4,0,차대차 - 추돌,안전운전불이행,건조,맑음,단일로 - 기타,화물,남,74세,경상,승용,남,37세,중상
2018022700100278,2018년 2월 27일 15시,화요일,전라북도 전주시 완산구 서노송동,경상사고,0,0,3,0,차대차 - 측면충돌,안전운전불이행,건조,맑음,단일로 - 기타,승용,여,44세,상해없음,승용,남,62세,상해없음
2018022700100369,2018년 2월 27일 18시,화요일,전라북도 익산시 덕기동,경상사고,0,0,2,0,차대차 - 후진중충돌,안전운전불이행,건조,맑음,교차로 - 교차로부근,화물,남,62세,상해없음,승용,남,58세,경상
2018022700100411,2018년 2월 27일 19시,화요일,전라북도 전주시 완산구 서신동,경상사고,0,0,3,0,차대차 - 추돌,안전거리미확보,건조,맑음,교차로 - 교차로안,승용,남,43세,상해없음,승용,남,30세,경상
2018022700100412,2018년 2월 27일 19시,화요일,전라북도 군산시 서수면,경상사고,0,0,1,0,차대차 - 측면충돌,중앙선침범,건조,맑음,교차로 - 교차로부근,화물,남,59세,상해없음,화물,남,24세,경상
2018022700100413,2018년 2월 27일 19시,화요일,전라북도 정읍시 하북동,경상사고,0,0,1,0,차대차 - 추돌,안전운전불이행,건조,맑음,교차로 - 교차로부근,화물,남,53세,상해없음,화물,남,41세,경상
2018022700100414,2018년 2월 27일 19시,화요일,전라북도 남원시 천거동,경상사고,0,0,2,0,차대차 - 측면충돌,신호위반,건조,맑음,교차로 - 교차로안,화물,남,60세,상해없음,승용,남,35세,경상
2018022700100460,2018년 2월 27일 20시,화요일,전라북도 무주군 설천면,중상사고,0,1,6,0,차대차 - 정면충돌,중앙선침범,건조,맑음,단일로 - 지하차도(도로)내,승용,여,49세,상해없음,승합,남,47세,경상
2018022700100496,2018년 2월 27일 21시,화요일,전라북도 군산시 소룡동,경상사고,0,0,1,0,차대차 - 추돌,안전운전불이행,건조,맑음,교차로 - 교차로부근,승용,남,65세,상해없음,승용,남,40세,경상
2018022800100026,2018년 2월 28일 02시,수요일,전라북도 전주시 완산구 서노송동,경상사고,0,0,1,0,차대사람 - 횡단중,안전운전불이행,건조,맑음,교차로 - 교차로안,승용,여,53세,상해없음,보행자,남,54세,경상
2018022800100058,2018년 2월 28일 06시,수요일,전라북도 전주시 완산구 중화산동2가,경상사고,0,0,1,0,차대차 - 측면충돌,안전운전불이행,건조,맑음,교차로 - 교차로부근,승용,남,53세,상해없음,승용,남,41세,경상
2018022800100085,2018년 2월 28일 08시,수요일,전라북도 정읍시 감곡면,중상사고,0,2,0,0,차대사람 - 횡단중,보행자보호의무위반,건조,맑음,교차로 - 교차로안,이륜,남,82세,중상,보행자,여,83세,중상
2018022800100086,2018년 2월 28일 08시,수요일,전라북도 남원시 월락동,중상사고,0,1,1,0,차대차 - 측면충돌,신호위반,건조,맑음,교차로 - 교차로안,승용,여,48세,상해없음,승용,여,48세,중상
2018022800100135,2018년 2월 28일 10시,수요일,전라북도 전주시 덕진구 진북동,경상사고,0,0,1,0,차대차 - 추돌,안전거리미확보,건조,기타,단일로 - 기타,화물,남,72세,상해없음,승합,남,65세,상해없음
2018022800100136,2018년 2월 28일 10시,수요일,전라북도 완주군 용진읍,경상사고,0,0,1,0,차대차 - 측면충돌,신호위반,건조,맑음,교차로 - 교차로안,화물,남,75세,상해없음,승용,여,70세,경상
2018022800100164,2018년 2월 28일 11시,수요일,전라북도 익산시 남중동,중상사고,0,1,0,0,차대사람 - 횡단중,안전운전불이행,건조,맑음,단일로 - 기타,화물,남,37세,상해없음,보행자,남,90세 이상,중상
2018022800100165,2018년 2월 28일 11시,수요일,전라북도 고창군 상하면,경상사고,0,0,1,0,차대차 - 측면충돌,신호위반,젖음/습기,비,교차로 - 교차로안,화물,남,60세,상해없음,화물,남,22세,경상
2018022800100228,2018년 2월 28일 13시,수요일,전라북도 전주시 완산구 풍남동3가,경상사고,0,0,1,0,차대사람 - 횡단중,보행자보호의무위반,젖음/습기,비,교차로 - 교차로부근,승합,남,54세,상해없음,보행자,여,47세,경상
2018022800100229,2018년 2월 28일 13시,수요일,전라북도 전주시 덕진구 인후동2가,경상사고,0,0,1,0,차대차 - 기타,안전운전불이행,젖음/습기,비,교차로 - 교차로안,승용,남,76세,상해없음,승용,남,61세,경상
2018022800100307,2018년 2월 28일 15시,수요일,전라북도 익산시 모현동1가,경상사고,0,0,1,0,차대차 - 측면충돌,신호위반,젖음/습기,비,교차로 - 교차로안,승합,여,49세,상해없음,승용,여,57세,경상
2018022800100308,2018년 2월 28일 15시,수요일,전라북도 김제시 검산동,중상사고,0,1,2,0,차대차 - 측면충돌,신호위반,젖음/습기,비,교차로 - 교차로안,승용,남,57세,경상,승용,남,65세,경상
2018022800100344,2018년 2월 28일 16시,수요일,전라북도 익산시 목천동,경상사고,0,0,1,0,차대차 - 추돌,안전운전불이행,젖음/습기,비,교차로 - 교차로부근,화물,남,63세,상해없음,승용,남,34세,경상
2018022800100345,2018년 2월 28일 16시,수요일,전라북도 익산시 금마면,중상사고,0,2,1,0,차대차 - 측면충돌,안전운전불이행,젖음/습기,비,단일로 - 기타,화물,남,77세,중상,승용,여,60세,경상
2018022800100393,2018년 2월 28일 17시,수요일,전라북도 정읍시 연지동,중상사고,0,1,0,0,차대사람 - 횡단중,안전운전불이행,젖음/습기,비,단일로 - 기타,승용,남,51세,상해없음,보행자,여,54세,중상
2018022800100452,2018년 2월 28일 18시,수요일,전라북도 전주시 덕진구 인후동1가,중상사고,0,1,0,0,차대사람 - 차도통행중,안전운전불이행,젖음/습기,비,단일로 - 기타,이륜,남,54세,상해없음,보행자,여,73세,중상
2018022800100519,2018년 2월 28일 19시,수요일,전라북도 군산시 나운동,경상사고,0,0,6,0,차대차 - 측면충돌,신호위반,젖음/습기,비,교차로 - 교차로안,승용,여,62세,경상,승합,남,48세,경상
2018022800100520,2018년 2월 28일 19시,수요일,전라북도 군산시 대야면,경상사고,0,0,1,0,차대사람 - 횡단중,안전운전불이행,젖음/습기,비,단일로 - 기타,화물,남,77세,상해없음,보행자,여,76세,경상
2018022800100521,2018년 2월 28일 19시,수요일,전라북도 익산시 신동,경상사고,0,0,1,0,차대차 - 측면충돌,직진우회전진행방해,건조,맑음,교차로 - 교차로안,원동기,남,40세,경상,승용,남,49세,상해없음
2018022800100580,2018년 2월 28일 20시,수요일,전라북도 군산시 조촌동,경상사고,0,0,1,0,차대차 - 기타,신호위반,젖음/습기,맑음,교차로 - 교차로안,승용,남,23세,상해없음,승용,여,34세,경상
2018022800100581,2018년 2월 28일 20시,수요일,전라북도 군산시 미장동,경상사고,0,0,1,0,차대사람 - 횡단중,안전운전불이행,젖음/습기,비,교차로 - 교차로안,화물,남,43세,상해없음,보행자,여,13세,경상
2018022800100582,2018년 2월 28일 20시,수요일,전라북도 정읍시 하북동,중상사고,0,1,1,0,차대차 - 측면충돌,신호위반,젖음/습기,비,교차로 - 교차로안,승용,남,41세,경상,승용,남,48세,중상
2018022800100642,2018년 2월 28일 21시,수요일,전라북도 전주시 덕진구 금암동,중상사고,0,1,0,0,차대사람 - 횡단중,보행자보호의무위반,젖음/습기,비,단일로 - 기타,승용,남,39세,상해없음,보행자,남,55세,중상
2018022800100643,2018년 2월 28일 21시,수요일,전라북도 군산시 미룡동,경상사고,0,0,1,0,차대사람 - 횡단중,안전운전불이행,젖음/습기,비,교차로 - 교차로횡단보도내,승용,남,30세,상해없음,보행자,남,18세,경상
2018022800100644,2018년 2월 28일 21시,수요일,전라북도 익산시 어양동,중상사고,0,1,0,0,차대사람 - 횡단중,보행자보호의무위반,젖음/습기,비,교차로 - 교차로횡단보도내,승용,남,49세,상해없음,보행자,남,51세,중상
2018022800100645,2018년 2월 28일 21시,수요일,전라북도 김제시 순동,사망사고,1,0,0,0,차대사람 - 기타,안전운전불이행,젖음/습기,비,단일로 - 기타,화물,남,40세,기타불명,보행자,여,70세,사망
2018022800100744,2018년 2월 28일 23시,수요일,전라북도 군산시 미룡동,경상사고,0,0,2,0,차대차 - 추돌,안전거리미확보,젖음/습기,비,교차로 - 교차로부근,승용,여,25세,상해없음,승용,여,27세,경상
2018022800100745,2018년 2월 28일 23시,수요일,전라북도 익산시 어양동,경상사고,0,0,2,0,차대차 - 측면충돌,안전운전불이행,젖음/습기,비,단일로 - 기타,승용,남,41세,상해없음,승용,남,48세,상해없음
2018022800100746,2018년 2월 28일 23시,수요일,전라북도 정읍시 연지동,중상사고,0,1,1,0,차대차 - 정면충돌,신호위반,젖음/습기,흐림,교차로 - 교차로안,화물,남,47세,경상,승용,남,36세,중상
2018030100100106,2018년 3월 1일 05시,목요일,전라북도 전주시 완산구 전동,경상사고,0,0,1,0,차대차 - 추돌,안전운전불이행,젖음/습기,비,교차로 - 교차로부근,화물,남,64세,상해없음,자전거,남,75세,경상
2018030100100142,2018년 3월 1일 08시,목요일,전라북도 정읍시 장명동,부상신고사고,0,0,0,1,차대차 - 측면충돌,안전운전불이행,젖음/습기,맑음,단일로 - 기타,자전거,남,21세,부상신고,화물,남,57세,상해없음
2018030100100186,2018년 3월 1일 11시,목요일,전라북도 전주시 완산구 평화동1가,경상사고,0,0,2,0,차대차 - 기타,안전운전불이행,건조,맑음,단일로 - 기타,승용,남,64세,상해없음,승용,여,69세,경상
2018030100100187,2018년 3월 1일 11시,목요일,전라북도 김제시 요촌동,경상사고,0,0,2,0,차대차 - 측면충돌,중앙선침범,건조,맑음,단일로 - 기타,승용,남,80세,상해없음,승용,여,37세,경상
2018030100100213,2018년 3월 1일 12시,목요일,전라북도 전주시 덕진구 덕진동1가,경상사고,0,0,1,0,차대차 - 측면충돌,안전운전불이행,건조,맑음,교차로 - 교차로횡단보도내,승용,남,49세,상해없음,자전거,남,72세,경상
2018030100100214,2018년 3월 1일 12시,목요일,전라북도 익산시 낭산면,경상사고,0,0,2,0,차대차 - 측면충돌,신호위반,건조,맑음,교차로 - 교차로안,승용,남,52세,상해없음,승용,남,51세,경상
2018030100100239,2018년 3월 1일 13시,목요일,전라북도 정읍시 산외면,경상사고,0,0,2,0,차대차 - 측면충돌,신호위반,건조,맑음,교차로 - 교차로안,승용,남,79세,경상,승합,남,34세,경상
2018030100100296,2018년 3월 1일 15시,목요일,전라북도 전주시 덕진구 용정동,경상사고,0,0,1,0,차대차 - 추돌,안전운전불이행,건조,맑음,단일로 - 지하차도(도로)내,승용,남,22세,상해없음,승용,여,29세,경상
2018030100100297,2018년 3월 1일 15시,목요일,전라북도 군산시 나운동,경상사고,0,0,2,0,차대차 - 측면충돌,직진우회전진행방해,건조,맑음,교차로 - 교차로안,승용,남,66세,경상,화물,남,53세,경상
2018030100100298,2018년 3월 1일 15시,목요일,전라북도 순창군 순창읍,경상사고,0,0,2,0,차대차 - 추돌,안전운전불이행,건조,맑음,단일로 - 교량,화물,남,51세,상해없음,승용,남,49세,경상
2018030100100329,2018년 3월 1일 16시,목요일,전라북도 전주시 완산구 서신동,경상사고,0,0,5,0,차대차 - 추돌,안전거리미확보,건조,맑음,단일로 - 기타,승용,남,64세,상해없음,승용,남,34세,경상
2018030100100360,2018년 3월 1일 17시,목요일,전라북도 전주시 덕진구 인후동1가,경상사고,0,0,2,0,차대차 - 측면충돌,신호위반,건조,맑음,교차로 - 교차로안,승용,여,55세,상해없음,승용,남,61세,경상
2018030100100361,2018년 3월 1일 17시,목요일,전라북도 순창군 순창읍,경상사고,0,0,2,0,차대차 - 측면충돌,안전운전불이행,건조,맑음,교차로 - 교차로안,승용,여,37세,상해없음,승용,남,58세,상해없음
2018030100100387,2018년 3월 1일 18시,목요일,전라북도 전주시 완산구 태평동,중상사고,0,2,0,0,차대차 - 추돌,안전운전불이행,건조,맑음,단일로 - 기타,승용,남,62세,상해없음,승용,남,43세,중상
2018030100100388,2018년 3월 1일 18시,목요일,전라북도 고창군 고창읍,중상사고,0,1,0,0,차대차 - 측면충돌,직진우회전진행방해,건조,맑음,교차로 - 교차로안,승용,남,54세,상해없음,이륜,남,28세,중상
2018030100100487,2018년 3월 1일 23시,목요일,전라북도 전주시 완산구 중화산동2가,경상사고,0,0,1,0,차대차 - 측면충돌,교차로운행방법위반,건조,맑음,교차로 - 교차로안,승합,남,53세,상해없음,승용,남,32세,경상
2018030200100009,2018년 3월 2일 00시,금요일,전라북도 익산시 창인동1가,경상사고,0,0,3,0,차대차 - 측면충돌,안전거리미확보,건조,맑음,교차로 - 교차로안,화물,남,51세,상해없음,승용,남,39세,경상
2018030200100022,2018년 3월 2일 02시,금요일,전라북도 전주시 완산구 효자동3가,중상사고,0,1,1,0,차대차 - 측면충돌,신호위반,건조,맑음,교차로 - 교차로안,승용,여,35세,상해없음,승용,남,39세,중상
2018030200100095,2018년 3월 2일 08시,금요일,전라북도 군산시 서흥남동,경상사고,0,0,1,0,차대차 - 측면충돌,직진우회전진행방해,건조,맑음,교차로 - 교차로안,승용,남,56세,상해없음,자전거,남,17세,경상
2018030200100096,2018년 3월 2일 08시,금요일,전라북도 부안군 부안읍,중상사고,0,1,0,0,차대차 - 측면충돌,안전운전불이행,건조,맑음,교차로 - 교차로안,승용,여,27세,상해없음,이륜,남,75세,중상
2018030200100125,2018년 3월 2일 09시,금요일,전라북도 전주시 완산구 서완산동1가,중상사고,0,1,0,0,차대사람 - 횡단중,보행자보호의무위반,건조,맑음,교차로 - 교차로부근,화물,남,51세,상해없음,보행자,여,84세,중상
2018030200100126,2018년 3월 2일 09시,금요일,전라북도 익산시 함열읍,중상사고,0,1,0,0,차대차 - 기타,안전거리미확보,건조,맑음,단일로 - 기타,화물,남,32세,상해없음,승용,여,61세,중상
2018030200100127,2018년 3월 2일 09시,금요일,전라북도 완주군 이서면,경상사고,0,0,1,1,차대차 - 추돌,기타,건조,맑음,단일로 - 기타,화물,남,59세,상해없음,승용,남,39세,경상
2018030200100157,2018년 3월 2일 10시,금요일,전라북도 무주군 설천면,중상사고,0,1,3,0,차대차 - 추돌,안전운전불이행,건조,맑음,단일로 - 지하차도(도로)내,화물,남,70세,상해없음,승용,남,43세,경상
2018030200100216,2018년 3월 2일 12시,금요일,전라북도 군산시 산북동,중상사고,0,1,0,0,차대사람 - 횡단중,보행자보호의무위반,건조,맑음,교차로 - 교차로안,승합,남,66세,상해없음,보행자,남,80세,중상
2018030200100247,2018년 3월 2일 13시,금요일,전라북도 군산시 소룡동,경상사고,0,0,1,0,차대차 - 측면충돌,직진우회전진행방해,건조,맑음,교차로 - 교차로안,승용,여,39세,상해없음,자전거,남,67세,경상
2018030200100279,2018년 3월 2일 14시,금요일,전라북도 군산시 경암동,경상사고,0,0,1,0,차대차 - 측면충돌,안전운전불이행,건조,맑음,교차로 - 교차로안,승용,여,34세,상해없음,자전거,남,70세,경상
2018030200100280,2018년 3월 2일 14시,금요일,전라북도 익산시 모현동1가,경상사고,0,0,1,0,차대차 - 측면충돌,신호위반,건조,맑음,교차로 - 교차로안,화물,남,59세,상해없음,승용,여,42세,경상
2018030200100323,2018년 3월 2일 15시,금요일,전라북도 전주시 덕진구 우아동3가,경상사고,0,0,1,0,차대차 - 추돌,안전운전불이행,건조,맑음,단일로 - 기타,승용,남,36세,상해없음,승용,남,75세,경상
2018030200100324,2018년 3월 2일 15시,금요일,전라북도 남원시 조산동,경상사고,0,0,1,0,차대차 - 추돌,안전운전불이행,건조,맑음,교차로 - 교차로부근,승용,남,35세,상해없음,화물,남,48세,경상
2018030200100325,2018년 3월 2일 15시,금요일,전라북도 부안군 변산면,경상사고,0,0,2,0,차대차 - 후진중충돌,안전운전불이행,건조,맑음,단일로 - 기타,화물,남,50세,경상,승용,여,30세,경상
2018030200100369,2018년 3월 2일 16시,금요일,전라북도 전주시 완산구 서신동,경상사고,0,0,1,0,차대사람 - 차도통행중,안전운전불이행,건조,맑음,단일로 - 기타,승용,여,35세,상해없음,보행자,남,6세,경상
2018030200100558,2018년 3월 2일 21시,금요일,전라북도 전주시 덕진구 덕진동2가,경상사고,0,0,4,0,차대차 - 측면충돌,안전운전불이행,건조,맑음,교차로 - 교차로안,승용,남,42세,상해없음,승용,여,28세,경상
2018030200100560,2018년 3월 2일 21시,금요일,전라북도 임실군 삼계면,중상사고,0,1,0,0,차량단독 - 전도전복 - 전도,안전운전불이행,건조,맑음,단일로 - 기타,이륜,남,62세,중상,미분류,미분류,미분류,미분류
2018030200100584,2018년 3월 2일 22시,금요일,전라북도 군산시 경암동,중상사고,0,2,0,0,차대사람 - 횡단중,보행자보호의무위반,건조,맑음,교차로 - 교차로부근,화물,남,75세,상해없음,보행자,여,51세,중상
2018030300100009,2018년 3월 3일 00시,토요일,전라북도 전주시 완산구 서신동,경상사고,0,0,2,0,차대차 - 추돌,안전운전불이행,건조,맑음,교차로 - 교차로부근,승용,남,53세,상해없음,승용,남,61세,경상
2018030300100096,2018년 3월 3일 08시,토요일,전라북도 정읍시 연지동,경상사고,0,0,2,0,차대차 - 측면충돌,신호위반,건조,맑음,교차로 - 교차로안,승용,여,44세,경상,승용,남,61세,경상
2018030300100131,2018년 3월 3일 10시,토요일,전라북도 전주시 덕진구 동산동,경상사고,0,0,1,0,차대사람 - 횡단중,보행자보호의무위반,건조,맑음,교차로 - 교차로횡단보도내,승용,여,35세,상해없음,보행자,여,59세,경상
2018030300100132,2018년 3월 3일 10시,토요일,전라북도 전주시 덕진구 장동,경상사고,0,0,1,0,차대차 - 추돌,안전운전불이행,건조,맑음,교차로 - 교차로부근,승용,남,47세,상해없음,승용,여,26세,경상
2018030300100186,2018년 3월 3일 12시,토요일,전라북도 군산시 지곡동,경상사고,0,0,2,0,차대차 - 측면충돌,직진우회전진행방해,건조,맑음,교차로 - 교차로안,승용,여,33세,경상,승용,남,22세,경상
2018030300100187,2018년 3월 3일 12시,토요일,전라북도 남원시 사매면,경상사고,0,0,1,0,차대차 - 측면충돌,안전운전불이행,건조,맑음,단일로 - 기타,화물,남,63세,상해없음,승용,여,48세,경상
2018030300100188,2018년 3월 3일 12시,토요일,전라북도 부안군 상서면,경상사고,0,0,1,0,차대사람 - 기타,안전운전불이행,건조,맑음,단일로 - 기타,화물,남,65세,상해없음,보행자,여,63세,경상
2018030300100218,2018년 3월 3일 13시,토요일,전라북도 정읍시 입암면,중상사고,0,1,0,0,차대사람 - 기타,안전운전불이행,건조,맑음,단일로 - 기타,화물,남,68세,상해없음,보행자,남,68세,중상
2018030300100243,2018년 3월 3일 14시,토요일,전라북도 전주시 완산구 서노송동,중상사고,0,1,1,0,차대차 - 측면충돌,중앙선침범,건조,맑음,교차로 - 교차로부근,승용,남,25세,상해없음,승용,여,43세,경상
2018030300100271,2018년 3월 3일 15시,토요일,전라북도 전주시 덕진구 반월동,경상사고,0,0,1,0,차대차 - 추돌,안전운전불이행,건조,맑음,교차로 - 교차로부근,승용,남,56세,상해없음,승용,남,41세,경상
2018030300100301,2018년 3월 3일 16시,토요일,전라북도 부안군 주산면,경상사고,0,0,1,0,차대사람 - 기타,불법유턴,건조,맑음,교차로 - 교차로안,화물,여,58세,상해없음,보행자,남,35세,경상
2018030300100328,2018년 3월 3일 17시,토요일,전라북도 전주시 덕진구 송천동2가,경상사고,0,0,4,0,차대차 - 추돌,안전운전불이행,건조,맑음,단일로 - 기타,승용,남,28세,상해없음,승용,남,37세,경상
2018030300100457,2018년 3월 3일 21시,토요일,전라북도 전주시 덕진구 덕진동1가,경상사고,0,0,1,0,차대사람 - 기타,안전운전불이행,건조,맑음,단일로 - 기타,승용,남,34세,상해없음,보행자,여,19세,경상
2018030400100053,2018년 3월 4일 03시,일요일,전라북도 전주시 완산구 효자동3가,경상사고,0,0,3,0,차대차 - 측면충돌,안전거리미확보,건조,맑음,단일로 - 기타,승용,남,22세,상해없음,승용,남,61세,경상
2018030400100149,2018년 3월 4일 11시,일요일,전라북도 정읍시 시기동,경상사고,0,0,4,0,차대차 - 측면충돌,신호위반,건조,맑음,교차로 - 교차로안,승용,남,26세,경상,승용,남,63세,경상
2018030400100165,2018년 3월 4일 12시,일요일,전라북도 익산시 영등동,경상사고,0,0,1,0,차대사람 - 횡단중,안전운전불이행,건조,맑음,교차로 - 교차로부근,승용,여,54세,상해없음,보행자,여,52세,경상
2018030400100183,2018년 3월 4일 13시,일요일,전라북도 군산시 경암동,경상사고,0,0,1,0,차대차 - 측면충돌,직진우회전진행방해,건조,맑음,교차로 - 교차로안,화물,남,55세,상해없음,승용,여,60세,경상
2018030400100184,2018년 3월 4일 13시,일요일,전라북도 남원시 동충동,경상사고,0,0,1,0,차대차 - 측면충돌,신호위반,건조,맑음,교차로 - 교차로안,승용,남,29세,상해없음,승용,여,48세,경상
2018030400100227,2018년 3월 4일 15시,일요일,전라북도 군산시 옥산면,경상사고,0,0,1,0,차대차 - 기타,신호위반,건조,맑음,교차로 - 교차로안,승용,남,66세,상해없음,승용,남,46세,경상
2018030400100289,2018년 3월 4일 18시,일요일,전라북도 익산시 동산동,중상사고,0,1,0,0,차대사람 - 횡단중,보행자보호의무위반,건조,맑음,교차로 - 교차로횡단보도내,승용,여,34세,상해없음,보행자,남,53세,중상
2018030400100310,2018년 3월 4일 19시,일요일,전라북도 익산시 인화동2가,경상사고,0,0,2,0,차대차 - 추돌,안전운전불이행,젖음/습기,비,단일로 - 기타,승용,남,61세,상해없음,승용,남,60세,경상
2018030400100311,2018년 3월 4일 19시,일요일,전라북도 익산시 함라면,경상사고,0,0,1,0,차대차 - 기타,직진우회전진행방해,젖음/습기,비,교차로 - 교차로안,승용,남,44세,상해없음,승용,여,46세,경상
2018030400100377,2018년 3월 4일 21시,일요일,전라북도 전주시 덕진구 송천동2가,중상사고,0,2,0,0,차대사람 - 차도통행중,안전운전불이행,젖음/습기,비,교차로 - 교차로안,승용,남,52세,상해없음,보행자,남,51세,중상
2018030400100378,2018년 3월 4일 21시,일요일,전라북도 익산시 모현동1가,경상사고,0,0,1,0,차대차 - 측면충돌,안전운전불이행,젖음/습기,비,교차로 - 교차로안,화물,남,42세,상해없음,이륜,남,35세,경상
2018030400100379,2018년 3월 4일 21시,일요일,전라북도 부안군 부안읍,경상사고,0,0,1,0,차대사람 - 횡단중,안전운전불이행,젖음/습기,비,교차로 - 교차로안,승용,남,58세,상해없음,보행자,남,43세,경상
2018030400100419,2018년 3월 4일 22시,일요일,전라북도 전주시 덕진구 덕진동1가,중상사고,0,1,0,1,차대차 - 추돌,중앙선침범,젖음/습기,비,단일로 - 기타,승용,남,26세,상해없음,이륜,남,17세,중상
2018030500100059,2018년 3월 5일 05시,월요일,전라북도 전주시 완산구 효자동3가,경상사고,0,0,1,0,차대차 - 측면충돌,안전운전불이행,젖음/습기,비,단일로 - 기타,승용,남,32세,상해없음,승용,남,71세,경상
2018030500100060,2018년 3월 5일 05시,월요일,전라북도 전주시 덕진구 금암동,중상사고,0,1,0,0,차대사람 - 횡단중,신호위반,젖음/습기,비,교차로 - 교차로횡단보도내,승용,남,50세,상해없음,보행자,여,72세,중상
2018030500100126,2018년 3월 5일 08시,월요일,전라북도 정읍시 수성동,경상사고,0,0,2,0,차대차 - 측면충돌,직진우회전진행방해,젖음/습기,맑음,교차로 - 교차로안,승용,남,49세,경상,승용,여,45세,경상
2018030500100158,2018년 3월 5일 09시,월요일,전라북도 전주시 완산구 삼천동1가,경상사고,0,0,1,0,차대차 - 기타,교차로운행방법위반,젖음/습기,비,교차로 - 교차로부근,승용,남,50세,상해없음,승용,남,68세,상해없음
2018030500100159,2018년 3월 5일 09시,월요일,전라북도 전주시 완산구 삼천동1가,경상사고,0,0,1,0,차대차 - 기타,안전운전불이행,젖음/습기,비,기타 - 기타,승용,남,68세,상해없음,승용,여,54세,경상
2018030500100178,2018년 3월 5일 10시,월요일,전라북도 익산시 팔봉동,경상사고,0,0,1,0,차대차 - 측면충돌,신호위반,젖음/습기,비,교차로 - 교차로안,승용,남,70세,상해없음,승용,여,50세,경상
2018030500100200,2018년 3월 5일 11시,월요일,전라북도 남원시 왕정동,중상사고,0,1,0,0,차대차 - 기타,안전운전불이행,젖음/습기,비,단일로 - 기타,화물,남,75세,상해없음,자전거,남,78세,중상
2018030500100349,2018년 3월 5일 16시,월요일,전라북도 전주시 덕진구 우아동3가,중상사고,0,1,0,0,차대차 - 추돌,안전거리미확보,건조,맑음,단일로 - 기타,특수,남,50세,상해없음,승용,여,45세,중상
2018030500100350,2018년 3월 5일 16시,월요일,전라북도 익산시 신동,경상사고,0,0,3,0,차대차 - 측면충돌,신호위반,건조,맑음,교차로 - 교차로안,승용,여,26세,상해없음,승용,남,73세,경상
2018030500100378,2018년 3월 5일 17시,월요일,전라북도 부안군 부안읍,중상사고,0,1,0,0,차대사람 - 기타,보행자보호의무위반,건조,흐림,교차로 - 교차로횡단보도내,화물,남,25세,상해없음,보행자,여,82세,중상
2018030500100521,2018년 3월 5일 22시,월요일,전라북도 전주시 덕진구 동산동,경상사고,0,0,1,0,차대사람 - 길가장자리구역통행중,안전운전불이행,건조,맑음,교차로 - 교차로안,승용,남,51세,상해없음,보행자,여,69세,경상
2018030600100009,2018년 3월 6일 00시,화요일,전라북도 정읍시 시기동,중상사고,0,1,2,0,차대차 - 측면충돌,직진우회전진행방해,건조,맑음,교차로 - 교차로안,승용,남,60세,경상,승용,남,70세,중상