사고번호,사고일시,요일,시군구,사고내용,사망자수,중상자수,경상자수,부상신고자수,사고유형,법규위반,노면상태,기상상태,도로형태,가해운전자 차종,가해운전자 성별,가해운전자 연령,가해운전자 상해정도,피해운전자 차종,피해운전자 성별,피해운전자 연령,피해운전자 상해정도
2018030600100116,2018년 3월 6일 08시,화요일,전라북도 전주시 완산구 용복동,경상사고,0,0,1,0,차대차 - 측면충돌,교차로운행방법위반,건조,맑음,교차로 - 교차로안,승합,남,32세,상해없음,승합,남,39세,경상
2018030600100117,2018년 3월 6일 08시,화요일,전라북도 완주군 봉동읍,경상사고,0,0,1,0,차대차 - 측면충돌,차로위반,건조,맑음,단일로 - 기타,자전거,남,64세,경상,승용,남,31세,상해없음
2018030600100150,2018년 3월 6일 09시,화요일,전라북도 정읍시 상동,경상사고,0,0,7,0,차대차 - 측면충돌,직진우회전진행방해,건조,맑음,교차로 - 교차로안,승용,남,74세,경상,승합,여,52세,경상
2018030600100171,2018년 3월 6일 10시,화요일,전라북도 군산시 경암동,중상사고,0,1,0,0,차대차 - 측면충돌,안전운전불이행,건조,맑음,단일로 - 기타,승용,여,58세,상해없음,자전거,남,74세,중상
2018030600100172,2018년 3월 6일 10시,화요일,전라북도 김제시 백구면,경상사고,0,0,1,0,차대차 - 측면충돌,차로위반,건조,맑음,단일로 - 기타,화물,남,53세,상해없음,원동기,여,48세,경상
2018030600100173,2018년 3월 6일 10시,화요일,전라북도 고창군 고창읍,중상사고,0,1,0,0,차대사람 - 횡단중,보행자보호의무위반,건조,맑음,교차로 - 교차로횡단보도내,승용,여,47세,상해없음,보행자,남,61세,중상
2018030600100193,2018년 3월 6일 11시,화요일,전라북도 익산시 모현동1가,경상사고,0,0,1,0,차대차 - 측면충돌,안전운전불이행,건조,맑음,단일로 - 기타,승용,여,49세,상해없음,이륜,남,28세,경상
2018030600100194,2018년 3월 6일 11시,화요일,전라북도 김제시 금산면,경상사고,0,0,2,0,차량단독 - 도로외이탈 - 추락,안전운전불이행,건조,맑음,교차로 - 교차로안,승용,남,66세,상해없음,,,,
2018030600100211,2018년 3월 6일 12시,화요일,전라북도 순창군 순창읍,경상사고,0,0,1,0,차대차 - 측면충돌,직진우회전진행방해,건조,맑음,교차로 - 교차로안,이륜,여,70세,경상,승합,남,49세,상해없음
2018030600100290,2018년 3월 6일 15시,화요일,전라북도 부안군 하서면,중상사고,0,1,0,0,차량단독 - 전도전복 - 전도,안전운전불이행,기타,맑음,단일로 - 기타,이륜,남,82세,중상,미분류,미분류,미분류,미분류
2018030600100351,2018년 3월 6일 17시,화요일,전라북도 남원시 이백면,중상사고,0,1,1,0,차대차 - 측면충돌,안전운전불이행,건조,맑음,교차로 - 교차로안,화물,남,51세,상해없음,승용,여,58세,중상
2018030600100433,2018년 3월 6일 19시,화요일,전라북도 부안군 부안읍,경상사고,0,0,1,0,차대차 - 측면충돌,안전운전불이행,건조,맑음,단일로 - 기타,자전거,남,14세,경상,화물,남,55세,상해없음
2018030600100499,2018년 3월 6일 22시,화요일,전라북도 전주시 완산구 서신동,중상사고,0,1,0,0,차대사람 - 횡단중,보행자보호의무위반,건조,맑음,교차로 - 교차로횡단보도내,승용,남,25세,상해없음,보행자,여,57세,중상
2018030600100516,2018년 3월 6일 23시,화요일,전라북도 전주시 완산구 평화동2가,중상사고,0,1,0,0,차대사람 - 횡단중,과속,건조,맑음,교차로 - 교차로안,승용,남,52세,상해없음,보행자,남,25세,중상
2018030600100517,2018년 3월 6일 23시,화요일,전라북도 전주시 덕진구 덕진동1가,중상사고,0,1,0,0,차대차 - 측면충돌,안전운전불이행,건조,맑음,단일로 - 기타,승용,남,65세,상해없음,이륜,남,31세,중상
2018030700100128,2018년 3월 7일 09시,수요일,전라북도 남원시 아영면,경상사고,0,0,1,0,차대차 - 기타,안전운전불이행,건조,맑음,교차로 - 교차로안,이륜,남,71세,경상,승합,남,53세,상해없음
2018030700100181,2018년 3월 7일 11시,수요일,전라북도 군산시 나운동,중상사고,0,1,0,0,차대사람 - 기타,안전운전불이행,건조,맑음,기타 - 기타,승용,남,55세,상해없음,보행자,여,62세,중상
2018030700100216,2018년 3월 7일 13시,수요일,전라북도 정읍시 수성동,경상사고,0,0,1,0,차대차 - 측면충돌,안전운전불이행,건조,맑음,단일로 - 교량,건설기계,남,66세,상해없음,승용,여,50세,경상
2018030700100235,2018년 3월 7일 14시,수요일,전라북도 순창군 복흥면,경상사고,0,0,1,0,차량단독 - 전도전복 - 전도,안전운전불이행,건조,맑음,기타 - 기타,사륜오토바이(ATV),여,77세,경상,미분류,미분류,미분류,미분류
2018030700100268,2018년 3월 7일 15시,수요일,전라북도 익산시 춘포면,경상사고,0,0,1,0,차대사람 - 횡단중,안전운전불이행,건조,맑음,교차로 - 교차로부근,화물,남,42세,상해없음,보행자,남,12세,경상
2018030700100290,2018년 3월 7일 16시,수요일,전라북도 군산시 소룡동,경상사고,0,0,1,0,차대차 - 기타,안전운전불이행,건조,맑음,교차로 - 교차로안,승용,남,72세,상해없음,승용,여,24세,경상
2018030700100291,2018년 3월 7일 16시,수요일,전라북도 정읍시 연지동,중상사고,0,1,0,0,차대사람 - 횡단중,보행자보호의무위반,건조,맑음,단일로 - 기타,이륜,남,63세,상해없음,보행자,여,62세,중상
2018030700100389,2018년 3월 7일 19시,수요일,전라북도 전주시 덕진구 인후동1가,중상사고,0,1,0,0,차대사람 - 횡단중,신호위반,젖음/습기,비,교차로 - 교차로횡단보도내,승용,남,65세,상해없음,보행자,남,13세,중상
2018030700100390,2018년 3월 7일 19시,수요일,전라북도 김제시 백산면,경상사고,0,0,1,0,차대차 - 측면충돌,차로위반,젖음/습기,비,단일로 - 기타,승용,여,60세,상해없음,승용,남,49세,경상
2018030700100427,2018년 3월 7일 20시,수요일,전라북도 순창군 팔덕면,경상사고,0,0,1,0,차량단독 - 공작물충돌,안전운전불이행,젖음/습기,비,교차로 - 교차로안,화물,남,43세,경상,,,,
2018030700100465,2018년 3월 7일 21시,수요일,전라북도 전주시 완산구 색장동,경상사고,0,0,3,0,차대차 - 측면충돌,차로위반,젖음/습기,비,단일로 - 기타,승용,남,54세,상해없음,승용,남,38세,경상
2018030700100466,2018년 3월 7일 21시,수요일,전라북도 전주시 완산구 효자동2가,경상사고,0,0,1,0,차대사람 - 횡단중,신호위반,젖음/습기,비,단일로 - 기타,승용,남,61세,상해없음,보행자,남,16세,경상
2018030700100467,2018년 3월 7일 21시,수요일,전라북도 전주시 덕진구 호성동1가,경상사고,0,0,1,0,차대차 - 추돌,안전거리미확보,젖음/습기,비,단일로 - 기타,승용,남,61세,상해없음,승용,남,53세,경상
2018030700100468,2018년 3월 7일 21시,수요일,전라북도 무주군 안성면,중상사고,0,1,1,0,차대차 - 측면충돌,중앙선침범,젖음/습기,비,단일로 - 지하차도(도로)내,승합,여,43세,상해없음,화물,남,64세,중상
2018030700100516,2018년 3월 7일 22시,수요일,전라북도 전주시 덕진구 송천동2가,경상사고,0,0,1,0,차대차 - 측면충돌,안전운전불이행,젖음/습기,비,교차로 - 교차로부근,승합,남,35세,상해없음,이륜,남,19세,경상
2018030700100517,2018년 3월 7일 22시,수요일,전라북도 군산시 나운동,경상사고,0,0,1,0,차대차 - 기타,신호위반,젖음/습기,비,교차로 - 교차로안,승용,여,30세,상해없음,승용,여,51세,경상
2018030700100547,2018년 3월 7일 23시,수요일,전라북도 전주시 덕진구 여의동,경상사고,0,0,2,0,차대차 - 측면충돌,신호위반,젖음/습기,비,교차로 - 교차로안,승용,여,44세,상해없음,승용,남,45세,경상
2018030700100548,2018년 3월 7일 23시,수요일,전라북도 전주시 덕진구 팔복동1가,중상사고,0,1,0,0,차대사람 - 횡단중,안전운전불이행,젖음/습기,비,단일로 - 기타,승용,남,63세,상해없음,보행자,남,47세,중상
2018030700100549,2018년 3월 7일 23시,수요일,전라북도 군산시 사정동,경상사고,0,0,1,0,차대차 - 추돌,안전운전불이행,젖음/습기,비,교차로 - 교차로부근,승용,남,63세,상해없음,승용,남,29세,경상
2018030800100081,2018년 3월 8일 05시,목요일,전라북도 완주군 삼례읍,중상사고,0,1,0,0,차대사람 - 횡단중,안전운전불이행,젖음/습기,비,교차로 - 교차로안,승용,남,61세,상해없음,보행자,여,82세,중상
2018030800100095,2018년 3월 8일 06시,목요일,전라북도 전주시 덕진구 우아동1가,경상사고,0,0,2,0,차대차 - 측면충돌,안전운전불이행,젖음/습기,비,교차로 - 교차로부근,승용,남,37세,상해없음,승용,남,23세,경상
2018030800100163,2018년 3월 8일 08시,목요일,전라북도 전주시 덕진구 인후동1가,경상사고,0,0,1,1,차대차 - 기타,안전거리미확보,젖음/습기,비,단일로 - 기타,승용,여,31세,상해없음,승용,여,35세,경상
2018030800100164,2018년 3월 8일 08시,목요일,전라북도 전주시 덕진구 팔복동1가,경상사고,0,0,1,0,차대차 - 기타,안전운전불이행,젖음/습기,비,교차로 - 교차로안,승용,여,26세,상해없음,승용,남,55세,경상
2018030800100165,2018년 3월 8일 08시,목요일,전라북도 군산시 나운동,경상사고,0,0,1,0,차대차 - 기타,안전운전불이행,젖음/습기,비,교차로 - 교차로부근,승용,남,63세,상해없음,승용,남,34세,경상
2018030800100166,2018년 3월 8일 08시,목요일,전라북도 부안군 부안읍,경상사고,0,0,2,0,차대차 - 측면충돌,교차로운행방법위반,젖음/습기,비,교차로 - 교차로안,승용,여,58세,경상,승용,여,35세,상해없음
2018030800100189,2018년 3월 8일 09시,목요일,전라북도 군산시 수송동,중상사고,0,1,0,0,차대차 - 기타,신호위반,젖음/습기,비,교차로 - 교차로부근,승용,남,75세,상해없음,자전거,여,55세,중상
2018030800100190,2018년 3월 8일 09시,목요일,전라북도 무주군 적상면,사망사고,1,0,0,0,차량단독 - 도로외이탈 - 추락,안전운전불이행,젖음/습기,눈,단일로 - 지하차도(도로)내,농기계,남,76세,사망,,,,
2018030800100211,2018년 3월 8일 10시,목요일,전라북도 군산시 수송동,경상사고,0,0,3,0,차대차 - 기타,중앙선침범,젖음/습기,흐림,교차로 - 교차로부근,승용,남,72세,상해없음,승용,남,52세,경상
2018030800100212,2018년 3월 8일 10시,목요일,전라북도 김제시 성덕면,경상사고,0,0,2,0,차대차 - 측면충돌,직진우회전진행방해,젖음/습기,비,교차로 - 교차로안,화물,남,65세,경상,화물,남,61세,경상
2018030800100256,2018년 3월 8일 12시,목요일,전라북도 무주군 적상면,중상사고,0,1,0,0,차대차 - 추돌,중앙선침범,서리/결빙,흐림,단일로 - 지하차도(도로)내,화물,남,68세,상해없음,이륜,남,43세,중상
2018030800100283,2018년 3월 8일 13시,목요일,전라북도 군산시 나운동,중상사고,0,1,0,0,차대차 - 기타,안전운전불이행,건조,맑음,교차로 - 교차로안,승용,남,42세,상해없음,원동기,남,32세,중상
2018030800100311,2018년 3월 8일 14시,목요일,전라북도 전주시 덕진구 팔복동2가,경상사고,0,0,1,0,차대차 - 기타,불법유턴,건조,기타,기타 - 기타,승용,남,51세,상해없음,승용,여,42세,경상
2018030800100329,2018년 3월 8일 15시,목요일,전라북도 완주군 삼례읍,경상사고,0,0,1,0,차대사람 - 기타,안전운전불이행,건조,맑음,주차장 - 주차장,기타불명,기타불명,미분류,기타불명,보행자,남,10세,경상
2018030800100377,2018년 3월 8일 17시,목요일,전라북도 완주군 삼례읍,중상사고,0,1,0,0,차대차 - 기타,안전운전불이행,건조,맑음,교차로 - 교차로안,화물,남,66세,상해없음,승용,여,54세,중상
2018030800100423,2018년 3월 8일 19시,목요일,전라북도 익산시 함열읍,부상신고사고,0,0,0,1,차대차 - 추돌,안전운전불이행,건조,맑음,단일로 - 기타,승용,여,49세,부상신고,승용,여,57세,상해없음
2018030800100459,2018년 3월 8일 20시,목요일,전라북도 전주시 완산구 효자동1가,경상사고,0,0,2,0,차대차 - 측면충돌,신호위반,건조,맑음,교차로 - 교차로안,승용,남,69세,상해없음,승용,남,29세,경상
2018030800100460,2018년 3월 8일 20시,목요일,전라북도 익산시 영등동,경상사고,0,0,1,0,차대사람 - 횡단중,보행자보호의무위반,건조,맑음,교차로 - 교차로횡단보도내,승용,남,64세,상해없음,보행자,남,33세,경상
2018030800100461,2018년 3월 8일 20시,목요일,전라북도 완주군 용진읍,경상사고,0,0,3,0,차대차 - 측면충돌,안전운전불이행,건조,맑음,교차로 - 교차로부근,화물,남,65세,상해없음,승용,남,61세,경상
2018030800100482,2018년 3월 8일 21시,목요일,전라북도 남원시 동충동,경상사고,0,0,1,0,차대차 - 기타,안전운전불이행,건조,맑음,교차로 - 교차로안,승용,남,66세,상해없음,승용,남,25세,상해없음
2018030800100536,2018년 3월 8일 23시,목요일,전라북도 김제시 검산동,경상사고,0,0,2,0,차대차 - 추돌,안전운전불이행,건조,맑음,교차로 - 교차로안,승용,남,29세,상해없음,승용,여,49세,경상
2018030900100011,2018년 3월 9일 00시,금요일,전라북도 김제시 금산면,중상사고,0,3,1,0,차대차 - 기타,안전운전불이행,건조,맑음,단일로 - 기타,승용,여,43세,상해없음,승용,남,54세,상해없음
2018030900100024,2018년 3월 9일 01시,금요일,전라북도 군산시 수송동,경상사고,0,0,1,0,차대사람 - 기타,안전운전불이행,건조,맑음,교차로 - 교차로안,승용,남,57세,상해없음,보행자,남,43세,경상
2018030900100086,2018년 3월 9일 07시,금요일,전라북도 전주시 덕진구 송천동2가,경상사고,0,0,1,0,차대차 - 측면충돌,안전거리미확보,건조,맑음,단일로 - 기타,승용,남,48세,상해없음,승용,남,44세,경상
2018030900100122,2018년 3월 9일 08시,금요일,전라북도 김제시 서암동,중상사고,0,1,0,0,차대사람 - 차도통행중,안전운전불이행,건조,맑음,단일로 - 기타,승용,여,64세,상해없음,보행자,여,61세,중상
2018030900100185,2018년 3월 9일 12시,금요일,전라북도 무주군 적상면,경상사고,0,0,3,0,차대차 - 측면충돌,안전운전불이행,건조,맑음,교차로 - 교차로안,화물,남,40세,경상,승합,남,59세,경상
2018030900100204,2018년 3월 9일 13시,금요일,전라북도 정읍시 구룡동,경상사고,0,0,1,0,차대사람 - 차도통행중,안전운전불이행,건조,맑음,단일로 - 기타,자전거,남,71세,상해없음,보행자,여,7세,경상
2018030900100230,2018년 3월 9일 14시,금요일,전라북도 완주군 화산면,중상사고,0,1,0,0,차량단독 - 도로외이탈 - 기타,안전운전불이행,건조,맑음,단일로 - 기타,사륜오토바이(ATV),여,60세,중상,,,,
2018030900100388,2018년 3월 9일 19시,금요일,전라북도 부안군 계화면,경상사고,0,0,1,0,차량단독 - 전도전복 - 전도,안전운전불이행,건조,맑음,단일로 - 기타,이륜,남,58세,경상,미분류,미분류,미분류,미분류
2018030900100454,2018년 3월 9일 21시,금요일,전라북도 무주군 무주읍,중상사고,0,1,0,0,차대사람 - 차도통행중,안전운전불이행,건조,맑음,단일로 - 기타,승용,남,42세,상해없음,보행자,남,77세,중상
2018030900100522,2018년 3월 9일 23시,금요일,전라북도 김제시 공덕면,중상사고,0,1,2,0,차대차 - 추돌,안전운전불이행,건조,맑음,단일로 - 기타,승용,남,35세,경상,화물,남,58세,경상
2018030900100523,2018년 3월 9일 23시,금요일,전라북도 김제시 공덕면,경상사고,0,0,2,0,차량단독 - 공작물충돌,안전운전불이행,건조,맑음,단일로 - 기타,승용,여,44세,경상,,,,
2018031000100034,2018년 3월 10일 01시,토요일,전라북도 전주시 덕진구 여의동,경상사고,0,0,1,0,차대차 - 기타,신호위반,건조,맑음,교차로 - 교차로횡단보도내,승용,남,49세,상해없음,자전거,남,22세,경상
2018031000100057,2018년 3월 10일 02시,토요일,전라북도 전주시 완산구 효자동2가,중상사고,0,1,0,0,차대차 - 측면충돌,신호위반,건조,맑음,교차로 - 교차로안,승용,남,28세,상해없음,승용,남,51세,중상
2018031000100081,2018년 3월 10일 04시,토요일,전라북도 전주시 완산구 효자동3가,경상사고,0,0,3,0,차대차 - 측면충돌,신호위반,건조,맑음,교차로 - 교차로안,승용,남,53세,상해없음,승용,남,65세,경상
2018031000100095,2018년 3월 10일 05시,토요일,전라북도 전주시 덕진구 송천동2가,중상사고,0,1,0,0,차대사람 - 횡단중,보행자보호의무위반,건조,기타,단일로 - 기타,승용,남,45세,상해없음,보행자,남,48세,중상
2018031000100151,2018년 3월 10일 09시,토요일,전라북도 전주시 완산구 효자동3가,경상사고,0,0,5,0,차대차 - 추돌,안전운전불이행,건조,맑음,교차로 - 교차로부근,승용,남,29세,상해없음,승용,남,41세,경상
2018031000100224,2018년 3월 10일 12시,토요일,전라북도 부안군 행안면,중상사고,0,1,0,0,차대차 - 정면충돌,직진우회전진행방해,건조,맑음,교차로 - 교차로안,승용,여,35세,상해없음,이륜,남,72세,중상
2018031000100255,2018년 3월 10일 13시,토요일,전라북도 남원시 주생면,경상사고,0,0,1,0,차대차 - 측면충돌,신호위반,건조,맑음,교차로 - 교차로안,승합,남,57세,상해없음,화물,여,59세,경상
2018031000100317,2018년 3월 10일 15시,토요일,전라북도 김제시 서암동,경상사고,0,0,1,0,차대차 - 측면충돌,차로위반,건조,맑음,교차로 - 교차로안,승용,남,52세,상해없음,원동기,남,75세,경상
2018031000100379,2018년 3월 10일 17시,토요일,전라북도 전주시 덕진구 산정동,경상사고,0,0,1,0,차대사람 - 횡단중,중앙선침범,건조,맑음,교차로 - 교차로부근,승용,남,52세,상해없음,보행자,여,64세,경상
2018031000100403,2018년 3월 10일 18시,토요일,전라북도 익산시 황등면,경상사고,0,0,2,0,차대차 - 측면충돌,안전운전불이행,건조,맑음,교차로 - 교차로안,승용,여,50세,상해없음,화물,남,59세,경상
2018031000100446,2018년 3월 10일 19시,토요일,전라북도 익산시 신용동,경상사고,0,0,1,0,차대차 - 측면충돌,안전운전불이행,건조,맑음,단일로 - 기타,승용,남,24세,상해없음,승용,남,45세,경상
2018031000100481,2018년 3월 10일 20시,토요일,전라북도 전주시 덕진구 팔복동2가,경상사고,0,0,1,0,차대사람 - 횡단중,안전운전불이행,건조,맑음,교차로 - 교차로횡단보도내,승용,남,40세,상해없음,보행자,여,35세,경상
2018031000100482,2018년 3월 10일 20시,토요일,전라북도 전주시 덕진구 호성동2가,중상사고,0,1,0,0,차대차 - 추돌,안전운전불이행,건조,맑음,교차로 - 교차로부근,승용,남,41세,상해없음,승용,여,46세,중상
2018031000100536,2018년 3월 10일 22시,토요일,전라북도 전주시 완산구 효자동3가,경상사고,0,0,1,0,차대차 - 측면충돌,신호위반,건조,맑음,교차로 - 교차로안,승용,남,29세,상해없음,승용,남,61세,경상
2018031100100075,2018년 3월 11일 06시,일요일,전라북도 김제시 금구면,사망사고,1,0,0,0,차대차 - 측면충돌,안전거리미확보,건조,맑음,단일로 - 기타,이륜,남,66세,사망,승합,남,44세,상해없음
2018031100100096,2018년 3월 11일 08시,일요일,전라북도 익산시 신동,경상사고,0,0,1,0,차대차 - 측면충돌,중앙선침범,건조,맑음,단일로 - 기타,승용,남,44세,상해없음,승용,남,39세,경상
2018031100100097,2018년 3월 11일 08시,일요일,전라북도 무주군 적상면,사망사고,1,0,0,0,차량단독 - 도로외이탈 - 추락,안전운전불이행,건조,맑음,단일로 - 기타,승용,남,29세,사망,,,,
2018031100100165,2018년 3월 11일 12시,일요일,전라북도 군산시 내흥동,중상사고,0,1,0,0,차대차 - 기타,교차로운행방법위반,건조,맑음,교차로 - 교차로안,승용,남,45세,상해없음,원동기,남,79세,중상
2018031100100189,2018년 3월 11일 13시,일요일,전라북도 부안군 행안면,중상사고,0,1,1,0,차대차 - 측면충돌,신호위반,건조,맑음,교차로 - 교차로안,승용,여,61세,경상,승용,여,71세,중상
2018031100100204,2018년 3월 11일 14시,일요일,전라북도 정읍시 감곡면,중상사고,0,1,0,0,차대사람 - 기타,안전운전불이행,건조,맑음,교차로 - 교차로부근,승용,여,63세,상해없음,보행자,여,84세,중상
2018031100100224,2018년 3월 11일 15시,일요일,전라북도 전주시 덕진구 산정동,중상사고,0,1,1,0,차대차 - 측면충돌,신호위반,건조,맑음,교차로 - 교차로안,승합,여,53세,상해없음,승용,남,42세,경상
2018031100100225,2018년 3월 11일 15시,일요일,전라북도 정읍시 산외면,중상사고,0,1,1,0,차량단독 - 도로외이탈 - 추락,안전운전불이행,건조,맑음,기타 - 기타,화물,남,58세,경상,,,,
2018031100100296,2018년 3월 11일 17시,일요일,전라북도 진안군 주천면,경상사고,0,0,1,0,차대차 - 정면충돌,중앙선침범,건조,맑음,단일로 - 기타,화물,남,74세,상해없음,화물,여,51세,경상
2018031100100321,2018년 3월 11일 18시,일요일,전라북도 부안군 변산면,중상사고,0,1,0,0,차대차 - 측면충돌,중앙선침범,건조,맑음,단일로 - 기타,승용,여,29세,상해없음,승용,여,49세,중상
2018031100100322,2018년 3월 11일 18시,일요일,전라북도 순창군 동계면,사망사고,2,0,0,0,차량단독 - 도로외이탈 - 기타,안전운전불이행,건조,맑음,단일로 - 기타,화물,남,43세,사망,,,,
2018031100100350,2018년 3월 11일 19시,일요일,전라북도 익산시 함열읍,경상사고,0,0,1,0,차대차 - 기타,중앙선침범,건조,맑음,단일로 - 기타,화물,여,54세,상해없음,승용,남,28세,상해없음
2018031100100375,2018년 3월 11일 20시,일요일,전라북도 군산시 경암동,경상사고,0,0,2,0,차대사람 - 기타,안전운전불이행,건조,맑음,기타 - 기타,이륜,남,25세,상해없음,보행자,여,18세,경상
2018031100100402,2018년 3월 11일 21시,일요일,전라북도 전주시 완산구 중화산동2가,중상사고,0,1,0,0,차대사람 - 횡단중,안전운전불이행,건조,맑음,교차로 - 교차로안,승용,남,66세,상해없음,보행자,여,57세,중상
2018031100100403,2018년 3월 11일 21시,일요일,전라북도 김제시 요촌동,중상사고,0,1,1,0,차대차 - 측면충돌,교차로운행방법위반,건조,맑음,교차로 - 교차로안,승용,남,24세,상해없음,승용,남,34세,중상
2018031100100422,2018년 3월 11일 23시,일요일,전라북도 익산시 남중동,경상사고,0,0,1,0,차대차 - 측면충돌,교차로운행방법위반,건조,맑음,교차로 - 교차로안,승용,남,36세,상해없음,화물,여,50세,경상
2018031100100423,2018년 3월 11일 23시,일요일,전라북도 익산시 남중동,경상사고,0,0,3,0,차대차 - 측면충돌,교차로운행방법위반,건조,맑음,교차로 - 교차로안,승용,여,40세,상해없음,승용,남,60세,경상
2018031200100017,2018년 3월 12일 03시,월요일,전라북도 전주시 완산구 효자동3가,경상사고,0,0,2,0,차대차 - 측면충돌,신호위반,건조,맑음,교차로 - 교차로안,승용,여,30세,경상,승용,남,37세,경상
2018031200100049,2018년 3월 12일 06시,월요일,전라북도 전주시 완산구 다가동2가,경상사고,0,0,2,0,차대차 - 정면충돌,신호위반,건조,맑음,교차로 - 교차로안,승용,남,34세,경상,승용,남,52세,경상
2018031200100060,2018년 3월 12일 07시,월요일,전라북도 순창군 순창읍,중상사고,0,1,0,0,차대차 - 측면충돌,안전운전불이행,건조,맑음,교차로 - 교차로안,승용,남,51세,상해없음,화물,남,38세,중상
2018031200100087,2018년 3월 12일 08시,월요일,전라북도 군산시 회현면,경상사고,0,0,1,0,차대사람 - 기타,안전운전불이행,젖음/습기,안개,단일로 - 기타,농기계,남,74세,상해없음,보행자,남,54세,경상
2018031200100132,2018년 3월 12일 09시,월요일,전라북도 전주시 덕진구 송천동2가,경상사고,0,0,1,0,차대차 - 측면충돌,중앙선침범,건조,맑음,교차로 - 교차로부근,건설기계,남,50세,상해없음,화물,남,44세,경상
2018031200100133,2018년 3월 12일 09시,월요일,전라북도 정읍시 수성동,경상사고,0,0,1,0,차대차 - 측면충돌,직진우회전진행방해,건조,맑음,교차로 - 교차로안,자전거,여,62세,경상,승용,남,57세,상해없음
2018031200100161,2018년 3월 12일 10시,월요일,전라북도 정읍시 수성동,중상사고,0,1,0,0,차대차 - 측면충돌,중앙선침범,건조,맑음,단일로 - 기타,승용,여,25세,상해없음,자전거,남,77세,중상
2018031200100212,2018년 3월 12일 12시,월요일,전라북도 전주시 덕진구 우아동3가,중상사고,0,1,0,0,차대차 - 측면충돌,직진우회전진행방해,건조,맑음,교차로 - 교차로안,승용,남,23세,상해없음,원동기,남,47세,중상
2018031200100250,2018년 3월 12일 13시,월요일,전라북도 김제시 요촌동,경상사고,0,0,1,0,차대사람 - 길가장자리구역통행중,안전운전불이행,건조,맑음,교차로 - 교차로안,화물,남,68세,상해없음,보행자,여,79세,경상
2018031200100251,2018년 3월 12일 13시,월요일,전라북도 김제시 검산동,경상사고,0,0,2,0,차대차 - 측면충돌,교차로운행방법위반,건조,맑음,교차로 - 교차로안,승용,남,67세,상해없음,승용,여,64세,경상
2018031200100282,2018년 3월 12일 14시,월요일,전라북도 전주시 덕진구 진북동,중상사고,0,1,0,0,차대차 - 측면충돌,안전운전불이행,건조,맑음,단일로 - 기타,화물,남,69세,상해없음,자전거,여,65세,중상
2018031200100309,2018년 3월 12일 15시,월요일,전라북도 익산시 여산면,경상사고,0,0,1,0,차대차 - 기타,차로위반,건조,맑음,단일로 - 기타,기타불명,기타불명,미분류,기타불명,승용,남,46세,경상
2018031200100345,2018년 3월 12일 16시,월요일,전라북도 전주시 완산구 중화산동1가,경상사고,0,0,1,0,차대차 - 추돌,안전운전불이행,건조,맑음,교차로 - 교차로부근,승용,남,21세,상해없음,이륜,남,54세,경상
2018031200100346,2018년 3월 12일 16시,월요일,전라북도 전주시 덕진구 덕진동1가,경상사고,0,0,1,0,차대차 - 추돌,안전운전불이행,건조,맑음,교차로 - 교차로부근,승용,남,75세,상해없음,승용,남,23세,경상
2018031200100347,2018년 3월 12일 16시,월요일,전라북도 전주시 덕진구 인후동1가,중상사고,0,1,0,0,차대차 - 측면충돌,안전거리미확보,건조,맑음,교차로 - 교차로부근,승용,여,44세,상해없음,승용,여,42세,중상
2018031200100348,2018년 3월 12일 16시,월요일,전라북도 익산시 중앙동1가,경상사고,0,0,1,0,차대차 - 측면충돌,안전운전불이행,건조,맑음,단일로 - 기타,승용,여,65세,기타불명,승용,여,60세,경상
2018031200100349,2018년 3월 12일 16시,월요일,전라북도 익산시 삼기면,경상사고,0,0,2,0,차대차 - 측면충돌,신호위반,건조,맑음,교차로 - 교차로안,화물,여,49세,경상,승용,여,50세,경상
2018031200100387,2018년 3월 12일 17시,월요일,전라북도 전주시 완산구 서신동,경상사고,0,0,1,0,차대차 - 측면충돌,교차로운행방법위반,건조,맑음,교차로 - 교차로안,승용,여,26세,상해없음,승용,여,24세,경상
2018031200100388,2018년 3월 12일 17시,월요일,전라북도 김제시 요촌동,경상사고,0,0,1,0,차대차 - 측면충돌,차로위반,건조,맑음,단일로 - 기타,화물,남,63세,상해없음,승용,남,30세,경상
2018031200100420,2018년 3월 12일 18시,월요일,전라북도 군산시 선양동,부상신고사고,0,0,0,1,차대차 - 기타,안전운전불이행,건조,맑음,교차로 - 교차로안,기타불명,기타불명,미분류,기타불명,자전거,남,14세,부상신고
2018031200100421,2018년 3월 12일 18시,월요일,전라북도 김제시 서암동,경상사고,0,0,1,0,차대차 - 측면충돌,중앙선침범,건조,맑음,교차로 - 교차로부근,승용,남,32세,상해없음,승용,남,61세,경상
2018031200100422,2018년 3월 12일 18시,월요일,전라북도 김제시 요촌동,중상사고,0,1,0,0,차대차 - 측면충돌,안전운전불이행,건조,맑음,단일로 - 기타,승용,남,61세,상해없음,자전거,남,13세,중상
2018031200100484,2018년 3월 12일 20시,월요일,전라북도 익산시 송학동,중상사고,0,1,0,0,차대차 - 측면충돌,안전운전불이행,건조,맑음,교차로 - 교차로안,승용,남,27세,상해없음,이륜,남,17세,중상
2018031200100514,2018년 3월 12일 21시,월요일,전라북도 전주시 덕진구 금암동,중상사고,0,1,0,0,차대차 - 측면충돌,신호위반,건조,맑음,교차로 - 교차로안,승용,남,63세,상해없음,승용,여,60세,중상