사고번호,사고일시,요일,시군구,사고내용,사망자수,중상자수,경상자수,부상신고자수,사고유형,법규위반,노면상태,기상상태,도로형태,가해운전자 차종,가해운전자 성별,가해운전자 연령,가해운전자 상해정도,피해운전자 차종,피해운전자 성별,피해운전자 연령,피해운전자 상해정도
2018031300100095,2018년 3월 13일 08시,화요일,전라북도 김제시 백산면,중상사고,0,1,0,0,차대차 - 측면충돌,교차로운행방법위반,건조,맑음,교차로 - 교차로안,승용,남,48세,상해없음,승용,남,32세,중상
2018031300100096,2018년 3월 13일 08시,화요일,전라북도 김제시 용지면,중상사고,0,2,0,0,차대차 - 정면충돌,중앙선침범,건조,맑음,단일로 - 기타,화물,남,62세,중상,화물,남,61세,중상
2018031300100097,2018년 3월 13일 08시,화요일,전라북도 김제시 부량면,중상사고,0,3,0,0,차량단독 - 공작물충돌,안전운전불이행,건조,맑음,교차로 - 교차로안,승용,여,44세,중상,,,,
2018031300100138,2018년 3월 13일 09시,화요일,전라북도 군산시 경장동,경상사고,0,0,1,0,차대차 - 기타,신호위반,건조,맑음,교차로 - 교차로안,승용,남,34세,상해없음,승용,여,47세,경상
2018031300100139,2018년 3월 13일 09시,화요일,전라북도 부안군 동진면,중상사고,0,1,0,0,차대사람 - 기타,안전운전불이행,건조,맑음,단일로 - 기타,화물,남,56세,상해없음,보행자,여,87세,중상
2018031300100182,2018년 3월 13일 11시,화요일,전라북도 군산시 미룡동,경상사고,0,0,2,0,차대차 - 기타,안전거리미확보,건조,맑음,단일로 - 기타,승용,남,23세,상해없음,승용,남,61세,경상
2018031300100212,2018년 3월 13일 12시,화요일,전라북도 고창군 무장면,경상사고,0,0,1,0,차대차 - 측면충돌,신호위반,건조,맑음,교차로 - 교차로안,승합,남,47세,상해없음,건설기계,남,52세,경상
2018031300100232,2018년 3월 13일 13시,화요일,전라북도 군산시 지곡동,경상사고,0,0,1,0,차대차 - 기타,교차로운행방법위반,건조,맑음,교차로 - 교차로안,승용,남,51세,상해없음,승용,여,43세,경상
2018031300100233,2018년 3월 13일 13시,화요일,전라북도 남원시 금지면,경상사고,0,0,2,0,차대차 - 측면충돌,안전운전불이행,건조,맑음,단일로 - 기타,화물,남,40세,상해없음,화물,여,66세,경상
2018031300100261,2018년 3월 13일 14시,화요일,전라북도 정읍시 태인면,경상사고,0,0,1,0,차대차 - 정면충돌,중앙선침범,건조,맑음,교차로 - 교차로부근,승용,남,29세,경상,승용,남,73세,상해없음
2018031300100262,2018년 3월 13일 14시,화요일,전라북도 완주군 봉동읍,경상사고,0,0,1,0,차량단독 - 도로외이탈 - 추락,안전운전불이행,건조,맑음,단일로 - 기타,화물,남,62세,상해없음,,,,
2018031300100337,2018년 3월 13일 16시,화요일,전라북도 군산시 오식도동,경상사고,0,0,1,0,차대차 - 기타,직진우회전진행방해,건조,맑음,교차로 - 교차로안,승용,남,51세,상해없음,화물,남,70세,경상
2018031300100376,2018년 3월 13일 17시,화요일,전라북도 군산시 문화동,경상사고,0,0,1,0,차대차 - 기타,안전거리미확보,건조,맑음,단일로 - 기타,승용,남,40세,상해없음,승용,남,41세,경상
2018031300100413,2018년 3월 13일 18시,화요일,전라북도 부안군 부안읍,부상신고사고,0,0,0,1,차대사람 - 기타,안전운전불이행,건조,맑음,단일로 - 기타,기타불명,기타불명,기타불명,기타불명,보행자,남,31세,부상신고
2018031300100453,2018년 3월 13일 19시,화요일,전라북도 군산시 서흥남동,경상사고,0,0,1,0,차대사람 - 횡단중,보행자보호의무위반,건조,맑음,교차로 - 교차로횡단보도내,승용,남,66세,상해없음,보행자,여,65세,경상
2018031300100454,2018년 3월 13일 19시,화요일,전라북도 완주군 봉동읍,중상사고,0,1,0,0,차대사람 - 횡단중,안전운전불이행,건조,맑음,교차로 - 교차로부근,화물,남,66세,상해없음,보행자,여,11세,중상
2018031400100109,2018년 3월 14일 08시,수요일,전라북도 익산시 신동,경상사고,0,0,1,0,차대차 - 측면충돌,신호위반,건조,맑음,교차로 - 교차로안,승용,여,57세,상해없음,승용,남,25세,경상
2018031400100110,2018년 3월 14일 08시,수요일,전라북도 김제시 신풍동,경상사고,0,0,1,0,차대사람 - 횡단중,안전운전불이행,건조,맑음,단일로 - 기타,승용,여,36세,상해없음,보행자,여,24세,경상
2018031400100111,2018년 3월 14일 08시,수요일,전라북도 고창군 무장면,중상사고,0,1,0,0,차대사람 - 기타,안전운전불이행,건조,맑음,단일로 - 기타,승용,여,54세,상해없음,보행자,남,77세,중상
2018031400100112,2018년 3월 14일 08시,수요일,전라북도 장수군 계남면,경상사고,0,0,1,0,차대차 - 측면충돌,차로위반,건조,맑음,기타 - 기타,승합,남,74세,상해없음,승용,남,30세,경상
2018031400100178,2018년 3월 14일 10시,수요일,전라북도 남원시 용정동,경상사고,0,0,1,0,차대차 - 측면충돌,중앙선침범,건조,맑음,단일로 - 기타,화물,남,58세,상해없음,이륜,여,71세,경상
2018031400100179,2018년 3월 14일 10시,수요일,전라북도 남원시 죽항동,경상사고,0,0,1,0,차대차 - 측면충돌,안전운전불이행,건조,맑음,단일로 - 기타,승용,여,57세,상해없음,이륜,남,83세,경상
2018031400100211,2018년 3월 14일 11시,수요일,전라북도 전주시 덕진구 금암동,경상사고,0,0,1,0,차대사람 - 차도통행중,안전운전불이행,건조,맑음,교차로 - 교차로안,승합,남,49세,상해없음,보행자,여,51세,경상
2018031400100212,2018년 3월 14일 11시,수요일,전라북도 군산시 신풍동,경상사고,0,0,1,0,차대차 - 측면충돌,직진우회전진행방해,건조,맑음,교차로 - 교차로안,승용,남,57세,상해없음,이륜,여,70세,경상
2018031400100213,2018년 3월 14일 11시,수요일,전라북도 부안군 변산면,경상사고,0,0,1,0,차대차 - 측면충돌,교차로운행방법위반,건조,맑음,교차로 - 교차로안,원동기,남,71세,경상,승용,남,61세,상해없음
2018031400100237,2018년 3월 14일 12시,수요일,전라북도 전주시 완산구 효자동3가,경상사고,0,0,4,0,차대차 - 추돌,안전거리미확보,건조,맑음,단일로 - 기타,승용,남,57세,상해없음,승용,여,40세,경상
2018031400100268,2018년 3월 14일 13시,수요일,전라북도 익산시 남중동,중상사고,0,1,0,0,차대차 - 측면충돌,안전운전불이행,건조,맑음,교차로 - 교차로횡단보도내,승용,남,32세,상해없음,자전거,남,62세,중상
2018031400100298,2018년 3월 14일 14시,수요일,전라북도 전주시 완산구 태평동,중상사고,0,1,0,0,차대사람 - 횡단중,보행자보호의무위반,건조,맑음,교차로 - 교차로안,승용,남,66세,상해없음,보행자,여,71세,중상
2018031400100299,2018년 3월 14일 14시,수요일,전라북도 익산시 남중동,중상사고,0,2,0,0,차대차 - 후진중충돌,안전운전불이행,건조,맑음,단일로 - 기타,화물,남,40세,상해없음,승용,여,61세,중상
2018031400100300,2018년 3월 14일 14시,수요일,전라북도 정읍시 시기동,경상사고,0,0,1,0,차대차 - 측면충돌,불법유턴,건조,맑음,교차로 - 교차로부근,승용,남,51세,상해없음,자전거,남,13세,경상
2018031400100339,2018년 3월 14일 15시,수요일,전라북도 군산시 대야면,경상사고,0,0,1,0,차대사람 - 기타,신호위반,건조,맑음,교차로 - 교차로부근,화물,남,63세,상해없음,보행자,여,63세,경상
2018031400100414,2018년 3월 14일 17시,수요일,전라북도 전주시 완산구 중노송동,경상사고,0,0,1,0,차대차 - 정면충돌,신호위반,건조,맑음,교차로 - 교차로안,승용,남,63세,상해없음,승용,여,40세,경상
2018031400100415,2018년 3월 14일 17시,수요일,전라북도 익산시 팔봉동,경상사고,0,0,1,0,차대차 - 측면충돌,직진우회전진행방해,건조,맑음,교차로 - 교차로안,건설기계,남,57세,상해없음,승용,남,44세,경상
2018031400100416,2018년 3월 14일 17시,수요일,전라북도 정읍시 장명동,경상사고,0,0,2,0,차대차 - 측면충돌,중앙선침범,건조,맑음,단일로 - 기타,승용,남,56세,상해없음,승용,남,19세,경상
2018031400100467,2018년 3월 14일 18시,수요일,전라북도 김제시 신풍동,경상사고,0,0,1,0,차대차 - 측면충돌,직진우회전진행방해,건조,맑음,교차로 - 교차로안,승용,여,48세,상해없음,승용,여,65세,경상
2018031400100503,2018년 3월 14일 19시,수요일,전라북도 전주시 덕진구 반월동,경상사고,0,0,1,0,차대차 - 기타,안전운전불이행,건조,흐림,기타 - 기타,화물,남,43세,상해없음,화물,남,60세,경상
2018031400100504,2018년 3월 14일 19시,수요일,전라북도 익산시 마동,경상사고,0,0,2,0,차대차 - 측면충돌,직진우회전진행방해,건조,맑음,교차로 - 교차로안,승용,여,51세,상해없음,승용,남,69세,경상
2018031400100505,2018년 3월 14일 19시,수요일,전라북도 김제시 금구면,중상사고,0,1,0,0,차대차 - 추돌,안전운전불이행,건조,맑음,단일로 - 기타,승용,남,33세,상해없음,원동기,남,41세,중상
2018031400100539,2018년 3월 14일 20시,수요일,전라북도 전주시 덕진구 반월동,경상사고,0,0,1,0,차대차 - 측면충돌,안전운전불이행,건조,맑음,단일로 - 기타,승합,남,59세,상해없음,승용,여,63세,경상
2018031400100566,2018년 3월 14일 21시,수요일,전라북도 군산시 미장동,경상사고,0,0,1,0,차대차 - 측면충돌,교차로운행방법위반,건조,맑음,교차로 - 교차로안,승용,남,49세,상해없음,자전거,여,75세,경상
2018031400100567,2018년 3월 14일 21시,수요일,전라북도 완주군 봉동읍,경상사고,0,0,1,0,차대차 - 측면충돌,안전운전불이행,건조,맑음,단일로 - 기타,승용,여,25세,상해없음,승용,남,28세,경상
2018031400100609,2018년 3월 14일 22시,수요일,전라북도 남원시 도통동,경상사고,0,0,1,0,차대사람 - 기타,안전운전불이행,건조,맑음,단일로 - 기타,승용,남,21세,상해없음,보행자,남,45세,경상
2018031400100629,2018년 3월 14일 23시,수요일,전라북도 순창군 순창읍,경상사고,0,0,2,0,차대차 - 추돌,안전운전불이행,건조,맑음,단일로 - 기타,화물,남,40세,경상,승용,남,53세,경상
2018031500100010,2018년 3월 15일 00시,목요일,전라북도 전주시 완산구 서신동,경상사고,0,0,5,0,차대차 - 측면충돌,신호위반,건조,맑음,교차로 - 교차로안,승용,여,37세,상해없음,승용,남,53세,경상
2018031500100011,2018년 3월 15일 00시,목요일,전라북도 전주시 덕진구 송천동2가,경상사고,0,0,2,0,차대차 - 측면충돌,신호위반,건조,흐림,교차로 - 교차로부근,승용,남,32세,경상,승용,남,32세,경상
2018031500100056,2018년 3월 15일 05시,목요일,전라북도 익산시 창인동1가,경상사고,0,0,1,0,차대차 - 측면충돌,신호위반,건조,맑음,교차로 - 교차로안,승용,여,48세,상해없음,화물,남,54세,경상
2018031500100070,2018년 3월 15일 06시,목요일,전라북도 군산시 사정동,중상사고,0,1,0,0,차대차 - 측면충돌,안전운전불이행,건조,맑음,교차로 - 교차로횡단보도내,원동기,여,66세,중상,승용,남,39세,상해없음
2018031500100100,2018년 3월 15일 07시,목요일,전라북도 김제시 월봉동,경상사고,0,0,2,0,차대차 - 측면충돌,교차로운행방법위반,젖음/습기,비,교차로 - 교차로안,화물,여,63세,상해없음,이륜,남,69세,경상
2018031500100132,2018년 3월 15일 08시,목요일,전라북도 전주시 덕진구 금암동,중상사고,0,1,0,0,차대사람 - 차도통행중,안전운전불이행,젖음/습기,비,단일로 - 기타,승용,여,27세,상해없음,보행자,남,23세,중상
2018031500100133,2018년 3월 15일 08시,목요일,전라북도 군산시 명산동,경상사고,0,0,1,0,차대사람 - 횡단중,신호위반,젖음/습기,비,교차로 - 교차로횡단보도내,화물,남,44세,상해없음,보행자,여,16세,경상
2018031500100134,2018년 3월 15일 08시,목요일,전라북도 부안군 부안읍,경상사고,0,0,2,0,차대차 - 측면충돌,교차로운행방법위반,젖음/습기,비,교차로 - 교차로안,화물,남,66세,경상,승용,남,33세,경상
2018031500100176,2018년 3월 15일 09시,목요일,전라북도 군산시 소룡동,중상사고,0,1,0,0,차대차 - 측면충돌,안전운전불이행,건조,맑음,교차로 - 교차로안,승용,남,26세,중상,특수,남,41세,상해없음
2018031500100177,2018년 3월 15일 09시,목요일,전라북도 순창군 동계면,경상사고,0,0,1,0,차량단독 - 기타,안전운전불이행,건조,맑음,단일로 - 기타,화물,남,67세,경상,,,,
2018031500100205,2018년 3월 15일 10시,목요일,전라북도 군산시 금암동,경상사고,0,0,1,0,차대차 - 추돌,안전거리미확보,젖음/습기,비,교차로 - 교차로부근,화물,남,55세,상해없음,화물,남,52세,경상
2018031500100264,2018년 3월 15일 12시,목요일,전라북도 무주군 무주읍,사망사고,1,0,0,0,차량단독 - 기타,안전운전불이행,젖음/습기,비,단일로 - 교량,원동기,남,85세,상해없음,,,,
2018031500100316,2018년 3월 15일 14시,목요일,전라북도 전주시 완산구 상림동,중상사고,0,1,0,0,차대차 - 정면충돌,중앙선침범,젖음/습기,비,교차로 - 교차로부근,화물,남,64세,상해없음,승용,남,31세,중상
2018031500100317,2018년 3월 15일 14시,목요일,전라북도 군산시 미룡동,경상사고,0,0,1,0,차대차 - 측면충돌,차로위반,젖음/습기,비,단일로 - 기타,특수,남,46세,상해없음,화물,남,48세,상해없음
2018031500100407,2018년 3월 15일 17시,목요일,전라북도 전주시 완산구 풍남동3가,중상사고,0,1,0,0,차대차 - 측면충돌,신호위반,건조,흐림,교차로 - 교차로안,자전거,남,76세,중상,승용,남,63세,상해없음
2018031500100408,2018년 3월 15일 17시,목요일,전라북도 군산시 삼학동,경상사고,0,0,1,0,차대차 - 기타,직진우회전진행방해,젖음/습기,흐림,교차로 - 교차로안,승용,남,60세,상해없음,원동기,남,39세,경상
2018031500100409,2018년 3월 15일 17시,목요일,전라북도 익산시 영등동,경상사고,0,0,1,0,차대차 - 측면충돌,안전운전불이행,건조,맑음,교차로 - 교차로안,승용,남,63세,상해없음,승용,남,61세,경상
2018031500100410,2018년 3월 15일 17시,목요일,전라북도 익산시 영등동,중상사고,0,1,4,0,차대차 - 측면충돌,안전거리미확보,건조,맑음,단일로 - 기타,승용,남,72세,상해없음,승합,남,44세,경상
2018031500100411,2018년 3월 15일 17시,목요일,전라북도 진안군 진안읍,경상사고,0,0,1,0,차대차 - 측면충돌,안전운전불이행,건조,맑음,단일로 - 기타,승용,남,58세,상해없음,승용,남,21세,경상
2018031500100445,2018년 3월 15일 18시,목요일,전라북도 전주시 덕진구 인후동1가,경상사고,0,0,1,0,차대사람 - 횡단중,보행자보호의무위반,젖음/습기,비,교차로 - 교차로안,승용,여,43세,상해없음,보행자,남,68세,경상
2018031500100446,2018년 3월 15일 18시,목요일,전라북도 정읍시 신태인읍,중상사고,0,1,0,0,차대사람 - 횡단중,중앙선침범,젖음/습기,비,단일로 - 기타,승용,남,51세,상해없음,보행자,여,65세,중상
2018031500100490,2018년 3월 15일 19시,목요일,전라북도 전주시 덕진구 인후동1가,중상사고,0,1,0,0,차대사람 - 횡단중,신호위반,젖음/습기,비,교차로 - 교차로안,이륜,남,54세,상해없음,보행자,여,77세,중상
2018031500100491,2018년 3월 15일 19시,목요일,전라북도 익산시 부송동,경상사고,0,0,2,0,차대차 - 정면충돌,중앙선침범,건조,맑음,교차로 - 교차로부근,승용,남,59세,상해없음,화물,남,62세,경상
2018031500100567,2018년 3월 15일 21시,목요일,전라북도 정읍시 시기동,경상사고,0,0,2,0,차대차 - 추돌,안전운전불이행,젖음/습기,비,교차로 - 교차로부근,화물,남,54세,상해없음,승용,여,44세,경상
2018031500100622,2018년 3월 15일 23시,목요일,전라북도 전주시 덕진구 호성동1가,경상사고,0,0,1,0,차대차 - 측면충돌,직진우회전진행방해,젖음/습기,비,교차로 - 교차로안,승용,여,59세,상해없음,승용,여,30세,경상
2018031600100012,2018년 3월 16일 00시,금요일,전라북도 완주군 삼례읍,경상사고,0,0,1,0,차대차 - 기타,안전운전불이행,젖음/습기,비,단일로 - 기타,승용,남,28세,상해없음,이륜,남,48세,경상
2018031600100047,2018년 3월 16일 04시,금요일,전라북도 김제시 복죽동,경상사고,0,0,3,0,차대차 - 추돌,안전운전불이행,건조,맑음,단일로 - 기타,화물,남,35세,상해없음,승용,남,46세,경상
2018031600100075,2018년 3월 16일 07시,금요일,전라북도 군산시 수송동,중상사고,0,1,0,0,차대사람 - 횡단중,보행자보호의무위반,건조,맑음,교차로 - 교차로횡단보도내,화물,남,41세,상해없음,보행자,남,56세,중상
2018031600100076,2018년 3월 16일 07시,금요일,전라북도 김제시 금구면,중상사고,0,1,0,0,차대차 - 추돌,안전운전불이행,건조,맑음,단일로 - 기타,승용,남,52세,상해없음,승용,여,39세,중상
2018031600100077,2018년 3월 16일 07시,금요일,전라북도 임실군 임실읍,중상사고,0,1,0,0,차대차 - 측면충돌,안전운전불이행,건조,맑음,교차로 - 교차로안,화물,남,50세,상해없음,승용,남,78세,중상
2018031600100112,2018년 3월 16일 08시,금요일,전라북도 익산시 인화동1가,경상사고,0,0,3,0,차대차 - 추돌,안전운전불이행,건조,맑음,단일로 - 기타,승용,남,25세,상해없음,승용,여,63세,경상
2018031600100229,2018년 3월 16일 12시,금요일,전라북도 익산시 영등동,경상사고,0,0,1,0,차대차 - 기타,안전운전불이행,건조,맑음,교차로 - 교차로안,승용,남,62세,상해없음,승용,남,68세,상해없음
2018031600100291,2018년 3월 16일 14시,금요일,전라북도 전주시 덕진구 송천동1가,중상사고,0,1,0,0,차대사람 - 기타,보행자보호의무위반,건조,맑음,교차로 - 교차로횡단보도내,승용,여,49세,상해없음,보행자,남,59세,중상
2018031600100292,2018년 3월 16일 14시,금요일,전라북도 군산시 수송동,경상사고,0,0,1,0,차대차 - 기타,안전운전불이행,젖음/습기,비,단일로 - 기타,승용,남,44세,상해없음,승용,남,51세,경상
2018031600100293,2018년 3월 16일 14시,금요일,전라북도 익산시 창인동1가,경상사고,0,0,1,0,차대사람 - 차도통행중,안전운전불이행,건조,맑음,단일로 - 기타,승용,남,69세,상해없음,보행자,여,36세,경상
2018031600100321,2018년 3월 16일 15시,금요일,전라북도 군산시 영화동,경상사고,0,0,2,0,차대차 - 기타,직진우회전진행방해,건조,맑음,교차로 - 교차로안,승용,남,82세,경상,승용,남,27세,경상
2018031600100432,2018년 3월 16일 18시,금요일,전라북도 군산시 소룡동,중상사고,0,1,0,0,차대사람 - 횡단중,안전운전불이행,건조,맑음,단일로 - 기타,승용,여,48세,상해없음,보행자,여,44세,중상
2018031600100433,2018년 3월 16일 18시,금요일,전라북도 정읍시 시기동,부상신고사고,0,0,0,1,차대사람 - 횡단중,안전운전불이행,건조,맑음,교차로 - 교차로부근,승용,여,45세,상해없음,보행자,남,21세,부상신고
2018031600100486,2018년 3월 16일 19시,금요일,전라북도 전주시 덕진구 진북동,경상사고,0,0,1,0,차대차 - 측면충돌,안전운전불이행,건조,맑음,교차로 - 교차로횡단보도내,화물,남,71세,상해없음,자전거,남,71세,경상
2018031600100487,2018년 3월 16일 19시,금요일,전라북도 전주시 덕진구 용정동,경상사고,0,0,1,0,차대차 - 추돌,안전운전불이행,건조,맑음,단일로 - 교량,승용,여,55세,상해없음,승용,여,30세,경상
2018031600100488,2018년 3월 16일 19시,금요일,전라북도 군산시 수송동,중상사고,0,1,0,0,차대차 - 추돌,안전운전불이행,건조,맑음,교차로 - 교차로부근,승용,남,18세,상해없음,승용,여,38세,중상
2018031600100489,2018년 3월 16일 19시,금요일,전라북도 익산시 마동,경상사고,0,0,1,0,차대차 - 추돌,안전운전불이행,건조,맑음,단일로 - 기타,승용,여,61세,상해없음,승용,여,47세,경상
2018031600100490,2018년 3월 16일 19시,금요일,전라북도 익산시 여산면,중상사고,0,1,0,0,차대차 - 측면충돌,중앙선침범,건조,맑음,단일로 - 기타,화물,남,56세,상해없음,승용,여,58세,중상
2018031600100530,2018년 3월 16일 20시,금요일,전라북도 전주시 완산구 서서학동,경상사고,0,0,1,0,차대사람 - 기타,안전운전불이행,건조,맑음,교차로 - 교차로안,승용,남,69세,상해없음,보행자,여,54세,경상
2018031600100531,2018년 3월 16일 20시,금요일,전라북도 군산시 수송동,중상사고,0,1,0,0,차대차 - 기타,안전운전불이행,건조,맑음,교차로 - 교차로안,승용,여,65세,상해없음,자전거,여,56세,중상
2018031600100532,2018년 3월 16일 20시,금요일,전라북도 익산시 주현동,경상사고,0,0,4,0,차대차 - 추돌,안전운전불이행,건조,맑음,단일로 - 기타,승용,남,51세,상해없음,승용,여,44세,경상
2018031600100563,2018년 3월 16일 21시,금요일,전라북도 군산시 중앙로1가,경상사고,0,0,1,0,차대차 - 추돌,안전거리미확보,건조,맑음,단일로 - 기타,승용,남,54세,상해없음,승용,남,50세,경상
2018031600100633,2018년 3월 16일 23시,금요일,전라북도 전주시 완산구 평화동2가,중상사고,0,1,0,0,차대차 - 추돌,안전운전불이행,건조,맑음,교차로 - 교차로부근,승용,남,58세,상해없음,승용,여,34세,중상
2018031600100634,2018년 3월 16일 23시,금요일,전라북도 전주시 완산구 중화산동2가,경상사고,0,0,2,0,차대차 - 정면충돌,중앙선침범,건조,맑음,교차로 - 교차로안,승용,남,26세,상해없음,승용,남,69세,경상
2018031700100030,2018년 3월 17일 01시,토요일,전라북도 완주군 봉동읍,경상사고,0,0,2,0,차대차 - 측면충돌,교차로운행방법위반,건조,맑음,교차로 - 교차로안,승용,남,48세,경상,승용,남,48세,경상
2018031700100091,2018년 3월 17일 07시,토요일,전라북도 군산시 옥구읍,경상사고,0,0,1,1,차대차 - 기타,안전운전불이행,건조,맑음,단일로 - 기타,화물,남,49세,상해없음,승용,남,21세,경상
2018031700100106,2018년 3월 17일 08시,토요일,전라북도 순창군 인계면,경상사고,0,0,1,0,차량단독 - 전도전복 - 전복,안전운전불이행,건조,맑음,기타 - 기타,화물,남,53세,경상,미분류,미분류,미분류,미분류
2018031700100138,2018년 3월 17일 09시,토요일,전라북도 익산시 부송동,중상사고,0,1,2,0,차대차 - 측면충돌,신호위반,건조,맑음,교차로 - 교차로안,승용,남,49세,기타불명,승합,남,35세,경상
2018031700100260,2018년 3월 17일 13시,토요일,전라북도 김제시 용지면,중상사고,0,1,0,0,차대차 - 측면충돌,안전운전불이행,건조,맑음,단일로 - 기타,화물,남,60세,상해없음,원동기,남,78세,중상
2018031700100417,2018년 3월 17일 17시,토요일,전라북도 익산시 낭산면,중상사고,0,1,1,0,차대차 - 측면충돌,신호위반,건조,맑음,교차로 - 교차로안,승합,남,63세,기타불명,승용,남,24세,중상
2018031700100418,2018년 3월 17일 17시,토요일,전라북도 김제시 요촌동,중상사고,0,2,2,0,차대차 - 측면충돌,직진우회전진행방해,건조,맑음,교차로 - 교차로안,승용,남,68세,상해없음,승용,남,34세,중상
2018031700100458,2018년 3월 17일 18시,토요일,전라북도 전주시 덕진구 금암동,경상사고,0,0,2,0,차대차 - 측면충돌,안전거리미확보,건조,흐림,단일로 - 기타,승합,남,60세,상해없음,승용,남,70세,경상
2018031700100459,2018년 3월 17일 18시,토요일,전라북도 남원시 주생면,중상사고,0,1,1,0,차대차 - 측면충돌,안전운전불이행,건조,맑음,교차로 - 교차로안,승용,남,64세,상해없음,이륜,남,44세,경상
2018031700100495,2018년 3월 17일 19시,토요일,전라북도 김제시 검산동,경상사고,0,0,1,0,차대차 - 측면충돌,신호위반,건조,맑음,교차로 - 교차로안,승용,남,38세,상해없음,이륜,남,17세,경상
2018031700100535,2018년 3월 17일 20시,토요일,전라북도 전주시 완산구 서노송동,경상사고,0,0,1,0,차대사람 - 기타,교차로운행방법위반,젖음/습기,비,단일로 - 기타,승합,남,54세,상해없음,보행자,남,61세,경상
2018031700100536,2018년 3월 17일 20시,토요일,전라북도 군산시 문화동,경상사고,0,0,1,0,차대차 - 측면충돌,신호위반,건조,맑음,교차로 - 교차로안,승용,남,68세,상해없음,승용,남,46세,경상
2018031700100573,2018년 3월 17일 21시,토요일,전라북도 정읍시 덕천면,중상사고,0,1,0,0,차량단독 - 기타,안전운전불이행,건조,맑음,단일로 - 기타,이륜,남,60세,중상,,,,
2018031700100596,2018년 3월 17일 22시,토요일,전라북도 군산시 미룡동,경상사고,0,0,1,0,차대사람 - 차도통행중,안전운전불이행,건조,맑음,단일로 - 지하차도(도로)내,승용,여,29세,상해없음,보행자,여,40세,경상
2018031700100597,2018년 3월 17일 22시,토요일,전라북도 김제시 요촌동,중상사고,0,1,0,0,차대사람 - 기타,안전운전불이행,건조,맑음,교차로 - 교차로안,승용,남,40세,상해없음,보행자,남,54세,중상
2018031800100051,2018년 3월 18일 03시,일요일,전라북도 군산시 옥구읍,사망사고,1,0,0,0,차대차 - 정면충돌,중앙선침범,젖음/습기,안개,단일로 - 지하차도(도로)내,자전거,남,68세,사망,승용,남,27세,상해없음
2018031800100065,2018년 3월 18일 05시,일요일,전라북도 정읍시 용계동,중상사고,0,1,0,0,차량단독 - 공작물충돌,안전운전불이행,건조,맑음,교차로 - 교차로안,승용,남,31세,중상,,,,
2018031800100087,2018년 3월 18일 07시,일요일,전라북도 전주시 덕진구 여의동,경상사고,0,0,1,0,차대차 - 추돌,안전거리미확보,건조,맑음,단일로 - 기타,승용,남,60세,상해없음,승용,남,49세,경상
2018031800100110,2018년 3월 18일 09시,일요일,전라북도 고창군 고창읍,경상사고,0,0,1,0,차대차 - 기타,중앙선침범,건조,흐림,교차로 - 교차로부근,승용,남,67세,상해없음,화물,남,64세,상해없음
2018031800100178,2018년 3월 18일 13시,일요일,전라북도 익산시 마동,경상사고,0,0,1,0,차대사람 - 기타,안전운전불이행,건조,맑음,교차로 - 교차로횡단보도내,승용,남,45세,상해없음,보행자,여,62세,경상
2018031800100179,2018년 3월 18일 13시,일요일,전라북도 부안군 부안읍,경상사고,0,0,1,0,차대차 - 측면충돌,안전운전불이행,건조,맑음,단일로 - 기타,승용,남,42세,상해없음,이륜,남,36세,경상
2018031800100180,2018년 3월 18일 13시,일요일,전라북도 부안군 변산면,경상사고,0,0,1,0,차량단독 - 기타,안전운전불이행,건조,맑음,단일로 - 기타,사륜오토바이(ATV),남,78세,경상,,,,
2018031800100199,2018년 3월 18일 14시,일요일,전라북도 완주군 상관면,사망사고,1,3,0,0,차대차 - 정면충돌,중앙선침범,젖음/습기,맑음,단일로 - 기타,화물,남,68세,사망,승용,남,85세,중상
2018031800100237,2018년 3월 18일 15시,일요일,전라북도 김제시 백산면,경상사고,0,0,1,0,차대차 - 측면충돌,신호위반,젖음/습기,비,교차로 - 교차로안,화물,남,56세,상해없음,승용,남,53세,경상
2018031800100284,2018년 3월 18일 17시,일요일,전라북도 전주시 완산구 효자동1가,경상사고,0,0,3,0,차대차 - 측면충돌,교차로운행방법위반,젖음/습기,비,교차로 - 교차로안,승용,남,72세,경상,승용,여,57세,경상
2018031800100285,2018년 3월 18일 17시,일요일,전라북도 전주시 덕진구 송천동2가,경상사고,0,0,5,0,차대차 - 추돌,안전운전불이행,건조,맑음,교차로 - 교차로부근,승용,남,56세,상해없음,승용,남,46세,경상
2018031800100315,2018년 3월 18일 18시,일요일,전라북도 군산시 수송동,경상사고,0,0,3,0,차대차 - 기타,안전운전불이행,젖음/습기,비,교차로 - 교차로안,승용,여,55세,기타불명,승용,남,57세,상해없음
2018031800100348,2018년 3월 18일 19시,일요일,전라북도 전주시 덕진구 송천동2가,경상사고,0,0,1,0,차대사람 - 횡단중,신호위반,젖음/습기,비,교차로 - 교차로횡단보도내,승용,남,27세,상해없음,보행자,남,37세,경상
2018031800100349,2018년 3월 18일 19시,일요일,전라북도 군산시 중앙로1가,부상신고사고,0,0,0,1,차대사람 - 보도통행중,안전운전불이행,젖음/습기,비,단일로 - 기타,승용,남,29세,기타불명,보행자,남,11세,부상신고
2018031800100350,2018년 3월 18일 19시,일요일,전라북도 부안군 부안읍,부상신고사고,0,0,0,1,차량단독 - 공작물충돌,안전운전불이행,젖음/습기,비,단일로 - 기타,승용,남,65세,부상신고,,,,