사고번호,사고일시,요일,시군구,사고내용,사망자수,중상자수,경상자수,부상신고자수,사고유형,법규위반,노면상태,기상상태,도로형태,가해운전자 차종,가해운전자 성별,가해운전자 연령,가해운전자 상해정도,피해운전자 차종,피해운전자 성별,피해운전자 연령,피해운전자 상해정도
2018040100100295,2018년 4월 1일 16시,일요일,전라북도 군산시 내흥동,경상사고,0,0,1,0,차대차 - 측면충돌,안전거리미확보,건조,맑음,교차로 - 교차로안,승용,남,63세,상해없음,승용,남,44세,경상
2018040100100296,2018년 4월 1일 16시,일요일,전라북도 김제시 신풍동,중상사고,0,1,0,0,차대사람 - 차도통행중,안전운전불이행,건조,맑음,교차로 - 교차로안,승용,여,56세,상해없음,보행자,남,16세,중상
2018040100100347,2018년 4월 1일 18시,일요일,전라북도 전주시 덕진구 금암동,경상사고,0,0,1,0,차대차 - 측면충돌,안전운전불이행,건조,맑음,교차로 - 교차로부근,이륜,남,53세,상해없음,승용,남,63세,경상
2018040100100348,2018년 4월 1일 18시,일요일,전라북도 군산시 금암동,경상사고,0,0,1,0,차대차 - 추돌,안전거리미확보,건조,맑음,교차로 - 교차로부근,승용,여,25세,상해없음,승용,남,36세,상해없음
2018040100100349,2018년 4월 1일 18시,일요일,전라북도 익산시 어양동,경상사고,0,0,4,0,차대차 - 측면충돌,안전운전불이행,건조,맑음,교차로 - 교차로안,승용,남,70세,상해없음,화물,남,60세,경상
2018040100100374,2018년 4월 1일 19시,일요일,전라북도 전주시 덕진구 산정동,경상사고,0,0,4,0,차대차 - 추돌,안전거리미확보,건조,맑음,기타 - 기타,승용,남,43세,상해없음,승용,여,25세,경상
2018040100100375,2018년 4월 1일 19시,일요일,전라북도 완주군 소양면,경상사고,0,0,1,0,차대사람 - 차도통행중,안전운전불이행,건조,맑음,단일로 - 기타,이륜,남,66세,상해없음,보행자,남,43세,경상
2018040100100407,2018년 4월 1일 20시,일요일,전라북도 전주시 덕진구 송천동2가,경상사고,0,0,1,0,차대차 - 측면충돌,중앙선침범,건조,맑음,단일로 - 기타,승용,남,47세,상해없음,이륜,남,17세,경상
2018040100100447,2018년 4월 1일 22시,일요일,전라북도 전주시 덕진구 덕진동1가,경상사고,0,0,3,0,차대차 - 추돌,안전운전불이행,건조,맑음,기타 - 기타,승용,여,33세,상해없음,승용,남,40세,경상
2018040100100458,2018년 4월 1일 23시,일요일,전라북도 군산시 문화동,경상사고,0,0,1,0,차대차 - 측면충돌,신호위반,건조,맑음,교차로 - 교차로안,이륜,남,19세,경상,승용,남,55세,상해없음
2018040100100459,2018년 4월 1일 23시,일요일,전라북도 익산시 신흥동,경상사고,0,0,1,0,차대차 - 측면충돌,안전운전불이행,건조,맑음,단일로 - 기타,승용,남,34세,상해없음,화물,남,62세,경상
2018040200100020,2018년 4월 2일 01시,월요일,전라북도 익산시 영등동,경상사고,0,0,1,0,차대사람 - 길가장자리구역통행중,안전운전불이행,건조,맑음,교차로 - 교차로안,승용,남,63세,상해없음,보행자,남,31세,경상
2018040200100033,2018년 4월 2일 03시,월요일,전라북도 부안군 부안읍,경상사고,0,0,1,0,차대차 - 추돌,안전운전불이행,건조,맑음,단일로 - 기타,승용,남,58세,경상,승용,여,45세,기타불명
2018040200100082,2018년 4월 2일 07시,월요일,전라북도 전주시 덕진구 인후동1가,경상사고,0,0,2,0,차대차 - 기타,과속,건조,맑음,단일로 - 기타,승용,남,25세,상해없음,승용,여,52세,상해없음
2018040200100124,2018년 4월 2일 08시,월요일,전라북도 군산시 수송동,중상사고,0,1,0,0,차대사람 - 차도통행중,안전운전불이행,건조,맑음,단일로 - 지하차도(도로)내,승용,여,44세,상해없음,보행자,여,41세,중상
2018040200100125,2018년 4월 2일 08시,월요일,전라북도 익산시 왕궁면,경상사고,0,0,1,0,차대차 - 측면충돌,안전거리미확보,건조,맑음,교차로 - 교차로안,승용,남,57세,상해없음,승용,여,43세,경상
2018040200100126,2018년 4월 2일 08시,월요일,전라북도 완주군 이서면,중상사고,0,1,4,0,차대차 - 측면충돌,신호위반,건조,맑음,교차로 - 교차로안,승용,남,48세,경상,승용,여,40세,중상
2018040200100187,2018년 4월 2일 10시,월요일,전라북도 익산시 영등동,중상사고,0,1,0,0,차대차 - 측면충돌,안전운전불이행,건조,맑음,단일로 - 기타,승용,여,45세,상해없음,이륜,남,80세,중상
2018040200100188,2018년 4월 2일 10시,월요일,전라북도 김제시 진봉면,경상사고,0,0,1,0,차대차 - 측면충돌,안전운전불이행,건조,맑음,단일로 - 기타,승용,남,55세,상해없음,승용,남,73세,경상
2018040200100189,2018년 4월 2일 10시,월요일,전라북도 임실군 임실읍,중상사고,0,1,0,0,차대차 - 측면충돌,교차로운행방법위반,건조,맑음,교차로 - 교차로안,승용,남,38세,상해없음,원동기,남,61세,중상
2018040200100218,2018년 4월 2일 11시,월요일,전라북도 전주시 덕진구 진북동,중상사고,0,1,0,0,차대차 - 측면충돌,신호위반,건조,맑음,단일로 - 기타,화물,여,59세,상해없음,자전거,남,54세,중상
2018040200100269,2018년 4월 2일 13시,월요일,전라북도 익산시 삼기면,경상사고,0,0,1,0,차대차 - 측면충돌,신호위반,건조,맑음,교차로 - 교차로안,화물,남,73세,상해없음,승용,남,51세,경상
2018040200100412,2018년 4월 2일 17시,월요일,전라북도 전주시 덕진구 금암동,경상사고,0,0,4,0,차대차 - 추돌,안전운전불이행,건조,맑음,단일로 - 지하차도(도로)내,승용,남,34세,상해없음,승용,남,49세,경상
2018040200100413,2018년 4월 2일 17시,월요일,전라북도 고창군 고창읍,중상사고,0,1,1,0,차대차 - 측면충돌,신호위반,건조,맑음,교차로 - 교차로안,승용,여,60세,중상,승용,여,30세,경상
2018040200100447,2018년 4월 2일 18시,월요일,전라북도 전주시 덕진구 금암동,경상사고,0,0,1,0,차대차 - 측면충돌,신호위반,건조,흐림,교차로 - 교차로안,승용,남,23세,상해없음,승용,남,38세,경상
2018040200100448,2018년 4월 2일 18시,월요일,전라북도 군산시 경암동,경상사고,0,0,1,0,차대차 - 기타,신호위반,건조,맑음,단일로 - 기타,승용,여,58세,상해없음,자전거,남,76세,경상
2018040200100449,2018년 4월 2일 18시,월요일,전라북도 남원시 도통동,중상사고,0,1,0,0,차대차 - 기타,중앙선침범,건조,맑음,교차로 - 교차로안,화물,남,71세,상해없음,자전거,여,60세,중상
2018040200100495,2018년 4월 2일 19시,월요일,전라북도 전주시 덕진구 인후동1가,부상신고사고,0,0,0,1,차대사람 - 길가장자리구역통행중,안전운전불이행,건조,맑음,단일로 - 기타,기타불명,기타불명,미분류,기타불명,보행자,남,8세,부상신고
2018040200100531,2018년 4월 2일 20시,월요일,전라북도 전주시 완산구 효자동2가,경상사고,0,0,2,0,차대차 - 추돌,안전운전불이행,건조,맑음,교차로 - 교차로부근,승용,남,59세,상해없음,승용,여,39세,경상
2018040200100532,2018년 4월 2일 20시,월요일,전라북도 전주시 완산구 평화동3가,경상사고,0,0,1,0,차대차 - 측면충돌,안전운전불이행,건조,맑음,단일로 - 기타,승합,남,51세,상해없음,승용,여,60세,경상
2018040200100533,2018년 4월 2일 20시,월요일,전라북도 군산시 미장동,경상사고,0,0,2,0,차대차 - 측면충돌,안전운전불이행,건조,맑음,단일로 - 지하차도(도로)내,승용,남,61세,상해없음,승용,여,22세,경상
2018040200100564,2018년 4월 2일 21시,월요일,전라북도 익산시 모현동1가,경상사고,0,0,1,0,차대사람 - 길가장자리구역통행중,안전운전불이행,건조,맑음,단일로 - 기타,승용,남,26세,상해없음,보행자,여,45세,경상
2018040200100565,2018년 4월 2일 21시,월요일,전라북도 완주군 봉동읍,경상사고,0,0,1,0,차대차 - 기타,신호위반,건조,맑음,교차로 - 교차로안,승용,남,34세,상해없음,승용,남,32세,경상
2018040300100153,2018년 4월 3일 09시,화요일,전라북도 정읍시 감곡면,중상사고,0,1,0,0,차대차 - 측면충돌,기타,건조,맑음,교차로 - 교차로안,이륜,남,68세,중상,화물,여,71세,상해없음
2018040300100206,2018년 4월 3일 11시,화요일,전라북도 군산시 나운동,경상사고,0,0,1,0,차대사람 - 기타,안전운전불이행,건조,맑음,단일로 - 기타,승용,남,63세,상해없음,보행자,남,27세,경상
2018040300100241,2018년 4월 3일 12시,화요일,전라북도 전주시 완산구 서신동,경상사고,0,0,2,0,차대차 - 추돌,안전운전불이행,건조,맑음,단일로 - 교량,승용,남,60세,상해없음,승용,남,44세,경상
2018040300100242,2018년 4월 3일 12시,화요일,전라북도 익산시 삼기면,경상사고,0,0,1,0,차대차 - 측면충돌,신호위반,건조,맑음,교차로 - 교차로안,승용,남,62세,상해없음,승용,남,73세,경상
2018040300100243,2018년 4월 3일 12시,화요일,전라북도 남원시 죽항동,경상사고,0,0,3,0,차대차 - 측면충돌,신호위반,건조,맑음,교차로 - 교차로안,승용,남,53세,상해없음,승용,여,55세,경상
2018040300100281,2018년 4월 3일 13시,화요일,전라북도 전주시 완산구 중화산동2가,경상사고,0,0,3,0,차대차 - 측면충돌,신호위반,건조,맑음,교차로 - 교차로안,승용,남,50세,경상,승용,남,55세,경상
2018040300100282,2018년 4월 3일 13시,화요일,전라북도 익산시 남중동,경상사고,0,0,2,0,차대차 - 추돌,안전운전불이행,건조,맑음,단일로 - 기타,화물,남,63세,상해없음,승용,남,27세,경상
2018040300100324,2018년 4월 3일 14시,화요일,전라북도 군산시 나포면,경상사고,0,0,1,0,차대차 - 측면충돌,직진우회전진행방해,건조,맑음,교차로 - 교차로안,농기계,남,75세,경상,특수,남,38세,상해없음
2018040300100431,2018년 4월 3일 17시,화요일,전라북도 완주군 소양면,중상사고,0,1,2,0,차대차 - 추돌,안전운전불이행,건조,맑음,교차로 - 교차로부근,승용,남,43세,기타불명,승용,남,43세,상해없음
2018040300100468,2018년 4월 3일 18시,화요일,전라북도 전주시 덕진구 호성동1가,경상사고,0,0,2,0,차대차 - 추돌,안전운전불이행,건조,맑음,교차로 - 교차로부근,승용,남,54세,상해없음,승용,남,39세,경상
2018040300100469,2018년 4월 3일 18시,화요일,전라북도 전주시 덕진구 동산동,중상사고,0,1,0,0,차대사람 - 횡단중,안전운전불이행,건조,맑음,교차로 - 교차로부근,승용,여,32세,상해없음,보행자,남,5세,중상
2018040300100510,2018년 4월 3일 19시,화요일,전라북도 전주시 덕진구 금상동,경상사고,0,0,1,0,차대차 - 추돌,안전운전불이행,건조,맑음,단일로 - 기타,화물,남,58세,상해없음,승용,남,25세,경상
2018040300100552,2018년 4월 3일 20시,화요일,전라북도 김제시 금구면,경상사고,0,0,3,0,차대차 - 측면충돌,직진우회전진행방해,건조,맑음,교차로 - 교차로안,승용,여,37세,상해없음,승용,여,59세,경상
2018040300100553,2018년 4월 3일 20시,화요일,전라북도 장수군 계남면,경상사고,0,0,1,0,차량단독 - 도로외이탈 - 추락,안전운전불이행,건조,맑음,단일로 - 기타,화물,남,63세,경상,,,,
2018040300100579,2018년 4월 3일 21시,화요일,전라북도 임실군 오수면,경상사고,0,0,1,0,차대사람 - 길가장자리구역통행중,안전운전불이행,건조,맑음,단일로 - 기타,승용,남,41세,상해없음,보행자,남,62세,경상
2018040300100607,2018년 4월 3일 22시,화요일,전라북도 김제시 공덕면,경상사고,0,0,2,0,차대차 - 추돌,안전운전불이행,건조,맑음,단일로 - 교량,승용,남,28세,상해없음,승용,여,54세,경상
2018040300100635,2018년 4월 3일 23시,화요일,전라북도 군산시 월명동,경상사고,0,0,1,0,차대사람 - 횡단중,신호위반,건조,맑음,교차로 - 교차로안,승용,여,47세,상해없음,보행자,여,19세,경상
2018040300100636,2018년 4월 3일 23시,화요일,전라북도 부안군 부안읍,경상사고,0,0,1,0,차대사람 - 차도통행중,기타,건조,맑음,기타 - 기타,화물,남,44세,상해없음,보행자,남,40세,경상
2018040400100024,2018년 4월 4일 01시,수요일,전라북도 전주시 덕진구 인후동1가,경상사고,0,0,1,0,차대차 - 기타,차로위반,건조,맑음,단일로 - 기타,승용,남,63세,상해없음,승용,남,63세,경상
2018040400100075,2018년 4월 4일 05시,수요일,전라북도 익산시 신동,중상사고,0,1,0,0,차대차 - 측면충돌,교차로운행방법위반,건조,맑음,교차로 - 교차로안,승용,남,20세,상해없음,승용,남,35세,중상
2018040400100173,2018년 4월 4일 09시,수요일,전라북도 전주시 완산구 효자동3가,경상사고,0,0,1,0,차대차 - 측면충돌,안전운전불이행,젖음/습기,비,교차로 - 교차로부근,화물,남,49세,상해없음,승용,여,27세,경상
2018040400100174,2018년 4월 4일 09시,수요일,전라북도 남원시 송동면,중상사고,0,1,0,0,차대사람 - 기타,안전운전불이행,기타,비,기타 - 기타,화물,남,85세,상해없음,보행자,여,74세,중상
2018040400100217,2018년 4월 4일 10시,수요일,전라북도 군산시 경암동,경상사고,0,0,1,0,차대차 - 측면충돌,신호위반,건조,맑음,교차로 - 교차로부근,승용,남,69세,상해없음,승용,남,63세,상해없음
2018040400100235,2018년 4월 4일 11시,수요일,전라북도 부안군 부안읍,중상사고,0,1,0,0,차대차 - 측면충돌,안전운전불이행,젖음/습기,흐림,기타 - 기타,승용,남,82세,상해없음,원동기,남,80세,중상
2018040400100315,2018년 4월 4일 14시,수요일,전라북도 전주시 덕진구 덕진동1가,중상사고,0,1,1,0,차대차 - 추돌,안전운전불이행,건조,맑음,단일로 - 기타,승용,남,65세,상해없음,승용,여,38세,중상
2018040400100345,2018년 4월 4일 15시,수요일,전라북도 군산시 소룡동,경상사고,0,0,2,0,차대차 - 측면충돌,직진우회전진행방해,건조,맑음,교차로 - 교차로안,승용,남,36세,경상,승용,남,37세,경상
2018040400100385,2018년 4월 4일 16시,수요일,전라북도 전주시 완산구 서신동,경상사고,0,0,1,0,차대차 - 측면충돌,안전운전불이행,건조,맑음,교차로 - 교차로부근,승용,여,39세,상해없음,자전거,남,7세,경상
2018040400100413,2018년 4월 4일 17시,수요일,전라북도 전주시 완산구 중화산동2가,경상사고,0,0,1,0,차대차 - 측면충돌,안전운전불이행,건조,맑음,교차로 - 교차로안,승용,남,56세,상해없음,승용,남,33세,경상
2018040400100414,2018년 4월 4일 17시,수요일,전라북도 전주시 완산구 서노송동,경상사고,0,0,1,0,차대차 - 측면충돌,안전운전불이행,건조,맑음,단일로 - 기타,승용,남,68세,상해없음,승합,남,42세,경상
2018040400100415,2018년 4월 4일 17시,수요일,전라북도 전주시 덕진구 우아동1가,경상사고,0,0,1,0,차대차 - 측면충돌,교차로운행방법위반,건조,맑음,교차로 - 교차로안,승용,남,61세,상해없음,승합,남,52세,경상
2018040400100416,2018년 4월 4일 17시,수요일,전라북도 완주군 소양면,중상사고,0,1,3,4,차대차 - 추돌,안전운전불이행,건조,맑음,교차로 - 교차로부근,화물,남,61세,상해없음,승용,남,56세,부상신고
2018040400100453,2018년 4월 4일 18시,수요일,전라북도 전주시 완산구 중노송동,경상사고,0,0,1,0,차대차 - 후진중충돌,불법유턴,건조,흐림,단일로 - 기타,승용,남,61세,상해없음,자전거,남,65세,경상
2018040400100454,2018년 4월 4일 18시,수요일,전라북도 군산시 경암동,경상사고,0,0,1,0,차대차 - 측면충돌,안전운전불이행,건조,맑음,교차로 - 교차로부근,승합,남,59세,상해없음,이륜,남,49세,경상
2018040400100455,2018년 4월 4일 18시,수요일,전라북도 정읍시 시기동,중상사고,0,1,1,0,차대차 - 측면충돌,신호위반,건조,흐림,교차로 - 교차로안,승용,남,75세,상해없음,특수,남,31세,경상
2018040400100530,2018년 4월 4일 20시,수요일,전라북도 전주시 완산구 평화동1가,경상사고,0,0,1,0,차대차 - 기타,안전운전불이행,건조,흐림,단일로 - 기타,승용,남,51세,상해없음,이륜,남,37세,경상
2018040400100531,2018년 4월 4일 20시,수요일,전라북도 익산시 부송동,경상사고,0,0,1,0,차대사람 - 기타,안전운전불이행,건조,맑음,교차로 - 교차로안,승용,남,33세,상해없음,보행자,여,58세,경상
2018040400100566,2018년 4월 4일 21시,수요일,전라북도 전주시 완산구 서서학동,경상사고,0,0,4,0,차대차 - 측면충돌,안전거리미확보,건조,흐림,단일로 - 기타,승용,남,62세,경상,승용,남,37세,경상
2018040400100609,2018년 4월 4일 23시,수요일,전라북도 부안군 부안읍,중상사고,0,1,0,0,차대사람 - 횡단중,신호위반,젖음/습기,비,교차로 - 교차로횡단보도내,원동기,남,44세,상해없음,보행자,남,18세,중상
2018040400100610,2018년 4월 4일 23시,수요일,전라북도 임실군 성수면,중상사고,0,1,0,0,차대차 - 추돌,안전운전불이행,건조,맑음,단일로 - 기타,특수,남,50세,상해없음,화물,남,58세,중상
2018040500100035,2018년 4월 5일 03시,목요일,전라북도 전주시 덕진구 인후동1가,경상사고,0,0,1,0,차대차 - 추돌,안전운전불이행,젖음/습기,흐림,단일로 - 기타,승용,남,41세,상해없음,승용,남,54세,경상
2018040500100110,2018년 4월 5일 08시,목요일,전라북도 전주시 덕진구 송천동2가,경상사고,0,0,2,0,차대차 - 측면충돌,안전운전불이행,건조,맑음,교차로 - 교차로안,승용,남,58세,기타불명,승용,여,46세,경상
2018040500100111,2018년 4월 5일 08시,목요일,전라북도 남원시 쌍교동,경상사고,0,0,1,0,차대차 - 추돌,안전거리미확보,건조,맑음,단일로 - 기타,승용,여,48세,상해없음,승용,남,39세,경상
2018040500100153,2018년 4월 5일 09시,목요일,전라북도 군산시 중앙로1가,경상사고,0,0,1,0,차대차 - 기타,안전운전불이행,젖음/습기,비,기타 - 기타,승용,남,45세,상해없음,자전거,남,78세,경상
2018040500100264,2018년 4월 5일 13시,목요일,전라북도 정읍시 수성동,중상사고,0,1,0,0,차대사람 - 횡단중,안전운전불이행,젖음/습기,비,단일로 - 기타,승용,남,32세,상해없음,보행자,남,51세,중상
2018040500100287,2018년 4월 5일 14시,목요일,전라북도 군산시 나운동,경상사고,0,0,1,0,차대차 - 측면충돌,안전운전불이행,젖음/습기,비,교차로 - 교차로안,승용,여,64세,상해없음,승용,여,27세,경상
2018040500100288,2018년 4월 5일 14시,목요일,전라북도 익산시 영등동,중상사고,0,1,3,0,차대차 - 추돌,안전거리미확보,젖음/습기,비,단일로 - 기타,승용,남,55세,상해없음,승용,여,47세,경상
2018040500100289,2018년 4월 5일 14시,목요일,전라북도 김제시 서암동,경상사고,0,0,1,0,차대사람 - 횡단중,불법유턴,젖음/습기,비,교차로 - 교차로안,승용,남,55세,상해없음,보행자,남,90세 이상,경상
2018040500100321,2018년 4월 5일 15시,목요일,전라북도 익산시 어양동,경상사고,0,0,1,0,차대차 - 측면충돌,안전운전불이행,젖음/습기,비,교차로 - 교차로안,승용,남,57세,상해없음,자전거,여,70세,경상
2018040500100378,2018년 4월 5일 17시,목요일,전라북도 군산시 문화동,중상사고,0,1,2,0,차대차 - 추돌,안전운전불이행,젖음/습기,비,교차로 - 교차로부근,승합,남,60세,상해없음,승용,여,59세,경상
2018040500100466,2018년 4월 5일 19시,목요일,전라북도 전주시 완산구 효자동3가,중상사고,0,2,1,0,차대차 - 측면충돌,안전운전불이행,젖음/습기,비,교차로 - 교차로안,승용,여,48세,상해없음,승용,여,33세,경상
2018040500100467,2018년 4월 5일 19시,목요일,전라북도 정읍시 상동,중상사고,0,2,1,0,차대차 - 측면충돌,신호위반,젖음/습기,비,교차로 - 교차로안,승용,남,40세,상해없음,승용,남,51세,중상
2018040500100527,2018년 4월 5일 20시,목요일,전라북도 전주시 완산구 동완산동,중상사고,0,1,0,0,차대사람 - 횡단중,보행자보호의무위반,젖음/습기,비,단일로 - 기타,승용,여,45세,상해없음,보행자,남,61세,중상
2018040500100528,2018년 4월 5일 20시,목요일,전라북도 남원시 운봉읍,경상사고,0,0,1,0,차대차 - 추돌,안전운전불이행,젖음/습기,비,단일로 - 기타,승용,남,64세,상해없음,농기계,남,47세,경상
2018040500100571,2018년 4월 5일 21시,목요일,전라북도 전주시 덕진구 인후동2가,경상사고,0,0,3,0,차대차 - 추돌,안전운전불이행,젖음/습기,비,교차로 - 교차로부근,승용,남,54세,상해없음,승용,남,48세,경상
2018040600100066,2018년 4월 6일 02시,금요일,전라북도 전주시 완산구 서신동,경상사고,0,0,1,0,차대차 - 측면충돌,신호위반,젖음/습기,비,교차로 - 교차로안,승용,남,41세,상해없음,승용,여,49세,경상
2018040600100113,2018년 4월 6일 06시,금요일,전라북도 전주시 완산구 중동,경상사고,0,0,1,0,차대차 - 측면충돌,신호위반,젖음/습기,비,교차로 - 교차로안,승용,남,35세,상해없음,화물,남,37세,경상
2018040600100136,2018년 4월 6일 07시,금요일,전라북도 익산시 주현동,경상사고,0,0,1,0,차대사람 - 횡단중,신호위반,건조,맑음,단일로 - 기타,화물,남,35세,상해없음,보행자,여,11세,경상
2018040600100167,2018년 4월 6일 08시,금요일,전라북도 진안군 진안읍,중상사고,0,1,0,0,차대사람 - 횡단중,보행자보호의무위반,건조,맑음,교차로 - 교차로안,화물,남,57세,상해없음,보행자,남,58세,중상
2018040600100186,2018년 4월 6일 09시,금요일,전라북도 익산시 춘포면,경상사고,0,0,1,0,차대차 - 추돌,안전운전불이행,건조,맑음,교차로 - 교차로부근,승용,남,46세,상해없음,승용,남,58세,경상
2018040600100187,2018년 4월 6일 09시,금요일,전라북도 김제시 금산면,경상사고,0,0,1,0,차대차 - 측면충돌,안전운전불이행,건조,맑음,단일로 - 기타,승용,남,49세,상해없음,사륜오토바이(ATV),남,85세,경상
2018040600100188,2018년 4월 6일 09시,금요일,전라북도 남원시 신촌동,경상사고,0,0,1,0,차대사람 - 횡단중,보행자보호의무위반,건조,맑음,교차로 - 교차로횡단보도내,화물,남,55세,상해없음,보행자,여,66세,경상
2018040600100221,2018년 4월 6일 10시,금요일,전라북도 익산시 동산동,경상사고,0,0,1,0,차대차 - 측면충돌,직진우회전진행방해,건조,맑음,교차로 - 교차로부근,승용,남,44세,상해없음,이륜,남,78세,경상
2018040600100247,2018년 4월 6일 11시,금요일,전라북도 익산시 영등동,경상사고,0,0,1,0,차대차 - 측면충돌,직진우회전진행방해,건조,맑음,교차로 - 교차로안,승용,여,59세,상해없음,승용,여,65세,경상
2018040600100324,2018년 4월 6일 14시,금요일,전라북도 김제시 하동,경상사고,0,0,1,0,차대차 - 측면충돌,안전운전불이행,건조,맑음,단일로 - 기타,화물,남,25세,상해없음,승용,여,36세,경상
2018040600100325,2018년 4월 6일 14시,금요일,전라북도 부안군 변산면,경상사고,0,0,4,0,차대차 - 측면충돌,직진우회전진행방해,건조,맑음,교차로 - 교차로안,승용,남,76세,상해없음,승용,남,75세,경상
2018040600100362,2018년 4월 6일 15시,금요일,전라북도 전주시 덕진구 용정동,경상사고,0,0,2,0,차대차 - 추돌,안전운전불이행,건조,맑음,단일로 - 기타,화물,남,63세,상해없음,승용,남,52세,경상
2018040600100395,2018년 4월 6일 16시,금요일,전라북도 전주시 덕진구 만성동,중상사고,0,1,2,0,차대차 - 측면충돌,교차로운행방법위반,건조,맑음,교차로 - 교차로안,승용,여,63세,상해없음,승용,남,67세,경상
2018040600100396,2018년 4월 6일 16시,금요일,전라북도 익산시 갈산동,경상사고,0,0,1,0,차대차 - 후진중충돌,안전운전불이행,건조,맑음,교차로 - 교차로부근,화물,남,39세,상해없음,승용,여,44세,경상
2018040600100397,2018년 4월 6일 16시,금요일,전라북도 익산시 인화동1가,경상사고,0,0,2,0,차대차 - 측면충돌,안전운전불이행,건조,맑음,교차로 - 교차로부근,승용,여,62세,상해없음,승용,남,59세,경상
2018040600100398,2018년 4월 6일 16시,금요일,전라북도 무주군 무주읍,경상사고,0,0,2,0,차대차 - 추돌,신호위반,건조,맑음,교차로 - 교차로부근,승용,여,59세,상해없음,승용,남,39세,경상
2018040600100431,2018년 4월 6일 17시,금요일,전라북도 진안군 진안읍,경상사고,0,0,1,0,차량단독 - 기타,안전운전불이행,건조,맑음,교차로 - 교차로부근,이륜,남,64세,경상,,,,
2018040600100465,2018년 4월 6일 18시,금요일,전라북도 임실군 관촌면,경상사고,0,0,2,0,차대차 - 측면충돌,교차로운행방법위반,건조,맑음,교차로 - 교차로안,승용,남,55세,상해없음,승용,남,31세,경상
2018040600100500,2018년 4월 6일 19시,금요일,전라북도 전주시 덕진구 진북동,경상사고,0,0,1,0,차대차 - 측면충돌,직진우회전진행방해,젖음/습기,흐림,교차로 - 교차로안,승용,남,33세,상해없음,승용,여,33세,경상
2018040600100543,2018년 4월 6일 20시,금요일,전라북도 정읍시 신태인읍,경상사고,0,0,1,0,차량단독 - 기타,안전운전불이행,젖음/습기,비,단일로 - 기타,화물,남,47세,경상,,,,
2018040600100544,2018년 4월 6일 20시,금요일,전라북도 부안군 부안읍,경상사고,0,0,2,0,차대사람 - 차도통행중,안전운전불이행,젖음/습기,비,단일로 - 기타,원동기,남,18세,경상,보행자,여,15세,경상
2018040600100545,2018년 4월 6일 20시,금요일,전라북도 완주군 봉동읍,경상사고,0,0,1,0,차대사람 - 횡단중,신호위반,젖음/습기,비,교차로 - 교차로횡단보도내,승용,여,43세,상해없음,보행자,여,11세,경상
2018040700100034,2018년 4월 7일 01시,토요일,전라북도 전주시 덕진구 우아동2가,경상사고,0,0,2,0,차대사람 - 횡단중,안전운전불이행,건조,맑음,단일로 - 기타,이륜,남,45세,상해없음,보행자,남,57세,경상
2018040700100035,2018년 4월 7일 01시,토요일,전라북도 익산시 신동,중상사고,0,2,0,0,차대차 - 측면충돌,직진우회전진행방해,건조,맑음,교차로 - 교차로안,이륜,남,23세,중상,승용,남,29세,상해없음
2018040700100058,2018년 4월 7일 02시,토요일,전라북도 익산시 마동,경상사고,0,0,2,0,차대차 - 측면충돌,신호위반,젖음/습기,흐림,교차로 - 교차로안,승용,남,30세,상해없음,승용,남,59세,경상
2018040700100059,2018년 4월 7일 02시,토요일,전라북도 익산시 여산면,경상사고,0,0,2,0,차대차 - 추돌,안전운전불이행,건조,맑음,단일로 - 기타,승용,남,41세,상해없음,승용,남,53세,경상
2018040700100072,2018년 4월 7일 03시,토요일,전라북도 익산시 마동,중상사고,0,1,0,0,차대차 - 측면충돌,신호위반,젖음/습기,흐림,교차로 - 교차로안,승용,남,30세,상해없음,승용,남,39세,중상
2018040700100085,2018년 4월 7일 04시,토요일,전라북도 정읍시 시기동,경상사고,0,0,1,0,차대차 - 측면충돌,중앙선침범,건조,흐림,단일로 - 기타,승용,남,22세,경상,승용,남,51세,기타불명
2018040700100094,2018년 4월 7일 05시,토요일,전라북도 전주시 완산구 평화동2가,사망사고,1,0,0,0,차대사람 - 횡단중,과속,건조,맑음,교차로 - 교차로안,승용,남,34세,상해없음,보행자,여,71세,사망
2018040700100105,2018년 4월 7일 06시,토요일,전라북도 전주시 덕진구 진북동,경상사고,0,0,1,0,차대차 - 측면충돌,안전운전불이행,건조,맑음,교차로 - 교차로안,화물,여,58세,기타불명,승용,남,25세,경상
2018040700100131,2018년 4월 7일 08시,토요일,전라북도 군산시 나운동,경상사고,0,0,1,0,차대사람 - 기타,안전운전불이행,건조,맑음,주차장 - 주차장,승용,여,56세,상해없음,보행자,여,32세,경상
2018040700100132,2018년 4월 7일 08시,토요일,전라북도 김제시 명덕동,경상사고,0,0,1,0,차대차 - 추돌,과속,건조,맑음,단일로 - 기타,승용,여,26세,상해없음,화물,남,57세,경상
2018040700100133,2018년 4월 7일 08시,토요일,전라북도 남원시 금지면,중상사고,0,1,0,0,차대차 - 측면충돌,교차로운행방법위반,건조,맑음,교차로 - 교차로안,화물,남,71세,상해없음,이륜,남,78세,중상
2018040700100157,2018년 4월 7일 09시,토요일,전라북도 전주시 완산구 삼천동1가,경상사고,0,0,2,0,차대차 - 추돌,안전운전불이행,건조,맑음,단일로 - 기타,화물,남,28세,상해없음,화물,남,52세,경상
2018040700100185,2018년 4월 7일 10시,토요일,전라북도 전주시 덕진구 성덕동,경상사고,0,0,2,0,차대차 - 측면충돌,신호위반,건조,맑음,교차로 - 교차로안,승용,남,70세,상해없음,화물,남,28세,경상