사고번호,사고일시,요일,시군구,사고내용,사망자수,중상자수,경상자수,부상신고자수,사고유형,법규위반,노면상태,기상상태,도로형태,가해운전자 차종,가해운전자 성별,가해운전자 연령,가해운전자 상해정도,피해운전자 차종,피해운전자 성별,피해운전자 연령,피해운전자 상해정도
2018040700100186,2018년 4월 7일 10시,토요일,전라북도 정읍시 수성동,경상사고,0,0,1,0,차대차 - 측면충돌,안전운전불이행,건조,맑음,교차로 - 교차로부근,자전거,남,82세,경상,화물,남,51세,상해없음
2018040700100257,2018년 4월 7일 12시,토요일,전라북도 군산시 신영동,경상사고,0,0,1,0,차대차 - 기타,안전운전불이행,건조,맑음,교차로 - 교차로안,승용,남,60세,기타불명,승용,남,25세,경상
2018040700100284,2018년 4월 7일 13시,토요일,전라북도 군산시 명산동,경상사고,0,0,4,0,차대차 - 추돌,안전운전불이행,건조,맑음,단일로 - 기타,승용,남,69세,상해없음,승용,남,37세,경상
2018040700100321,2018년 4월 7일 14시,토요일,전라북도 고창군 고창읍,경상사고,0,0,1,0,차대차 - 기타,기타,건조,맑음,교차로 - 교차로안,화물,남,68세,상해없음,승용,남,35세,경상
2018040700100373,2018년 4월 7일 15시,토요일,전라북도 김제시 교동,경상사고,0,0,1,0,차대차 - 측면충돌,직진우회전진행방해,건조,맑음,교차로 - 교차로안,승용,남,69세,상해없음,이륜,남,55세,경상
2018040700100412,2018년 4월 7일 16시,토요일,전라북도 정읍시 구룡동,중상사고,0,1,0,0,차대차 - 측면충돌,안전운전불이행,건조,맑음,교차로 - 교차로안,승용,여,65세,중상,승합,남,43세,상해없음
2018040700100508,2018년 4월 7일 18시,토요일,전라북도 군산시 구암동,경상사고,0,0,1,0,차대차 - 측면충돌,안전거리미확보,건조,맑음,단일로 - 기타,화물,남,51세,상해없음,승용,남,34세,상해없음
2018040700100509,2018년 4월 7일 18시,토요일,전라북도 고창군 고창읍,중상사고,0,1,2,0,차대차 - 정면충돌,안전운전불이행,건조,맑음,교차로 - 교차로안,승용,여,37세,상해없음,승용,남,38세,경상
2018040700100541,2018년 4월 7일 19시,토요일,전라북도 군산시 미룡동,중상사고,0,1,0,0,차대사람 - 횡단중,안전운전불이행,건조,맑음,단일로 - 기타,승용,여,50세,상해없음,보행자,남,58세,중상
2018040700100542,2018년 4월 7일 19시,토요일,전라북도 익산시 용안면,중상사고,0,1,0,0,차대차 - 측면충돌,신호위반,건조,맑음,교차로 - 교차로안,화물,남,60세,상해없음,승용,남,43세,중상
2018040700100577,2018년 4월 7일 20시,토요일,전라북도 익산시 왕궁면,경상사고,0,0,1,0,차대차 - 측면충돌,신호위반,건조,맑음,교차로 - 교차로안,승용,남,26세,상해없음,승용,남,29세,경상
2018040700100610,2018년 4월 7일 21시,토요일,전라북도 익산시 어양동,경상사고,0,0,1,0,차대사람 - 횡단중,보행자보호의무위반,적설,맑음,교차로 - 교차로횡단보도내,승용,여,45세,상해없음,보행자,남,61세,경상
2018040700100636,2018년 4월 7일 22시,토요일,전라북도 군산시 나운동,중상사고,0,1,0,0,차대사람 - 차도통행중,안전운전불이행,젖음/습기,비,교차로 - 교차로안,승용,남,55세,기타불명,보행자,남,31세,중상
2018040700100667,2018년 4월 7일 23시,토요일,전라북도 부안군 부안읍,경상사고,0,0,1,0,차량단독 - 공작물충돌,안전운전불이행,젖음/습기,흐림,교차로 - 교차로부근,승용,남,50세,경상,,,,
2018040800100007,2018년 4월 8일 00시,일요일,전라북도 전주시 완산구 삼천동1가,경상사고,0,0,1,0,차대사람 - 횡단중,안전운전불이행,기타,맑음,기타 - 기타,승용,남,48세,상해없음,보행자,남,42세,경상
2018040800100008,2018년 4월 8일 00시,일요일,전라북도 전주시 덕진구 금암동,중상사고,0,1,0,0,차대사람 - 횡단중,신호위반,건조,맑음,교차로 - 교차로안,승용,남,61세,상해없음,보행자,여,46세,중상
2018040800100033,2018년 4월 8일 01시,일요일,전라북도 군산시 수송동,경상사고,0,0,1,0,차대차 - 후진중충돌,안전운전불이행,건조,맑음,교차로 - 교차로안,승용,남,19세,상해없음,승용,여,50세,경상
2018040800100034,2018년 4월 8일 01시,일요일,전라북도 익산시 신동,경상사고,0,0,1,0,차대사람 - 기타,안전운전불이행,건조,맑음,교차로 - 교차로안,승용,남,26세,상해없음,보행자,남,21세,경상
2018040800100166,2018년 4월 8일 11시,일요일,전라북도 전주시 완산구 경원동3가,경상사고,0,0,1,0,차대차 - 측면충돌,교차로운행방법위반,건조,맑음,교차로 - 교차로안,승용,남,47세,상해없음,승용,남,69세,경상
2018040800100167,2018년 4월 8일 11시,일요일,전라북도 군산시 조촌동,경상사고,0,0,1,0,차대차 - 측면충돌,안전운전불이행,건조,맑음,교차로 - 교차로안,승용,남,55세,상해없음,승용,여,62세,경상
2018040800100207,2018년 4월 8일 13시,일요일,전라북도 군산시 수송동,경상사고,0,0,1,0,차대사람 - 횡단중,안전운전불이행,건조,맑음,교차로 - 교차로안,승용,남,45세,상해없음,보행자,여,5세,경상
2018040800100272,2018년 4월 8일 15시,일요일,전라북도 군산시 대야면,경상사고,0,0,2,0,차대차 - 정면충돌,중앙선침범,건조,맑음,단일로 - 기타,화물,남,58세,상해없음,화물,남,61세,경상
2018040800100273,2018년 4월 8일 15시,일요일,전라북도 군산시 오식도동,경상사고,0,0,7,0,차대차 - 추돌,신호위반,건조,맑음,교차로 - 교차로안,승합,남,51세,상해없음,승합,여,43세,경상
2018040800100346,2018년 4월 8일 17시,일요일,전라북도 익산시 여산면,경상사고,0,0,2,1,차대차 - 측면충돌,안전운전불이행,건조,맑음,기타 - 기타,승용,남,30세,상해없음,승용,여,20세,경상
2018040800100383,2018년 4월 8일 18시,일요일,전라북도 전주시 덕진구 호성동1가,경상사고,0,0,1,0,차대차 - 추돌,안전운전불이행,건조,맑음,단일로 - 기타,승용,여,50세,상해없음,승용,남,37세,경상
2018040800100418,2018년 4월 8일 19시,일요일,전라북도 완주군 상관면,경상사고,0,0,2,0,차대차 - 추돌,안전운전불이행,건조,맑음,교차로 - 교차로부근,화물,남,39세,상해없음,승용,남,30세,경상
2018040900100074,2018년 4월 9일 07시,월요일,전라북도 정읍시 상동,경상사고,0,0,1,0,차대차 - 기타,중앙선침범,건조,맑음,교차로 - 교차로부근,승용,남,69세,상해없음,승용,남,49세,경상
2018040900100075,2018년 4월 9일 07시,월요일,전라북도 남원시 수지면,사망사고,1,0,0,0,차대차 - 측면충돌,안전운전불이행,건조,맑음,교차로 - 교차로안,이륜,남,67세,사망,농기계,남,61세,기타불명
2018040900100109,2018년 4월 9일 08시,월요일,전라북도 전주시 완산구 서노송동,경상사고,0,0,1,0,차대차 - 추돌,안전거리미확보,건조,맑음,단일로 - 기타,승용,남,27세,상해없음,승용,여,28세,경상
2018040900100149,2018년 4월 9일 09시,월요일,전라북도 전주시 덕진구 금암동,경상사고,0,0,1,0,차대차 - 정면충돌,신호위반,건조,맑음,교차로 - 교차로안,승용,남,81세,상해없음,이륜,남,41세,경상
2018040900100218,2018년 4월 9일 11시,월요일,전라북도 전주시 완산구 중노송동,경상사고,0,0,1,0,차대차 - 추돌,안전운전불이행,건조,맑음,단일로 - 기타,승용,남,57세,상해없음,승용,여,45세,상해없음
2018040900100219,2018년 4월 9일 11시,월요일,전라북도 익산시 신동,경상사고,0,0,2,0,차대차 - 측면충돌,기타,건조,맑음,단일로 - 기타,승용,남,54세,상해없음,원동기,남,32세,경상
2018040900100221,2018년 4월 9일 11시,월요일,전라북도 임실군 임실읍,경상사고,0,0,1,0,차대차 - 측면충돌,교차로운행방법위반,건조,맑음,교차로 - 교차로안,화물,남,33세,상해없음,이륜,남,80세,경상
2018040900100262,2018년 4월 9일 12시,월요일,전라북도 익산시 금마면,경상사고,0,0,1,0,차대차 - 측면충돌,중앙선침범,건조,맑음,단일로 - 기타,승용,여,55세,상해없음,승용,남,68세,경상
2018040900100263,2018년 4월 9일 12시,월요일,전라북도 완주군 삼례읍,경상사고,0,0,1,0,차대차 - 추돌,안전거리미확보,건조,맑음,교차로 - 교차로부근,화물,남,41세,상해없음,승용,남,68세,경상
2018040900100331,2018년 4월 9일 14시,월요일,전라북도 전주시 덕진구 만성동,경상사고,0,0,1,0,차대차 - 측면충돌,안전거리미확보,건조,맑음,교차로 - 교차로부근,승용,남,57세,상해없음,화물,남,44세,경상
2018040900100332,2018년 4월 9일 14시,월요일,전라북도 익산시 영등동,경상사고,0,0,4,0,차대차 - 측면충돌,직진우회전진행방해,건조,맑음,교차로 - 교차로안,승용,남,40세,상해없음,승용,남,74세,경상
2018040900100333,2018년 4월 9일 14시,월요일,전라북도 순창군 쌍치면,중상사고,0,1,0,0,차대차 - 후진중충돌,안전운전불이행,건조,맑음,기타 - 기타,화물,남,50세,상해없음,이륜,여,68세,중상
2018040900100368,2018년 4월 9일 15시,월요일,전라북도 전주시 완산구 효자동2가,중상사고,0,1,0,0,차대차 - 기타,안전운전불이행,건조,맑음,단일로 - 기타,승합,남,43세,상해없음,승합,남,51세,상해없음
2018040900100369,2018년 4월 9일 15시,월요일,전라북도 익산시 신동,경상사고,0,0,1,0,차대차 - 측면충돌,안전운전불이행,건조,맑음,단일로 - 기타,승용,남,32세,상해없음,자전거,남,22세,경상
2018040900100370,2018년 4월 9일 15시,월요일,전라북도 익산시 평화동,중상사고,0,1,0,0,차대차 - 측면충돌,신호위반,건조,맑음,교차로 - 교차로안,자전거,남,73세,중상,승용,남,70세,상해없음
2018040900100371,2018년 4월 9일 15시,월요일,전라북도 정읍시 시기동,중상사고,0,1,0,0,차대차 - 측면충돌,기타,건조,맑음,교차로 - 교차로안,승용,여,54세,상해없음,이륜,남,60세,중상
2018040900100372,2018년 4월 9일 15시,월요일,전라북도 부안군 부안읍,경상사고,0,0,1,0,차대차 - 기타,안전운전불이행,건조,맑음,단일로 - 기타,승용,남,61세,경상,화물,남,42세,상해없음
2018040900100406,2018년 4월 9일 16시,월요일,전라북도 전주시 완산구 서노송동,경상사고,0,0,1,0,차대사람 - 기타,안전운전불이행,건조,맑음,단일로 - 기타,승용,남,64세,상해없음,보행자,여,38세,경상
2018040900100407,2018년 4월 9일 16시,월요일,전라북도 군산시 나운동,경상사고,0,0,1,0,차대사람 - 기타,안전운전불이행,건조,맑음,교차로 - 교차로안,승용,남,24세,상해없음,보행자,남,81세,경상
2018040900100448,2018년 4월 9일 17시,월요일,전라북도 전주시 덕진구 용정동,경상사고,0,0,1,0,차대차 - 기타,안전거리미확보,건조,기타,단일로 - 기타,승용,남,23세,상해없음,화물,남,34세,경상
2018040900100449,2018년 4월 9일 17시,월요일,전라북도 익산시 신용동,중상사고,0,1,1,0,차대차 - 측면충돌,안전운전불이행,건조,맑음,단일로 - 기타,화물,남,58세,상해없음,승용,여,64세,중상
2018040900100493,2018년 4월 9일 18시,월요일,전라북도 익산시 영등동,중상사고,0,1,0,0,차대차 - 측면충돌,안전운전불이행,건조,맑음,교차로 - 교차로안,승용,남,27세,상해없음,자전거,남,52세,중상
2018040900100494,2018년 4월 9일 18시,월요일,전라북도 김제시 황산면,경상사고,0,0,2,0,차대차 - 추돌,안전운전불이행,건조,맑음,단일로 - 기타,승용,남,37세,경상,승용,남,54세,경상
2018040900100495,2018년 4월 9일 18시,월요일,전라북도 순창군 순창읍,경상사고,0,0,1,0,차대차 - 측면충돌,교차로운행방법위반,건조,맑음,교차로 - 교차로안,이륜,남,77세,경상,화물,남,52세,상해없음
2018040900100537,2018년 4월 9일 19시,월요일,전라북도 전주시 덕진구 진북동,중상사고,0,1,0,0,차대사람 - 횡단중,보행자보호의무위반,건조,맑음,단일로 - 기타,승용,남,35세,상해없음,보행자,남,23세,중상
2018040900100538,2018년 4월 9일 19시,월요일,전라북도 군산시 사정동,부상신고사고,0,0,0,1,차대사람 - 횡단중,보행자보호의무위반,건조,맑음,교차로 - 교차로안,기타불명,기타불명,미분류,기타불명,보행자,남,45세,부상신고
2018040900100539,2018년 4월 9일 19시,월요일,전라북도 군산시 수송동,경상사고,0,0,1,0,차대사람 - 보도통행중,보행자보호의무위반,건조,맑음,교차로 - 교차로횡단보도내,승용,남,62세,상해없음,보행자,남,56세,경상
2018040900100575,2018년 4월 9일 20시,월요일,전라북도 전주시 완산구 효자동2가,경상사고,0,0,1,0,차대차 - 기타,직진우회전진행방해,건조,맑음,교차로 - 교차로안,승용,여,43세,상해없음,이륜,남,19세,경상
2018040900100576,2018년 4월 9일 20시,월요일,전라북도 완주군 용진읍,경상사고,0,0,2,0,차대차 - 측면충돌,교차로운행방법위반,건조,맑음,교차로 - 교차로안,승용,남,69세,상해없음,승용,남,61세,경상
2018040900100638,2018년 4월 9일 22시,월요일,전라북도 전주시 덕진구 인후동1가,경상사고,0,0,1,0,차대사람 - 기타,안전운전불이행,건조,맑음,단일로 - 기타,승용,남,27세,상해없음,보행자,남,57세,경상
2018040900100639,2018년 4월 9일 22시,월요일,전라북도 고창군 고창읍,중상사고,0,1,0,0,차대차 - 추돌,안전운전불이행,건조,맑음,교차로 - 교차로부근,승용,여,48세,상해없음,승용,남,40세,중상
2018040900100654,2018년 4월 9일 23시,월요일,전라북도 전주시 완산구 효자동3가,경상사고,0,0,2,0,차대차 - 측면충돌,신호위반,건조,맑음,교차로 - 교차로안,승용,남,36세,상해없음,승용,여,43세,경상
2018040900100655,2018년 4월 9일 23시,월요일,전라북도 군산시 개정면,사망사고,1,0,0,0,차대사람 - 기타,안전운전불이행,건조,맑음,단일로 - 기타,승용,남,52세,상해없음,보행자,남,65세,사망
2018040900100656,2018년 4월 9일 23시,월요일,전라북도 부안군 동진면,경상사고,0,0,1,0,차대차 - 추돌,안전운전불이행,건조,맑음,단일로 - 기타,승용,남,44세,상해없음,화물,남,57세,경상
2018041000100023,2018년 4월 10일 01시,화요일,전라북도 군산시 명산동,경상사고,0,0,2,0,차대차 - 기타,신호위반,건조,맑음,교차로 - 교차로안,승합,남,24세,상해없음,승용,남,24세,경상
2018041000100067,2018년 4월 10일 06시,화요일,전라북도 전주시 덕진구 팔복동3가,경상사고,0,0,2,0,차대차 - 측면충돌,안전거리미확보,건조,맑음,단일로 - 기타,승용,남,30세,기타불명,화물,남,45세,상해없음
2018041000100083,2018년 4월 10일 07시,화요일,전라북도 정읍시 신태인읍,경상사고,0,0,1,0,차량단독 - 전도전복 - 전도,안전운전불이행,건조,맑음,단일로 - 기타,사륜오토바이(ATV),남,90세 이상,경상,미분류,미분류,미분류,미분류
2018041000100116,2018년 4월 10일 08시,화요일,전라북도 군산시 산북동,경상사고,0,0,1,0,차대차 - 측면충돌,안전거리미확보,건조,맑음,단일로 - 지하차도(도로)내,승용,남,48세,상해없음,승합,남,48세,상해없음
2018041000100117,2018년 4월 10일 08시,화요일,전라북도 군산시 나운동,경상사고,0,0,1,0,차대차 - 측면충돌,안전운전불이행,건조,맑음,교차로 - 교차로안,승용,남,29세,상해없음,승용,남,30세,경상
2018041000100157,2018년 4월 10일 09시,화요일,전라북도 전주시 덕진구 우아동3가,중상사고,0,2,1,0,차대차 - 측면충돌,신호위반,건조,맑음,교차로 - 교차로안,승용,남,54세,상해없음,승용,남,62세,경상
2018041000100158,2018년 4월 10일 09시,화요일,전라북도 임실군 덕치면,경상사고,0,0,3,0,차대차 - 측면충돌,교차로운행방법위반,건조,맑음,교차로 - 교차로안,화물,남,43세,상해없음,화물,남,50세,경상
2018041000100191,2018년 4월 10일 10시,화요일,전라북도 정읍시 시기동,경상사고,0,0,1,0,차대사람 - 기타,보행자보호의무위반,건조,맑음,교차로 - 교차로횡단보도내,승용,여,47세,상해없음,보행자,여,65세,경상
2018041000100192,2018년 4월 10일 10시,화요일,전라북도 김제시 백산면,중상사고,0,1,0,0,차대차 - 정면충돌,중앙선침범,건조,맑음,단일로 - 기타,승용,남,72세,상해없음,승용,여,73세,중상
2018041000100227,2018년 4월 10일 11시,화요일,전라북도 전주시 완산구 효자동3가,중상사고,0,1,0,0,차대차 - 기타,안전운전불이행,건조,맑음,교차로 - 교차로안,승용,남,38세,상해없음,승용,남,44세,중상
2018041000100228,2018년 4월 10일 11시,화요일,전라북도 전주시 완산구 중노송동,경상사고,0,0,1,0,차대차 - 추돌,안전거리미확보,건조,맑음,단일로 - 기타,승용,남,71세,상해없음,승용,남,63세,경상
2018041000100229,2018년 4월 10일 11시,화요일,전라북도 익산시 창인동2가,중상사고,0,1,0,0,차대차 - 측면충돌,안전운전불이행,건조,맑음,교차로 - 교차로부근,승용,남,58세,상해없음,이륜,남,79세,중상
2018041000100256,2018년 4월 10일 12시,화요일,전라북도 군산시 나운동,경상사고,0,0,1,0,차대사람 - 횡단중,보행자보호의무위반,건조,맑음,교차로 - 교차로안,이륜,남,50세,상해없음,보행자,여,64세,경상
2018041000100284,2018년 4월 10일 13시,화요일,전라북도 남원시 운봉읍,경상사고,0,0,3,0,차대차 - 측면충돌,신호위반,건조,맑음,교차로 - 교차로안,승용,남,26세,상해없음,승용,남,69세,경상
2018041000100314,2018년 4월 10일 14시,화요일,전라북도 전주시 덕진구 고랑동,경상사고,0,0,4,0,차대차 - 기타,안전운전불이행,건조,맑음,단일로 - 기타,화물,남,53세,경상,화물,남,65세,상해없음
2018041000100370,2018년 4월 10일 16시,화요일,전라북도 전주시 덕진구 우아동2가,경상사고,0,0,1,0,차대차 - 기타,안전운전불이행,건조,맑음,교차로 - 교차로안,기타불명,기타불명,미분류,기타불명,승용,여,63세,경상
2018041000100413,2018년 4월 10일 17시,화요일,전라북도 익산시 동산동,경상사고,0,0,1,0,차대차 - 측면충돌,직진우회전진행방해,건조,맑음,교차로 - 교차로안,승합,남,73세,상해없음,이륜,남,58세,경상
2018041000100463,2018년 4월 10일 18시,화요일,전라북도 익산시 마동,경상사고,0,0,1,0,차량단독 - 기타,안전운전불이행,건조,맑음,단일로 - 기타,이륜,남,60세,경상,,,,
2018041000100464,2018년 4월 10일 18시,화요일,전라북도 남원시 보절면,중상사고,0,1,0,0,차대차 - 기타,중앙선침범,건조,맑음,단일로 - 교량,승용,여,46세,상해없음,이륜,남,76세,중상
2018041100100014,2018년 4월 11일 00시,수요일,전라북도 전주시 덕진구 인후동2가,중상사고,0,1,0,0,차대사람 - 차도통행중,안전운전불이행,젖음/습기,비,단일로 - 기타,승용,남,38세,상해없음,보행자,여,58세,중상
2018041100100109,2018년 4월 11일 08시,수요일,전라북도 전주시 완산구 서완산동1가,경상사고,0,0,1,0,차대차 - 추돌,안전운전불이행,건조,맑음,단일로 - 기타,승용,남,28세,상해없음,승용,남,56세,상해없음
2018041100100110,2018년 4월 11일 08시,수요일,전라북도 군산시 경장동,경상사고,0,0,2,0,차대차 - 기타,안전거리미확보,건조,맑음,단일로 - 기타,승합,남,61세,상해없음,자전거,남,78세,경상
2018041100100111,2018년 4월 11일 08시,수요일,전라북도 정읍시 신태인읍,경상사고,0,0,1,0,차대차 - 측면충돌,직진우회전진행방해,건조,맑음,교차로 - 교차로안,농기계,남,72세,상해없음,승용,남,58세,경상
2018041100100112,2018년 4월 11일 08시,수요일,전라북도 고창군 아산면,사망사고,1,0,0,0,차대차 - 측면충돌,안전운전불이행,건조,맑음,교차로 - 교차로횡단보도내,승용,남,52세,상해없음,자전거,남,82세,사망
2018041100100113,2018년 4월 11일 08시,수요일,전라북도 순창군 풍산면,경상사고,0,0,1,0,차량단독 - 전도전복 - 전도,안전운전불이행,건조,맑음,기타 - 기타,이륜,남,79세,경상,미분류,미분류,미분류,미분류
2018041100100158,2018년 4월 11일 09시,수요일,전라북도 전주시 덕진구 송천동2가,경상사고,0,0,1,0,차대차 - 측면충돌,차로위반,건조,맑음,단일로 - 기타,화물,남,52세,상해없음,승용,남,66세,경상
2018041100100159,2018년 4월 11일 09시,수요일,전라북도 군산시 경장동,경상사고,0,0,1,0,차대차 - 측면충돌,안전운전불이행,건조,맑음,교차로 - 교차로부근,자전거,남,48세,경상,승용,여,36세,상해없음
2018041100100182,2018년 4월 11일 10시,수요일,전라북도 전주시 완산구 효자동1가,경상사고,0,0,2,0,차대차 - 기타,중앙선침범,건조,맑음,단일로 - 기타,승용,남,22세,상해없음,승용,여,51세,경상
2018041100100207,2018년 4월 11일 11시,수요일,전라북도 전주시 덕진구 금암동,중상사고,0,1,0,0,차대차 - 측면충돌,신호위반,건조,맑음,교차로 - 교차로안,승용,남,77세,상해없음,승용,남,40세,중상
2018041100100270,2018년 4월 11일 13시,수요일,전라북도 정읍시 부전동,중상사고,0,1,0,0,차량단독 - 도로외이탈 - 추락,안전운전불이행,건조,맑음,교차로 - 교차로부근,원동기,남,76세,중상,,,,
2018041100100271,2018년 4월 11일 13시,수요일,전라북도 부안군 부안읍,중상사고,0,1,0,0,차대차 - 측면충돌,안전운전불이행,건조,맑음,교차로 - 교차로안,건설기계,남,56세,상해없음,화물,남,68세,중상
2018041100100294,2018년 4월 11일 14시,수요일,전라북도 전주시 완산구 서서학동,경상사고,0,0,1,0,차대사람 - 차도통행중,안전운전불이행,건조,맑음,교차로 - 교차로부근,화물,남,71세,상해없음,보행자,남,56세,경상
2018041100100295,2018년 4월 11일 14시,수요일,전라북도 군산시 옥산면,경상사고,0,0,3,0,차대차 - 측면충돌,신호위반,건조,맑음,단일로 - 기타,승합,남,68세,상해없음,승합,남,30세,경상
2018041100100370,2018년 4월 11일 16시,수요일,전라북도 전주시 덕진구 인후동2가,중상사고,0,1,0,0,차대차 - 측면충돌,안전거리미확보,건조,맑음,단일로 - 기타,승용,남,47세,상해없음,이륜,남,28세,중상
2018041100100476,2018년 4월 11일 18시,수요일,전라북도 정읍시 수성동,경상사고,0,0,1,0,차대차 - 측면충돌,신호위반,건조,맑음,교차로 - 교차로안,승용,여,51세,상해없음,승용,여,25세,경상
2018041100100513,2018년 4월 11일 19시,수요일,전라북도 완주군 비봉면,중상사고,0,1,0,0,차대사람 - 길가장자리구역통행중,안전운전불이행,건조,맑음,단일로 - 기타,승용,남,32세,상해없음,보행자,여,67세,중상
2018041100100568,2018년 4월 11일 21시,수요일,전라북도 전주시 덕진구 호성동2가,경상사고,0,0,1,0,차대차 - 측면충돌,신호위반,건조,맑음,교차로 - 교차로안,화물,남,52세,상해없음,화물,여,61세,경상
2018041100100588,2018년 4월 11일 22시,수요일,전라북도 전주시 덕진구 만성동,경상사고,0,0,1,0,차대차 - 측면충돌,신호위반,건조,맑음,교차로 - 교차로안,승용,남,43세,상해없음,승용,여,46세,경상
2018041100100589,2018년 4월 11일 22시,수요일,전라북도 부안군 부안읍,중상사고,0,1,0,0,차대차 - 측면충돌,안전운전불이행,건조,맑음,교차로 - 교차로안,화물,여,55세,상해없음,이륜,남,62세,중상
2018041100100613,2018년 4월 11일 23시,수요일,전라북도 전주시 완산구 서신동,경상사고,0,0,1,0,차대차 - 측면충돌,교차로운행방법위반,건조,맑음,교차로 - 교차로부근,승용,남,65세,상해없음,승용,여,32세,경상
2018041100100614,2018년 4월 11일 23시,수요일,전라북도 익산시 모현동1가,경상사고,0,0,4,0,차대차 - 추돌,안전운전불이행,건조,맑음,교차로 - 교차로부근,화물,남,30세,상해없음,화물,여,35세,경상
2018041200100023,2018년 4월 12일 01시,목요일,전라북도 전주시 완산구 효자동1가,경상사고,0,0,1,0,차대차 - 측면충돌,안전운전불이행,건조,맑음,기타 - 기타,승용,남,26세,상해없음,이륜,남,35세,경상
2018041200100039,2018년 4월 12일 03시,목요일,전라북도 전주시 완산구 효자동3가,중상사고,0,1,0,0,차대사람 - 기타,안전운전불이행,건조,맑음,단일로 - 기타,승용,남,45세,상해없음,보행자,남,20세,중상
2018041200100124,2018년 4월 12일 08시,목요일,전라북도 전주시 덕진구 송천동1가,경상사고,0,0,1,0,차대차 - 측면충돌,안전거리미확보,건조,맑음,교차로 - 교차로부근,승용,여,26세,상해없음,승용,남,45세,경상
2018041200100125,2018년 4월 12일 08시,목요일,전라북도 순창군 순창읍,경상사고,0,0,1,0,차대차 - 측면충돌,안전운전불이행,건조,맑음,단일로 - 기타,자전거,여,71세,경상,승용,여,56세,상해없음
2018041200100183,2018년 4월 12일 10시,목요일,전라북도 전주시 덕진구 산정동,중상사고,0,1,1,0,차대차 - 기타,안전거리미확보,건조,맑음,단일로 - 기타,승용,남,49세,상해없음,승합,남,48세,상해없음
2018041200100220,2018년 4월 12일 11시,목요일,전라북도 전주시 덕진구 인후동1가,경상사고,0,0,1,0,차대차 - 측면충돌,안전거리미확보,건조,맑음,교차로 - 교차로부근,승용,여,29세,상해없음,이륜,남,72세,경상
2018041200100221,2018년 4월 12일 11시,목요일,전라북도 김제시 요촌동,중상사고,0,1,0,0,차대사람 - 횡단중,보행자보호의무위반,건조,맑음,교차로 - 교차로안,화물,남,52세,상해없음,보행자,여,77세,중상
2018041200100222,2018년 4월 12일 11시,목요일,전라북도 남원시 광치동,중상사고,0,1,0,0,차량단독 - 공작물충돌,안전운전불이행,건조,맑음,단일로 - 기타,이륜,남,55세,중상,,,,
2018041200100223,2018년 4월 12일 11시,목요일,전라북도 임실군 강진면,경상사고,0,0,1,0,차대사람 - 차도통행중,안전운전불이행,건조,맑음,교차로 - 교차로안,승용,남,46세,상해없음,보행자,여,56세,경상
2018041200100249,2018년 4월 12일 12시,목요일,전라북도 전주시 완산구 평화동2가,경상사고,0,0,2,0,차대차 - 측면충돌,안전운전불이행,건조,맑음,단일로 - 기타,승용,남,50세,상해없음,승용,남,46세,경상
2018041200100250,2018년 4월 12일 12시,목요일,전라북도 익산시 남중동,중상사고,0,1,0,0,차대사람 - 기타,기타,건조,맑음,단일로 - 기타,승용,남,56세,상해없음,보행자,여,53세,중상
2018041200100282,2018년 4월 12일 13시,목요일,전라북도 익산시 신동,경상사고,0,0,1,0,차대사람 - 기타,안전운전불이행,건조,맑음,교차로 - 교차로안,승용,여,36세,상해없음,보행자,여,37세,경상
2018041200100283,2018년 4월 12일 13시,목요일,전라북도 정읍시 수성동,경상사고,0,0,2,0,차대차 - 추돌,안전운전불이행,건조,맑음,단일로 - 기타,승용,남,53세,상해없음,승용,남,74세,경상
2018041200100317,2018년 4월 12일 14시,목요일,전라북도 전주시 덕진구 금암동,경상사고,0,0,2,0,차대차 - 측면충돌,신호위반,건조,맑음,교차로 - 교차로안,승용,남,34세,상해없음,승용,남,53세,경상
2018041200100318,2018년 4월 12일 14시,목요일,전라북도 정읍시 시기동,경상사고,0,0,1,0,차대차 - 측면충돌,불법유턴,건조,맑음,교차로 - 교차로안,승용,남,38세,상해없음,승용,여,38세,경상
2018041200100319,2018년 4월 12일 14시,목요일,전라북도 정읍시 수성동,경상사고,0,0,1,0,차대사람 - 기타,안전운전불이행,건조,맑음,단일로 - 기타,승용,여,42세,상해없음,보행자,여,57세,경상
2018041200100354,2018년 4월 12일 15시,목요일,전라북도 남원시 운봉읍,사망사고,1,0,0,0,차량단독 - 도로외이탈 - 추락,안전운전불이행,건조,맑음,단일로 - 기타,농기계,남,77세,사망,,,,
2018041200100430,2018년 4월 12일 17시,목요일,전라북도 군산시 서흥남동,중상사고,0,1,1,0,차대차 - 기타,안전운전불이행,건조,맑음,단일로 - 기타,승용,남,52세,상해없음,승용,남,70세,경상
2018041200100431,2018년 4월 12일 17시,목요일,전라북도 군산시 수송동,경상사고,0,0,2,0,차대차 - 추돌,안전운전불이행,건조,맑음,단일로 - 기타,승용,남,52세,상해없음,승용,여,43세,경상
2018041200100432,2018년 4월 12일 17시,목요일,전라북도 군산시 미룡동,경상사고,0,0,5,0,차대차 - 기타,안전운전불이행,건조,맑음,교차로 - 교차로안,화물,남,63세,상해없음,승용,여,63세,경상
2018041200100557,2018년 4월 12일 20시,목요일,전라북도 전주시 덕진구 금암동,경상사고,0,0,1,0,차대차 - 측면충돌,안전거리미확보,건조,맑음,단일로 - 기타,승용,남,42세,상해없음,이륜,남,19세,경상