사고번호,사고일시,요일,시군구,사고내용,사망자수,중상자수,경상자수,부상신고자수,사고유형,법규위반,노면상태,기상상태,도로형태,가해운전자 차종,가해운전자 성별,가해운전자 연령,가해운전자 상해정도,피해운전자 차종,피해운전자 성별,피해운전자 연령,피해운전자 상해정도
2018041900100571,2018년 4월 19일 21시,목요일,전라북도 전주시 덕진구 송천동1가,경상사고,0,0,2,0,차대차 - 추돌,안전거리미확보,건조,맑음,단일로 - 기타,승용,남,51세,상해없음,승용,남,34세,경상
2018041900100572,2018년 4월 19일 21시,목요일,전라북도 군산시 소룡동,경상사고,0,0,2,0,차대차 - 측면충돌,신호위반,건조,맑음,교차로 - 교차로안,승용,여,35세,상해없음,승용,여,50세,경상
2018041900100573,2018년 4월 19일 21시,목요일,전라북도 익산시 부송동,경상사고,0,0,1,0,차대차 - 측면충돌,직진우회전진행방해,건조,맑음,교차로 - 교차로안,승용,남,53세,상해없음,승용,여,24세,경상
2018041900100606,2018년 4월 19일 23시,목요일,전라북도 익산시 인화동1가,경상사고,0,0,1,0,차대차 - 추돌,안전운전불이행,건조,맑음,교차로 - 교차로안,승용,남,34세,상해없음,승용,남,52세,경상
2018042000100024,2018년 4월 20일 01시,금요일,전라북도 정읍시 상동,경상사고,0,0,3,0,차대차 - 측면충돌,안전운전불이행,건조,맑음,단일로 - 기타,승용,남,50세,상해없음,승합,여,59세,상해없음
2018042000100066,2018년 4월 20일 06시,금요일,전라북도 군산시 미장동,중상사고,0,1,0,0,차대사람 - 횡단중,보행자보호의무위반,건조,맑음,교차로 - 교차로안,화물,남,66세,상해없음,보행자,여,65세,중상
2018042000100110,2018년 4월 20일 08시,금요일,전라북도 전주시 완산구 효자동2가,경상사고,0,0,1,0,차대사람 - 횡단중,보행자보호의무위반,건조,맑음,교차로 - 교차로횡단보도내,승용,여,41세,상해없음,보행자,여,11세,경상
2018042000100111,2018년 4월 20일 08시,금요일,전라북도 임실군 신평면,경상사고,0,0,2,0,차대차 - 측면충돌,교차로운행방법위반,건조,맑음,교차로 - 교차로안,승합,남,51세,상해없음,화물,남,80세,경상
2018042000100112,2018년 4월 20일 08시,금요일,전라북도 무주군 무주읍,중상사고,0,2,3,0,차대차 - 추돌,안전운전불이행,건조,맑음,교차로 - 교차로안,승용,남,63세,상해없음,승용,남,77세,중상
2018042000100172,2018년 4월 20일 10시,금요일,전라북도 군산시 경암동,중상사고,0,1,0,0,차대차 - 측면충돌,직진우회전진행방해,건조,맑음,교차로 - 교차로안,화물,남,69세,상해없음,원동기,남,80세,중상
2018042000100173,2018년 4월 20일 10시,금요일,전라북도 군산시 수송동,경상사고,0,0,1,0,차대차 - 측면충돌,직진우회전진행방해,건조,맑음,교차로 - 교차로안,승용,남,55세,상해없음,승용,여,60세,경상
2018042000100240,2018년 4월 20일 12시,금요일,전라북도 남원시 도통동,경상사고,0,0,1,0,차대차 - 기타,안전운전불이행,건조,맑음,단일로 - 기타,화물,남,33세,상해없음,승용,남,32세,경상
2018042000100275,2018년 4월 20일 13시,금요일,전라북도 고창군 성내면,경상사고,0,0,3,0,차대차 - 측면충돌,중앙선침범,건조,맑음,단일로 - 기타,승용,남,60세,상해없음,승용,남,57세,경상
2018042000100304,2018년 4월 20일 14시,금요일,전라북도 군산시 옥도면,중상사고,0,2,3,0,차대차 - 정면충돌,중앙선침범,건조,맑음,단일로 - 교량,승용,여,37세,경상,특수,남,47세,중상
2018042000100333,2018년 4월 20일 15시,금요일,전라북도 전주시 덕진구 송천동2가,경상사고,0,0,2,0,차대차 - 추돌,안전거리미확보,건조,맑음,단일로 - 기타,승합,남,37세,상해없음,승용,남,57세,경상
2018042000100383,2018년 4월 20일 16시,금요일,전라북도 전주시 덕진구 우아동3가,경상사고,0,0,1,0,차대사람 - 기타,안전운전불이행,건조,맑음,교차로 - 교차로안,승용,남,62세,상해없음,보행자,남,75세,경상
2018042000100384,2018년 4월 20일 16시,금요일,전라북도 정읍시 시기동,경상사고,0,0,2,0,차대차 - 기타,중앙선침범,건조,맑음,단일로 - 기타,건설기계,남,55세,상해없음,화물,남,70세,경상
2018042000100385,2018년 4월 20일 16시,금요일,전라북도 무주군 안성면,중상사고,0,1,0,0,차량단독 - 전도전복 - 전도,안전운전불이행,건조,맑음,단일로 - 기타,화물,여,50세,중상,미분류,미분류,미분류,미분류
2018042000100436,2018년 4월 20일 17시,금요일,전라북도 익산시 금마면,중상사고,0,1,0,0,차대차 - 기타,교차로운행방법위반,건조,맑음,교차로 - 교차로안,승용,남,63세,상해없음,자전거,남,80세,중상
2018042000100437,2018년 4월 20일 17시,금요일,전라북도 부안군 부안읍,중상사고,0,1,0,0,차대차 - 측면충돌,안전운전불이행,건조,맑음,교차로 - 교차로안,원동기,여,62세,중상,승용,남,73세,상해없음
2018042000100438,2018년 4월 20일 17시,금요일,전라북도 무주군 무주읍,중상사고,0,1,0,0,차대차 - 측면충돌,안전운전불이행,건조,맑음,교차로 - 교차로안,승용,여,47세,상해없음,승용,남,49세,중상
2018042000100493,2018년 4월 20일 18시,금요일,전라북도 남원시 월락동,중상사고,0,1,0,0,차대사람 - 횡단중,안전운전불이행,건조,맑음,단일로 - 기타,승용,남,46세,상해없음,보행자,여,5세,중상
2018042000100494,2018년 4월 20일 18시,금요일,전라북도 고창군 상하면,경상사고,0,0,1,0,차대사람 - 횡단중,보행자보호의무위반,건조,맑음,교차로 - 교차로횡단보도내,승용,여,44세,상해없음,보행자,여,13세,경상
2018042000100536,2018년 4월 20일 19시,금요일,전라북도 전주시 덕진구 인후동1가,중상사고,0,1,0,0,차대사람 - 횡단중,안전운전불이행,건조,맑음,단일로 - 기타,승용,남,29세,상해없음,보행자,남,8세,중상
2018042000100537,2018년 4월 20일 19시,금요일,전라북도 익산시 신흥동,경상사고,0,0,2,0,차대차 - 기타,안전거리미확보,건조,맑음,단일로 - 기타,화물,남,20세,상해없음,승용,여,57세,경상
2018042000100579,2018년 4월 20일 20시,금요일,전라북도 전주시 덕진구 인후동1가,경상사고,0,0,1,0,차대사람 - 횡단중,보행자보호의무위반,건조,맑음,교차로 - 교차로횡단보도내,승용,남,25세,상해없음,보행자,여,29세,경상
2018042000100616,2018년 4월 20일 21시,금요일,전라북도 전주시 완산구 효자동2가,경상사고,0,0,1,0,차대사람 - 횡단중,신호위반,건조,맑음,교차로 - 교차로횡단보도내,이륜,남,19세,상해없음,보행자,남,10세,경상
2018042000100617,2018년 4월 20일 21시,금요일,전라북도 군산시 소룡동,경상사고,0,0,1,0,차대차 - 측면충돌,교차로운행방법위반,건조,맑음,교차로 - 교차로안,승용,남,47세,상해없음,승용,남,31세,경상
2018042000100648,2018년 4월 20일 22시,금요일,전라북도 익산시 모현동1가,경상사고,0,0,1,0,차대차 - 기타,안전운전불이행,건조,맑음,단일로 - 기타,승용,남,59세,상해없음,이륜,남,17세,경상
2018042000100673,2018년 4월 20일 23시,금요일,전라북도 전주시 덕진구 송천동2가,경상사고,0,0,1,0,차대차 - 측면충돌,안전거리미확보,건조,맑음,교차로 - 교차로부근,승용,남,46세,상해없음,승용,남,56세,경상
2018042100100061,2018년 4월 21일 03시,토요일,전라북도 전주시 덕진구 송천동2가,경상사고,0,0,2,0,차대차 - 측면충돌,신호위반,건조,맑음,교차로 - 교차로안,승용,남,38세,상해없음,승용,남,37세,경상
2018042100100093,2018년 4월 21일 05시,토요일,전라북도 전주시 완산구 효자동1가,경상사고,0,0,1,0,차대사람 - 기타,안전운전불이행,건조,맑음,교차로 - 교차로안,승용,여,32세,상해없음,보행자,남,23세,경상
2018042100100121,2018년 4월 21일 07시,토요일,전라북도 완주군 봉동읍,경상사고,0,0,1,0,차대차 - 측면충돌,신호위반,건조,맑음,교차로 - 교차로안,건설기계,남,51세,상해없음,승용,여,38세,경상
2018042100100164,2018년 4월 21일 09시,토요일,전라북도 무주군 무주읍,사망사고,1,0,0,0,차대사람 - 횡단중,안전운전불이행,건조,맑음,교차로 - 교차로안,승용,여,48세,상해없음,보행자,남,85세,사망
2018042100100189,2018년 4월 21일 10시,토요일,전라북도 전주시 덕진구 우아동3가,중상사고,0,1,0,0,차대차 - 측면충돌,안전운전불이행,건조,맑음,단일로 - 기타,원동기,남,68세,기타불명,승용,여,29세,중상
2018042100100190,2018년 4월 21일 10시,토요일,전라북도 익산시 남중동,경상사고,0,0,1,0,차대차 - 측면충돌,안전운전불이행,건조,맑음,교차로 - 교차로부근,승용,남,76세,상해없음,화물,남,54세,경상
2018042100100229,2018년 4월 21일 11시,토요일,전라북도 완주군 용진읍,경상사고,0,0,1,0,차대차 - 측면충돌,신호위반,건조,맑음,교차로 - 교차로부근,승용,여,63세,상해없음,화물,남,47세,경상
2018042100100230,2018년 4월 21일 11시,토요일,전라북도 완주군 용진읍,중상사고,0,1,0,0,차대차 - 측면충돌,안전운전불이행,건조,맑음,기타 - 기타,승용,여,55세,상해없음,화물,남,57세,중상
2018042100100268,2018년 4월 21일 12시,토요일,전라북도 전주시 완산구 삼천동1가,경상사고,0,0,1,0,차대차 - 측면충돌,직진우회전진행방해,건조,맑음,교차로 - 교차로안,승용,남,30세,상해없음,특수,남,38세,경상
2018042100100269,2018년 4월 21일 12시,토요일,전라북도 군산시 문화동,경상사고,0,0,1,0,차대차 - 기타,안전운전불이행,건조,맑음,교차로 - 교차로부근,승용,남,52세,상해없음,승용,남,43세,상해없음
2018042100100270,2018년 4월 21일 12시,토요일,전라북도 군산시 개정동,경상사고,0,0,4,0,차대차 - 기타,차로위반,건조,맑음,교차로 - 교차로부근,화물,남,48세,상해없음,승용,여,45세,경상
2018042100100298,2018년 4월 21일 13시,토요일,전라북도 전주시 완산구 중화산동2가,경상사고,0,0,1,0,차대차 - 측면충돌,불법유턴,건조,맑음,단일로 - 기타,승용,여,61세,상해없음,화물,남,51세,경상
2018042100100299,2018년 4월 21일 13시,토요일,전라북도 군산시 서수면,중상사고,0,1,0,0,차대차 - 기타,중앙선침범,건조,맑음,교차로 - 교차로안,이륜,남,72세,중상,승용,남,85세,상해없음
2018042100100300,2018년 4월 21일 13시,토요일,전라북도 군산시 수송동,경상사고,0,0,1,0,차대차 - 기타,신호위반,건조,맑음,단일로 - 기타,승용,여,53세,상해없음,승용,남,68세,경상
2018042100100301,2018년 4월 21일 13시,토요일,전라북도 무주군 무주읍,중상사고,0,1,1,0,차대차 - 측면충돌,중앙선침범,건조,맑음,단일로 - 지하차도(도로)내,이륜,남,26세,중상,승용,여,52세,경상
2018042100100332,2018년 4월 21일 14시,토요일,전라북도 군산시 옥산면,경상사고,0,0,2,0,차대차 - 기타,차로위반,건조,맑음,단일로 - 기타,승용,남,44세,경상,승용,남,28세,경상
2018042100100333,2018년 4월 21일 14시,토요일,전라북도 부안군 변산면,경상사고,0,0,1,0,차대사람 - 기타,안전운전불이행,건조,맑음,주차장 - 주차장,승합,남,45세,상해없음,보행자,여,63세,경상
2018042100100334,2018년 4월 21일 14시,토요일,전라북도 부안군 주산면,중상사고,0,1,0,0,차량단독 - 도로외이탈 - 추락,안전운전불이행,건조,맑음,단일로 - 기타,농기계,남,70세,중상,,,,
2018042100100376,2018년 4월 21일 15시,토요일,전라북도 순창군 순창읍,경상사고,0,0,2,0,차대차 - 측면충돌,신호위반,건조,맑음,교차로 - 교차로안,승용,남,59세,상해없음,승용,여,45세,경상
2018042100100423,2018년 4월 21일 16시,토요일,전라북도 익산시 모현동1가,경상사고,0,0,1,0,차대사람 - 기타,안전운전불이행,건조,맑음,교차로 - 교차로안,승용,남,32세,상해없음,보행자,여,46세,경상
2018042100100424,2018년 4월 21일 16시,토요일,전라북도 김제시 황산면,중상사고,0,2,0,0,차대차 - 측면충돌,직진우회전진행방해,건조,맑음,교차로 - 교차로안,화물,남,75세,상해없음,화물,남,57세,중상
2018042100100476,2018년 4월 21일 17시,토요일,전라북도 장수군 장계면,경상사고,0,0,1,0,차대차 - 측면충돌,교차로운행방법위반,건조,맑음,교차로 - 교차로안,이륜,남,34세,상해없음,자전거,남,81세,경상
2018042100100531,2018년 4월 21일 18시,토요일,전라북도 전주시 완산구 중앙동4가,경상사고,0,0,1,0,차대사람 - 횡단중,안전운전불이행,건조,맑음,교차로 - 교차로안,건설기계,남,45세,상해없음,보행자,남,66세,경상
2018042100100532,2018년 4월 21일 18시,토요일,전라북도 남원시 쌍교동,중상사고,0,1,0,0,차대사람 - 기타,안전운전불이행,건조,맑음,교차로 - 교차로안,승용,남,62세,상해없음,보행자,여,56세,중상
2018042100100533,2018년 4월 21일 18시,토요일,전라북도 부안군 부안읍,경상사고,0,0,1,0,차대사람 - 횡단중,보행자보호의무위반,건조,맑음,단일로 - 기타,승용,남,25세,상해없음,보행자,여,20세,경상
2018042100100572,2018년 4월 21일 19시,토요일,전라북도 군산시 옥산면,사망사고,1,0,0,0,차대사람 - 기타,안전운전불이행,건조,맑음,단일로 - 기타,화물,남,42세,상해없음,보행자,남,80세,사망
2018042100100573,2018년 4월 21일 19시,토요일,전라북도 익산시 영등동,경상사고,0,0,1,0,차대차 - 추돌,안전운전불이행,건조,맑음,단일로 - 기타,승용,여,38세,상해없음,승용,여,50세,경상
2018042100100606,2018년 4월 21일 20시,토요일,전라북도 전주시 완산구 중화산동2가,경상사고,0,0,1,0,차대차 - 정면충돌,중앙선침범,건조,맑음,교차로 - 교차로안,승용,남,52세,상해없음,승용,여,38세,경상
2018042100100607,2018년 4월 21일 20시,토요일,전라북도 전주시 덕진구 인후동2가,중상사고,0,1,0,0,차대사람 - 기타,안전운전불이행,건조,맑음,교차로 - 교차로안,승용,남,60세,상해없음,보행자,남,52세,중상
2018042100100679,2018년 4월 21일 22시,토요일,전라북도 익산시 영등동,경상사고,0,0,1,0,차대사람 - 기타,안전운전불이행,건조,맑음,교차로 - 교차로안,승용,여,41세,상해없음,보행자,남,45세,경상
2018042100100705,2018년 4월 21일 23시,토요일,전라북도 전주시 덕진구 덕진동1가,부상신고사고,0,0,0,1,차대사람 - 기타,안전운전불이행,건조,맑음,단일로 - 기타,승용,여,56세,상해없음,보행자,남,25세,부상신고
2018042200100035,2018년 4월 22일 02시,일요일,전라북도 전주시 완산구 효자동1가,경상사고,0,0,2,0,차대차 - 추돌,안전운전불이행,젖음/습기,흐림,단일로 - 기타,승용,남,59세,상해없음,승용,남,32세,경상
2018042200100043,2018년 4월 22일 03시,일요일,전라북도 군산시 서흥남동,경상사고,0,0,1,0,차대차 - 기타,신호위반,건조,흐림,교차로 - 교차로안,승용,남,56세,상해없음,승용,남,59세,경상
2018042200100066,2018년 4월 22일 05시,일요일,전라북도 익산시 남중동,중상사고,0,1,0,0,차대사람 - 기타,안전운전불이행,건조,맑음,단일로 - 기타,기타불명,기타불명,미분류,기타불명,보행자,남,60세,중상
2018042200100149,2018년 4월 22일 11시,일요일,전라북도 정읍시 감곡면,중상사고,0,1,0,0,차대차 - 추돌,안전운전불이행,건조,맑음,단일로 - 기타,화물,남,65세,상해없음,개인형이동수단(PM),여,59세,중상
2018042200100175,2018년 4월 22일 12시,일요일,전라북도 전주시 덕진구 인후동1가,경상사고,0,0,1,0,차대차 - 측면충돌,차로위반,건조,맑음,단일로 - 기타,승용,남,55세,상해없음,승용,남,27세,경상
2018042200100176,2018년 4월 22일 12시,일요일,전라북도 군산시 구암동,경상사고,0,0,2,0,차대차 - 기타,안전운전불이행,건조,맑음,단일로 - 기타,승용,여,67세,상해없음,승용,남,70세,경상
2018042200100229,2018년 4월 22일 14시,일요일,전라북도 전주시 덕진구 팔복동2가,경상사고,0,0,1,0,차대차 - 측면충돌,신호위반,건조,맑음,교차로 - 교차로안,승용,남,26세,상해없음,승용,남,39세,경상
2018042200100230,2018년 4월 22일 14시,일요일,전라북도 고창군 흥덕면,사망사고,1,0,0,0,차량단독 - 공작물충돌,안전운전불이행,건조,흐림,단일로 - 기타,화물,남,52세,상해없음,,,,
2018042200100231,2018년 4월 22일 14시,일요일,전라북도 부안군 부안읍,경상사고,0,0,1,0,차대차 - 측면충돌,안전운전불이행,건조,흐림,교차로 - 교차로안,원동기,남,81세,경상,승용,남,48세,상해없음
2018042200100253,2018년 4월 22일 15시,일요일,전라북도 전주시 완산구 서신동,경상사고,0,0,1,0,차대차 - 기타,안전운전불이행,건조,맑음,교차로 - 교차로부근,자전거,남,82세,상해없음,이륜,남,28세,경상
2018042200100297,2018년 4월 22일 17시,일요일,전라북도 익산시 영등동,중상사고,0,1,0,0,차대차 - 측면충돌,안전운전불이행,건조,맑음,단일로 - 기타,승용,남,40세,상해없음,이륜,남,21세,중상
2018042200100298,2018년 4월 22일 17시,일요일,전라북도 김제시 요촌동,경상사고,0,0,2,0,차대차 - 추돌,안전운전불이행,건조,맑음,단일로 - 기타,승용,남,36세,상해없음,이륜,남,41세,경상
2018042200100334,2018년 4월 22일 18시,일요일,전라북도 정읍시 상동,경상사고,0,0,2,0,차대차 - 측면충돌,직진우회전진행방해,젖음/습기,비,교차로 - 교차로안,승용,남,50세,경상,화물,남,57세,경상
2018042200100403,2018년 4월 22일 20시,일요일,전라북도 군산시 경암동,경상사고,0,0,2,0,차대차 - 기타,안전운전불이행,건조,맑음,교차로 - 교차로부근,승용,남,64세,상해없음,승용,여,39세,경상
2018042200100434,2018년 4월 22일 21시,일요일,전라북도 전주시 완산구 효자동1가,경상사고,0,0,1,0,차대차 - 측면충돌,안전운전불이행,건조,맑음,단일로 - 기타,화물,남,61세,상해없음,승용,남,23세,경상
2018042200100435,2018년 4월 22일 21시,일요일,전라북도 전주시 덕진구 송천동1가,경상사고,0,0,3,0,차대차 - 추돌,안전운전불이행,젖음/습기,비,교차로 - 교차로부근,승용,남,30세,상해없음,승용,남,50세,경상
2018042200100463,2018년 4월 22일 22시,일요일,전라북도 무주군 적상면,경상사고,0,0,2,0,차대차 - 추돌,안전운전불이행,건조,맑음,단일로 - 지하차도(도로)내,승용,남,49세,경상,승용,남,38세,경상
2018042200100490,2018년 4월 22일 23시,일요일,전라북도 전주시 완산구 효자동1가,사망사고,1,0,0,0,차대사람 - 횡단중,안전운전불이행,젖음/습기,비,교차로 - 교차로안,승용,남,54세,상해없음,보행자,남,72세,사망
2018042300100122,2018년 4월 23일 08시,월요일,전라북도 익산시 남중동,경상사고,0,0,1,0,차대사람 - 횡단중,신호위반,젖음/습기,맑음,교차로 - 교차로안,화물,남,64세,상해없음,보행자,여,17세,경상
2018042300100169,2018년 4월 23일 09시,월요일,전라북도 군산시 금암동,경상사고,0,0,1,0,차대차 - 기타,안전운전불이행,젖음/습기,비,교차로 - 교차로안,승용,남,74세,기타불명,화물,남,31세,경상
2018042300100170,2018년 4월 23일 09시,월요일,전라북도 익산시 부송동,중상사고,0,1,3,0,차대차 - 측면충돌,기타,건조,맑음,교차로 - 교차로안,승합,남,61세,상해없음,승용,여,31세,경상
2018042300100171,2018년 4월 23일 09시,월요일,전라북도 남원시 고죽동,경상사고,0,0,3,0,차대차 - 측면충돌,안전운전불이행,젖음/습기,비,단일로 - 기타,승용,남,63세,상해없음,승용,여,59세,경상
2018042300100201,2018년 4월 23일 10시,월요일,전라북도 군산시 소룡동,경상사고,0,0,2,0,차대차 - 측면충돌,신호위반,젖음/습기,비,교차로 - 교차로안,화물,남,57세,경상,화물,남,41세,경상
2018042300100227,2018년 4월 23일 11시,월요일,전라북도 군산시 지곡동,경상사고,0,0,3,0,차대차 - 추돌,안전운전불이행,젖음/습기,비,단일로 - 기타,승용,남,62세,기타불명,승용,남,63세,경상
2018042300100313,2018년 4월 23일 14시,월요일,전라북도 군산시 개정면,경상사고,0,0,1,0,차대차 - 추돌,안전운전불이행,젖음/습기,비,교차로 - 교차로부근,승용,남,65세,기타불명,승용,남,36세,경상
2018042300100337,2018년 4월 23일 15시,월요일,전라북도 전주시 덕진구 팔복동2가,경상사고,0,0,1,0,차대차 - 추돌,안전운전불이행,젖음/습기,비,교차로 - 교차로부근,승용,여,45세,상해없음,승용,여,59세,경상
2018042300100359,2018년 4월 23일 16시,월요일,전라북도 전주시 덕진구 인후동2가,경상사고,0,0,2,0,차대차 - 측면충돌,교차로운행방법위반,젖음/습기,비,교차로 - 교차로안,승용,남,26세,상해없음,승용,남,82세,경상
2018042300100394,2018년 4월 23일 17시,월요일,전라북도 군산시 나운동,경상사고,0,0,2,0,차대차 - 기타,안전운전불이행,젖음/습기,비,교차로 - 교차로안,승용,여,35세,기타불명,화물,남,58세,경상
2018042300100430,2018년 4월 23일 18시,월요일,전라북도 정읍시 연지동,중상사고,0,1,0,0,차대사람 - 횡단중,안전운전불이행,젖음/습기,비,단일로 - 기타,화물,남,72세,상해없음,보행자,여,84세,중상
2018042300100465,2018년 4월 23일 19시,월요일,전라북도 전주시 덕진구 인후동1가,중상사고,0,1,0,0,차대차 - 기타,안전운전불이행,젖음/습기,흐림,교차로 - 교차로안,기타불명,기타불명,미분류,기타불명,이륜,남,27세,중상
2018042300100466,2018년 4월 23일 19시,월요일,전라북도 전주시 완산구 효자동3가,경상사고,0,0,1,0,차대차 - 측면충돌,신호위반,젖음/습기,비,교차로 - 교차로안,승용,남,43세,상해없음,승용,남,30세,경상
2018042300100517,2018년 4월 23일 20시,월요일,전라북도 김제시 요촌동,경상사고,0,0,1,0,차대차 - 측면충돌,교차로운행방법위반,젖음/습기,흐림,교차로 - 교차로안,승용,여,38세,상해없음,승용,남,59세,경상
2018042300100518,2018년 4월 23일 20시,월요일,전라북도 완주군 삼례읍,중상사고,0,1,0,0,차대사람 - 차도통행중,안전운전불이행,젖음/습기,흐림,단일로 - 기타,승용,남,33세,상해없음,보행자,남,55세,중상
2018042300100556,2018년 4월 23일 21시,월요일,전라북도 김제시 서암동,경상사고,0,0,1,0,차대차 - 측면충돌,신호위반,젖음/습기,비,교차로 - 교차로안,화물,여,57세,상해없음,승용,남,52세,경상
2018042400100009,2018년 4월 24일 00시,화요일,전라북도 전주시 덕진구 팔복동3가,중상사고,0,1,0,0,차대차 - 추돌,안전운전불이행,젖음/습기,비,단일로 - 기타,승합,남,46세,상해없음,화물,남,53세,중상
2018042400100086,2018년 4월 24일 07시,화요일,전라북도 김제시 금구면,경상사고,0,0,1,0,차대차 - 추돌,안전운전불이행,젖음/습기,비,단일로 - 기타,승용,여,46세,상해없음,승용,남,47세,경상
2018042400100160,2018년 4월 24일 09시,화요일,전라북도 무주군 적상면,중상사고,0,1,2,0,차대차 - 측면충돌,안전운전불이행,젖음/습기,흐림,교차로 - 교차로안,승용,여,59세,경상,승합,남,49세,경상
2018042400100196,2018년 4월 24일 10시,화요일,전라북도 전주시 완산구 용복동,중상사고,0,1,1,0,차대차 - 측면충돌,안전운전불이행,건조,맑음,교차로 - 교차로안,승용,여,30세,상해없음,승용,남,59세,경상
2018042400100197,2018년 4월 24일 10시,화요일,전라북도 군산시 대야면,경상사고,0,0,2,0,차대차 - 측면충돌,안전운전불이행,건조,맑음,단일로 - 기타,화물,남,73세,상해없음,승용,남,21세,경상
2018042400100198,2018년 4월 24일 10시,화요일,전라북도 정읍시 시기동,경상사고,0,0,1,0,차대차 - 측면충돌,직진우회전진행방해,젖음/습기,흐림,교차로 - 교차로안,이륜,남,85세,경상,승용,남,62세,상해없음
2018042400100248,2018년 4월 24일 12시,화요일,전라북도 군산시 구암동,중상사고,0,1,0,0,차대사람 - 기타,안전운전불이행,건조,맑음,기타 - 기타,화물,남,49세,상해없음,보행자,남,77세,중상
2018042400100249,2018년 4월 24일 12시,화요일,전라북도 정읍시 연지동,경상사고,0,0,1,0,차대차 - 기타,안전운전불이행,젖음/습기,비,교차로 - 교차로부근,자전거,여,50세,상해없음,자전거,남,72세,경상
2018042400100287,2018년 4월 24일 13시,화요일,전라북도 정읍시 북면,중상사고,0,1,0,0,차대차 - 기타,안전운전불이행,젖음/습기,비,단일로 - 기타,자전거,여,37세,중상,승용,남,53세,기타불명
2018042400100314,2018년 4월 24일 14시,화요일,전라북도 전주시 완산구 효자동2가,중상사고,0,1,0,0,차대사람 - 횡단중,보행자보호의무위반,건조,맑음,기타 - 기타,승용,여,47세,상해없음,보행자,남,20세,중상
2018042400100315,2018년 4월 24일 14시,화요일,전라북도 전주시 완산구 태평동,중상사고,0,1,0,0,차대차 - 기타,안전운전불이행,젖음/습기,비,단일로 - 기타,승용,여,42세,상해없음,자전거,남,89세,중상
2018042400100353,2018년 4월 24일 15시,화요일,전라북도 전주시 완산구 중화산동2가,경상사고,0,0,3,0,차대차 - 측면충돌,신호위반,건조,맑음,교차로 - 교차로안,이륜,남,76세,경상,승용,남,27세,경상
2018042400100355,2018년 4월 24일 15시,화요일,전라북도 고창군 대산면,사망사고,1,0,0,0,차대차 - 측면충돌,신호위반,젖음/습기,비,교차로 - 교차로안,원동기,남,81세,사망,건설기계,남,58세,상해없음
2018042400100356,2018년 4월 24일 15시,화요일,전라북도 순창군 순창읍,경상사고,0,0,1,0,차대사람 - 횡단중,보행자보호의무위반,젖음/습기,비,교차로 - 교차로횡단보도내,화물,여,52세,상해없음,보행자,남,10세,경상
2018042400100404,2018년 4월 24일 16시,화요일,전라북도 전주시 덕진구 덕진동1가,경상사고,0,0,1,0,차대차 - 기타,안전운전불이행,건조,맑음,기타 - 기타,승용,여,30세,상해없음,승용,남,22세,경상
2018042400100405,2018년 4월 24일 16시,화요일,전라북도 군산시 지곡동,경상사고,0,0,1,0,차대차 - 측면충돌,안전운전불이행,건조,맑음,교차로 - 교차로안,승용,여,43세,상해없음,승용,여,51세,경상
2018042400100406,2018년 4월 24일 16시,화요일,전라북도 진안군 진안읍,경상사고,0,0,2,0,차대차 - 추돌,안전운전불이행,건조,맑음,교차로 - 교차로부근,승용,여,73세,상해없음,승합,남,58세,경상
2018042400100435,2018년 4월 24일 17시,화요일,전라북도 전주시 덕진구 여의동,중상사고,0,1,0,0,차대사람 - 횡단중,안전운전불이행,젖음/습기,흐림,단일로 - 기타,승용,여,45세,상해없음,보행자,여,16세,중상
2018042400100436,2018년 4월 24일 17시,화요일,전라북도 군산시 조촌동,경상사고,0,0,1,0,차대사람 - 횡단중,안전운전불이행,건조,맑음,기타 - 기타,승용,여,48세,상해없음,보행자,남,10세,경상
2018042400100475,2018년 4월 24일 18시,화요일,전라북도 익산시 신동,경상사고,0,0,1,0,차대사람 - 기타,안전운전불이행,건조,맑음,단일로 - 기타,승용,남,26세,상해없음,보행자,남,31세,경상
2018042400100507,2018년 4월 24일 19시,화요일,전라북도 고창군 고창읍,경상사고,0,0,2,0,차대차 - 측면충돌,안전거리미확보,젖음/습기,흐림,교차로 - 교차로안,승용,여,56세,상해없음,승용,여,28세,경상
2018042400100535,2018년 4월 24일 20시,화요일,전라북도 군산시 나운동,중상사고,0,1,0,0,차대차 - 측면충돌,안전운전불이행,건조,맑음,단일로 - 기타,이륜,남,32세,중상,기타불명,기타불명,미분류,기타불명
2018042400100536,2018년 4월 24일 20시,화요일,전라북도 군산시 나운동,경상사고,0,0,1,0,차대사람 - 횡단중,신호위반,건조,맑음,교차로 - 교차로안,승용,여,58세,상해없음,보행자,남,14세,경상
2018042400100537,2018년 4월 24일 20시,화요일,전라북도 익산시 마동,경상사고,0,0,2,0,차대차 - 정면충돌,신호위반,건조,맑음,교차로 - 교차로안,승용,남,73세,경상,승용,남,30세,경상
2018042400100574,2018년 4월 24일 21시,화요일,전라북도 전주시 완산구 효자동1가,중상사고,0,1,0,0,차대사람 - 횡단중,안전운전불이행,젖음/습기,흐림,교차로 - 교차로안,승용,남,33세,상해없음,보행자,남,42세,중상
2018042400100575,2018년 4월 24일 21시,화요일,전라북도 군산시 나운동,중상사고,0,1,0,0,차대사람 - 길가장자리구역통행중,안전운전불이행,건조,기타,단일로 - 기타,승용,남,54세,상해없음,보행자,남,52세,중상