사고번호,사고일시,요일,시군구,사고내용,사망자수,중상자수,경상자수,부상신고자수,사고유형,법규위반,노면상태,기상상태,도로형태,가해운전자 차종,가해운전자 성별,가해운전자 연령,가해운전자 상해정도,피해운전자 차종,피해운전자 성별,피해운전자 연령,피해운전자 상해정도
2018050100100283,2018년 5월 1일 14시,화요일,전라북도 김제시 요촌동,경상사고,0,0,1,0,차대사람 - 횡단중,보행자보호의무위반,건조,맑음,교차로 - 교차로횡단보도내,화물,남,53세,상해없음,보행자,남,63세,경상
2018050100100318,2018년 5월 1일 15시,화요일,전라북도 군산시 사정동,경상사고,0,0,3,0,차대차 - 추돌,안전거리미확보,건조,맑음,교차로 - 교차로부근,승용,남,48세,경상,승용,여,51세,경상
2018050100100319,2018년 5월 1일 15시,화요일,전라북도 정읍시 시기동,경상사고,0,0,1,0,차대차 - 기타,안전운전불이행,건조,맑음,교차로 - 교차로부근,화물,남,57세,상해없음,자전거,여,55세,경상
2018050100100403,2018년 5월 1일 18시,화요일,전라북도 군산시 나운동,경상사고,0,0,1,0,차대차 - 정면충돌,안전운전불이행,건조,맑음,교차로 - 교차로횡단보도내,화물,남,56세,상해없음,이륜,남,49세,경상
2018050100100404,2018년 5월 1일 18시,화요일,전라북도 남원시 향교동,경상사고,0,0,1,0,차대사람 - 차도통행중,안전운전불이행,건조,맑음,단일로 - 기타,화물,여,51세,상해없음,보행자,남,3세,경상
2018050100100428,2018년 5월 1일 19시,화요일,전라북도 김제시 옥산동,중상사고,0,1,0,0,차대사람 - 횡단중,안전운전불이행,건조,맑음,단일로 - 기타,승용,여,44세,상해없음,보행자,남,66세,중상
2018050100100523,2018년 5월 1일 23시,화요일,전라북도 군산시 소룡동,중상사고,0,1,0,0,차대차 - 정면충돌,중앙선침범,젖음/습기,비,단일로 - 기타,승용,남,42세,상해없음,원동기,남,44세,중상
2018050200100005,2018년 5월 2일 00시,수요일,전라북도 정읍시 농소동,경상사고,0,0,1,0,차대차 - 기타,안전운전불이행,기타,비,교차로 - 교차로안,이륜,남,21세,경상,승용,남,56세,상해없음
2018050200100053,2018년 5월 2일 05시,수요일,전라북도 군산시 수송동,경상사고,0,0,1,0,차대차 - 추돌,안전운전불이행,젖음/습기,비,단일로 - 기타,승용,남,24세,상해없음,승용,남,50세,경상
2018050200100095,2018년 5월 2일 07시,수요일,전라북도 정읍시 용계동,중상사고,0,1,0,0,차량단독 - 공작물충돌,안전운전불이행,젖음/습기,비,단일로 - 기타,승용,남,34세,중상,,,,
2018050200100211,2018년 5월 2일 10시,수요일,전라북도 전주시 덕진구 우아동3가,경상사고,0,0,1,0,차대차 - 측면충돌,안전거리미확보,건조,맑음,단일로 - 기타,건설기계,남,51세,상해없음,승용,여,70세,경상
2018050200100212,2018년 5월 2일 10시,수요일,전라북도 전주시 덕진구 금암동,경상사고,0,0,1,0,차대차 - 추돌,안전운전불이행,건조,맑음,교차로 - 교차로부근,승용,남,68세,상해없음,승용,남,33세,경상
2018050200100244,2018년 5월 2일 11시,수요일,전라북도 전주시 덕진구 반월동,중상사고,0,1,0,0,차대차 - 측면충돌,안전운전불이행,건조,흐림,교차로 - 교차로부근,승합,남,52세,상해없음,이륜,남,79세,중상
2018050200100245,2018년 5월 2일 11시,수요일,전라북도 남원시 운봉읍,중상사고,0,1,0,0,차대차 - 추돌,안전운전불이행,건조,맑음,단일로 - 기타,승용,남,46세,상해없음,원동기,남,47세,중상
2018050200100273,2018년 5월 2일 12시,수요일,전라북도 익산시 여산면,중상사고,0,1,1,0,차대차 - 측면충돌,중앙선침범,건조,맑음,단일로 - 기타,이륜,남,79세,상해없음,화물,남,31세,경상
2018050200100274,2018년 5월 2일 12시,수요일,전라북도 익산시 낭산면,경상사고,0,0,1,0,차대차 - 측면충돌,중앙선침범,건조,맑음,단일로 - 기타,승용,여,64세,상해없음,건설기계,남,53세,경상
2018050200100337,2018년 5월 2일 14시,수요일,전라북도 군산시 금동,경상사고,0,0,1,0,차대차 - 측면충돌,안전거리미확보,건조,맑음,교차로 - 교차로안,건설기계,남,34세,상해없음,승용,여,23세,경상
2018050200100338,2018년 5월 2일 14시,수요일,전라북도 군산시 경암동,중상사고,0,1,0,0,차대사람 - 횡단중,보행자보호의무위반,젖음/습기,비,교차로 - 교차로안,승용,남,58세,상해없음,보행자,여,67세,중상
2018050200100339,2018년 5월 2일 14시,수요일,전라북도 정읍시 신태인읍,중상사고,0,1,0,0,차대차 - 측면충돌,직진우회전진행방해,젖음/습기,흐림,교차로 - 교차로안,승용,남,33세,상해없음,이륜,남,83세,중상
2018050200100408,2018년 5월 2일 16시,수요일,전라북도 전주시 덕진구 송천동2가,경상사고,0,0,1,0,차대사람 - 횡단중,보행자보호의무위반,건조,맑음,교차로 - 교차로횡단보도내,승용,여,51세,상해없음,보행자,여,8세,경상
2018050200100409,2018년 5월 2일 16시,수요일,전라북도 부안군 진서면,경상사고,0,0,1,0,차대차 - 측면충돌,중앙선침범,건조,맑음,단일로 - 기타,승용,남,65세,상해없음,화물,남,44세,경상
2018050200100473,2018년 5월 2일 18시,수요일,전라북도 전주시 완산구 효자동3가,경상사고,0,0,1,0,차대차 - 측면충돌,안전운전불이행,건조,흐림,교차로 - 교차로안,승용,남,28세,기타불명,승용,남,38세,경상
2018050200100510,2018년 5월 2일 19시,수요일,전라북도 전주시 덕진구 인후동1가,경상사고,0,0,3,0,차대차 - 정면충돌,신호위반,건조,흐림,교차로 - 교차로안,승용,남,47세,상해없음,승용,남,26세,경상
2018050200100578,2018년 5월 2일 21시,수요일,전라북도 전주시 완산구 삼천동1가,중상사고,0,1,0,0,차대사람 - 차도통행중,안전운전불이행,건조,흐림,교차로 - 교차로안,승용,여,52세,상해없음,보행자,남,24세,중상
2018050200100579,2018년 5월 2일 21시,수요일,전라북도 전주시 덕진구 팔복동1가,경상사고,0,0,1,0,차대차 - 측면충돌,신호위반,젖음/습기,흐림,교차로 - 교차로안,승용,남,40세,상해없음,화물,남,52세,경상
2018050200100598,2018년 5월 2일 22시,수요일,전라북도 전주시 완산구 상림동,경상사고,0,0,3,0,차대차 - 추돌,안전운전불이행,건조,흐림,단일로 - 기타,승용,남,55세,상해없음,승용,남,47세,경상
2018050200100626,2018년 5월 2일 23시,수요일,전라북도 군산시 나운동,경상사고,0,0,3,0,차대차 - 측면충돌,신호위반,건조,맑음,교차로 - 교차로안,승용,여,66세,상해없음,승용,남,56세,경상
2018050200100627,2018년 5월 2일 23시,수요일,전라북도 정읍시 연지동,경상사고,0,0,1,0,차대차 - 측면충돌,직진우회전진행방해,건조,흐림,교차로 - 교차로안,승용,여,60세,경상,화물,남,67세,상해없음
2018050300100016,2018년 5월 3일 00시,목요일,전라북도 전주시 덕진구 송천동2가,경상사고,0,0,1,0,차대차 - 측면충돌,안전운전불이행,건조,맑음,교차로 - 교차로안,기타불명,기타불명,미분류,기타불명,자전거,남,14세,경상
2018050300100101,2018년 5월 3일 07시,목요일,전라북도 전주시 완산구 효자동1가,경상사고,0,0,1,0,차량단독 - 기타,기타,건조,맑음,단일로 - 기타,승합,남,60세,상해없음,,,,
2018050300100205,2018년 5월 3일 10시,목요일,전라북도 익산시 오산면,경상사고,0,0,1,0,차대차 - 측면충돌,안전운전불이행,건조,맑음,단일로 - 기타,승용,여,25세,상해없음,승용,여,60세,경상
2018050300100231,2018년 5월 3일 11시,목요일,전라북도 정읍시 상동,경상사고,0,0,1,0,차대차 - 기타,신호위반,건조,맑음,교차로 - 교차로안,승용,여,60세,상해없음,이륜,남,72세,경상
2018050300100259,2018년 5월 3일 12시,목요일,전라북도 정읍시 수성동,경상사고,0,0,1,0,차대차 - 측면충돌,신호위반,건조,맑음,교차로 - 교차로안,승용,여,51세,상해없음,승용,남,53세,경상
2018050300100260,2018년 5월 3일 12시,목요일,전라북도 김제시 신풍동,경상사고,0,0,1,0,차대차 - 측면충돌,직진우회전진행방해,건조,맑음,교차로 - 교차로안,이륜,남,73세,경상,승용,남,65세,상해없음
2018050300100324,2018년 5월 3일 14시,목요일,전라북도 전주시 덕진구 덕진동2가,경상사고,0,0,3,0,차대차 - 기타,안전운전불이행,건조,맑음,기타 - 기타,승용,남,64세,상해없음,승용,남,63세,상해없음
2018050300100362,2018년 5월 3일 15시,목요일,전라북도 군산시 문화동,경상사고,0,0,1,0,차대사람 - 횡단중,보행자보호의무위반,건조,맑음,교차로 - 교차로횡단보도내,화물,남,49세,상해없음,보행자,남,81세,경상
2018050300100363,2018년 5월 3일 15시,목요일,전라북도 익산시 갈산동,경상사고,0,0,1,0,차대사람 - 차도통행중,안전운전불이행,건조,맑음,단일로 - 기타,승용,여,57세,상해없음,보행자,남,74세,경상
2018050300100364,2018년 5월 3일 15시,목요일,전라북도 정읍시 시기동,중상사고,0,1,0,0,차대차 - 추돌,안전운전불이행,건조,맑음,단일로 - 기타,화물,남,39세,상해없음,자전거,남,74세,중상
2018050300100411,2018년 5월 3일 16시,목요일,전라북도 익산시 부송동,경상사고,0,0,1,0,차대차 - 측면충돌,불법유턴,건조,맑음,단일로 - 기타,자전거,남,8세,경상,승용,남,42세,상해없음
2018050300100413,2018년 5월 3일 16시,목요일,전라북도 김제시 옥산동,경상사고,0,0,1,0,차대차 - 측면충돌,신호위반,건조,맑음,교차로 - 교차로안,이륜,남,60세,경상,승용,여,54세,상해없음
2018050300100452,2018년 5월 3일 17시,목요일,전라북도 익산시 동산동,중상사고,0,1,0,0,차대사람 - 차도통행중,안전운전불이행,건조,맑음,단일로 - 기타,승용,남,37세,상해없음,보행자,여,66세,중상
2018050300100536,2018년 5월 3일 19시,목요일,전라북도 전주시 덕진구 송천동2가,중상사고,0,1,0,0,차대차 - 측면충돌,중앙선침범,건조,맑음,단일로 - 기타,승용,여,33세,상해없음,이륜,남,40세,중상
2018050300100537,2018년 5월 3일 19시,목요일,전라북도 익산시 마동,경상사고,0,0,1,0,차대사람 - 횡단중,안전운전불이행,건조,맑음,단일로 - 기타,승용,여,42세,상해없음,보행자,여,14세,경상
2018050300100629,2018년 5월 3일 22시,목요일,전라북도 전주시 완산구 효자동2가,중상사고,0,2,0,0,차대차 - 측면충돌,교차로운행방법위반,건조,맑음,교차로 - 교차로안,승용,남,63세,상해없음,승용,남,27세,중상
2018050300100630,2018년 5월 3일 22시,목요일,전라북도 전주시 덕진구 우아동3가,중상사고,0,1,0,0,차대차 - 측면충돌,안전운전불이행,건조,맑음,교차로 - 교차로안,화물,남,39세,상해없음,승용,여,50세,중상
2018050400100011,2018년 5월 4일 00시,금요일,전라북도 군산시 임피면,경상사고,0,0,1,0,차량단독 - 공작물충돌,안전운전불이행,건조,맑음,교차로 - 교차로안,승용,남,54세,경상,,,,
2018050400100055,2018년 5월 4일 05시,금요일,전라북도 전주시 덕진구 여의동,중상사고,0,1,0,0,차대차 - 측면충돌,중앙선침범,건조,맑음,단일로 - 기타,승용,남,66세,상해없음,승용,남,48세,중상
2018050400100056,2018년 5월 4일 05시,금요일,전라북도 군산시 사정동,중상사고,0,3,0,0,차대차 - 추돌,안전운전불이행,건조,맑음,교차로 - 교차로안,화물,남,55세,중상,화물,남,72세,중상
2018050400100067,2018년 5월 4일 06시,금요일,전라북도 부안군 부안읍,중상사고,0,2,0,0,차대차 - 정면충돌,신호위반,건조,맑음,교차로 - 교차로안,건설기계,남,53세,상해없음,승용,여,45세,중상
2018050400100089,2018년 5월 4일 07시,금요일,전라북도 군산시 나포면,중상사고,0,1,0,0,차량단독 - 공작물충돌,안전운전불이행,건조,맑음,단일로 - 기타,승용,남,61세,중상,,,,
2018050400100090,2018년 5월 4일 07시,금요일,전라북도 남원시 주생면,중상사고,0,1,0,0,차대차 - 측면충돌,안전운전불이행,건조,맑음,교차로 - 교차로안,승용,남,58세,상해없음,화물,남,60세,중상
2018050400100120,2018년 5월 4일 08시,금요일,전라북도 군산시 문화동,부상신고사고,0,0,0,1,차대차 - 기타,직진우회전진행방해,건조,맑음,교차로 - 교차로안,승용,남,58세,상해없음,자전거,남,14세,부상신고
2018050400100153,2018년 5월 4일 09시,금요일,전라북도 군산시 수송동,경상사고,0,0,1,0,차대차 - 측면충돌,안전운전불이행,건조,맑음,교차로 - 교차로안,승용,남,70세,상해없음,승용,남,33세,경상
2018050400100154,2018년 5월 4일 09시,금요일,전라북도 김제시 금산면,경상사고,0,0,1,0,차대차 - 측면충돌,직진우회전진행방해,건조,맑음,교차로 - 교차로안,승용,남,66세,상해없음,승용,여,40세,경상
2018050400100222,2018년 5월 4일 11시,금요일,전라북도 전주시 덕진구 장동,중상사고,0,1,1,0,차대차 - 기타,안전운전불이행,건조,맑음,교차로 - 교차로안,승용,남,56세,기타불명,승용,남,47세,상해없음
2018050400100269,2018년 5월 4일 13시,금요일,전라북도 군산시 옥산면,중상사고,0,2,0,0,차대차 - 측면충돌,신호위반,건조,맑음,교차로 - 교차로안,승용,여,42세,상해없음,승용,여,43세,중상
2018050400100270,2018년 5월 4일 13시,금요일,전라북도 장수군 장계면,중상사고,0,1,5,0,차대차 - 측면충돌,안전운전불이행,건조,맑음,단일로 - 기타,건설기계,남,55세,상해없음,건설기계,남,56세,경상
2018050400100325,2018년 5월 4일 14시,금요일,전라북도 전주시 덕진구 금암동,중상사고,0,1,0,0,차대사람 - 횡단중,보행자보호의무위반,건조,맑음,교차로 - 교차로횡단보도내,화물,남,48세,기타불명,보행자,남,51세,중상
2018050400100409,2018년 5월 4일 16시,금요일,전라북도 무주군 무주읍,경상사고,0,0,1,0,차대차 - 추돌,안전운전불이행,건조,맑음,단일로 - 터널,화물,남,42세,상해없음,승용,여,47세,경상
2018050400100469,2018년 5월 4일 17시,금요일,전라북도 군산시 임피면,중상사고,0,1,0,0,차대차 - 측면충돌,직진우회전진행방해,건조,맑음,교차로 - 교차로안,원동기,남,69세,중상,화물,여,45세,상해없음
2018050400100513,2018년 5월 4일 18시,금요일,전라북도 익산시 신동,경상사고,0,0,1,0,차대차 - 측면충돌,안전거리미확보,건조,맑음,교차로 - 교차로안,승용,남,40세,상해없음,화물,남,68세,경상
2018050400100606,2018년 5월 4일 20시,금요일,전라북도 전주시 덕진구 송천동1가,경상사고,0,0,1,0,차대차 - 측면충돌,안전운전불이행,건조,맑음,단일로 - 기타,승용,남,29세,상해없음,화물,남,68세,경상
2018050400100607,2018년 5월 4일 20시,금요일,전라북도 정읍시 농소동,경상사고,0,0,1,0,차대차 - 측면충돌,신호위반,건조,맑음,교차로 - 교차로안,승용,남,50세,상해없음,승용,남,27세,상해없음
2018050400100671,2018년 5월 4일 22시,금요일,전라북도 전주시 완산구 서신동,경상사고,0,0,1,0,차대차 - 측면충돌,신호위반,건조,맑음,교차로 - 교차로횡단보도내,승용,남,68세,상해없음,자전거,남,72세,경상
2018050400100700,2018년 5월 4일 23시,금요일,전라북도 익산시 신흥동,경상사고,0,0,1,0,차대차 - 추돌,안전운전불이행,건조,맑음,교차로 - 교차로부근,승용,남,30세,상해없음,승용,남,25세,경상
2018050400100701,2018년 5월 4일 23시,금요일,전라북도 정읍시 쌍암동,중상사고,0,1,0,0,차량단독 - 공작물충돌,기타,건조,맑음,단일로 - 기타,승용,남,52세,중상,,,,
2018050500100017,2018년 5월 5일 00시,토요일,전라북도 익산시 용제동,경상사고,0,0,1,0,차대차 - 측면충돌,직진우회전진행방해,건조,맑음,교차로 - 교차로안,승용,남,43세,상해없음,승용,남,23세,경상
2018050500100049,2018년 5월 5일 02시,토요일,전라북도 김제시 순동,중상사고,0,2,0,0,차량단독 - 공작물충돌,안전운전불이행,건조,맑음,단일로 - 교량,승용,남,20세,중상,,,,
2018050500100330,2018년 5월 5일 14시,토요일,전라북도 군산시 비응도동,경상사고,0,0,3,0,차대차 - 추돌,안전운전불이행,건조,맑음,교차로 - 교차로부근,승합,남,39세,상해없음,승합,남,42세,경상
2018050500100331,2018년 5월 5일 14시,토요일,전라북도 군산시 경암동,중상사고,0,1,0,0,차대차 - 측면충돌,직진우회전진행방해,건조,맑음,교차로 - 교차로안,승용,남,21세,상해없음,자전거,여,71세,중상
2018050500100332,2018년 5월 5일 14시,토요일,전라북도 정읍시 시기동,경상사고,0,0,1,0,차대차 - 측면충돌,안전운전불이행,건조,맑음,교차로 - 교차로안,승용,여,42세,상해없음,자전거,남,10세,경상
2018050500100368,2018년 5월 5일 15시,토요일,전라북도 익산시 영등동,경상사고,0,0,1,0,차대차 - 측면충돌,신호위반,건조,맑음,교차로 - 교차로안,승용,여,68세,상해없음,승용,여,54세,경상
2018050500100369,2018년 5월 5일 15시,토요일,전라북도 부안군 진서면,경상사고,0,0,1,0,차대사람 - 기타,안전운전불이행,건조,맑음,기타 - 기타,승용,남,41세,상해없음,보행자,남,63세,경상
2018050500100370,2018년 5월 5일 15시,토요일,전라북도 부안군 부안읍,중상사고,0,1,0,0,차대사람 - 기타,안전운전불이행,건조,맑음,단일로 - 기타,승용,남,76세,상해없음,보행자,여,74세,중상
2018050500100409,2018년 5월 5일 16시,토요일,전라북도 완주군 구이면,사망사고,1,0,0,0,차대차 - 측면충돌,중앙선침범,건조,맑음,단일로 - 기타,화물,남,62세,상해없음,이륜,남,43세,사망
2018050500100459,2018년 5월 5일 17시,토요일,전라북도 전주시 덕진구 송천동2가,경상사고,0,0,1,0,차대차 - 측면충돌,안전거리미확보,건조,맑음,교차로 - 교차로부근,승합,남,63세,상해없음,승용,여,48세,경상
2018050500100460,2018년 5월 5일 17시,토요일,전라북도 군산시 경암동,중상사고,0,1,0,0,차대차 - 측면충돌,안전운전불이행,건조,맑음,교차로 - 교차로안,자전거,남,56세,중상,승용,남,69세,상해없음
2018050500100494,2018년 5월 5일 18시,토요일,전라북도 전주시 덕진구 반월동,경상사고,0,0,1,0,차대차 - 측면충돌,중앙선침범,건조,맑음,단일로 - 기타,승용,남,63세,상해없음,이륜,남,22세,경상
2018050500100495,2018년 5월 5일 18시,토요일,전라북도 군산시 나운동,중상사고,0,1,0,0,차대차 - 측면충돌,불법유턴,건조,맑음,단일로 - 기타,승용,남,38세,상해없음,이륜,남,45세,중상
2018050500100525,2018년 5월 5일 19시,토요일,전라북도 전주시 완산구 중화산동2가,경상사고,0,0,2,0,차대차 - 측면충돌,안전거리미확보,건조,맑음,단일로 - 기타,화물,남,53세,상해없음,이륜,남,66세,경상
2018050500100526,2018년 5월 5일 19시,토요일,전라북도 전주시 덕진구 우아동3가,중상사고,0,1,3,0,차대차 - 측면충돌,직진우회전진행방해,건조,맑음,교차로 - 교차로안,승용,남,29세,상해없음,승용,남,49세,중상
2018050500100527,2018년 5월 5일 19시,토요일,전라북도 군산시 경암동,경상사고,0,0,3,0,차대차 - 측면충돌,안전거리미확보,건조,흐림,단일로 - 기타,승용,남,52세,상해없음,승용,여,48세,경상
2018050500100557,2018년 5월 5일 20시,토요일,전라북도 군산시 대야면,중상사고,0,1,2,0,차대차 - 측면충돌,안전거리미확보,건조,맑음,교차로 - 교차로부근,승용,여,56세,상해없음,승용,여,50세,중상
2018050500100587,2018년 5월 5일 21시,토요일,전라북도 전주시 덕진구 덕진동2가,경상사고,0,0,3,0,차대차 - 추돌,안전거리미확보,건조,맑음,단일로 - 기타,승용,여,27세,상해없음,화물,남,55세,경상
2018050500100614,2018년 5월 5일 22시,토요일,전라북도 정읍시 연지동,경상사고,0,0,3,0,차대차 - 측면충돌,중앙선침범,건조,흐림,단일로 - 기타,승용,여,56세,상해없음,승용,남,29세,경상
2018050600100018,2018년 5월 6일 00시,일요일,전라북도 전주시 덕진구 덕진동2가,경상사고,0,0,3,0,차대차 - 추돌,안전운전불이행,젖음/습기,비,단일로 - 기타,승용,남,43세,상해없음,승용,남,51세,경상
2018050600100051,2018년 5월 6일 02시,일요일,전라북도 전주시 완산구 중화산동1가,경상사고,0,0,4,0,차대차 - 측면충돌,신호위반,젖음/습기,맑음,교차로 - 교차로안,승용,남,24세,상해없음,승용,남,24세,경상
2018050600100071,2018년 5월 6일 03시,일요일,전라북도 군산시 수송동,경상사고,0,0,2,0,차대차 - 측면충돌,신호위반,젖음/습기,비,교차로 - 교차로안,승용,여,35세,상해없음,승용,남,60세,경상
2018050600100083,2018년 5월 6일 04시,일요일,전라북도 전주시 완산구 서신동,경상사고,0,0,1,0,차대차 - 측면충돌,신호위반,건조,맑음,교차로 - 교차로안,승용,남,30세,기타불명,승용,남,43세,경상
2018050600100101,2018년 5월 6일 06시,일요일,전라북도 순창군 금과면,사망사고,1,0,0,0,차량단독 - 도로외이탈 - 기타,안전운전불이행,젖음/습기,비,단일로 - 기타,승용,남,60세,사망,,,,
2018050600100162,2018년 5월 6일 11시,일요일,전라북도 전주시 덕진구 우아동3가,경상사고,0,0,1,0,차대사람 - 차도통행중,안전운전불이행,건조,맑음,단일로 - 기타,승용,여,43세,상해없음,보행자,남,20세,경상
2018050600100252,2018년 5월 6일 14시,일요일,전라북도 정읍시 태인면,경상사고,0,0,3,0,차대차 - 측면충돌,신호위반,젖음/습기,비,교차로 - 교차로안,승용,남,54세,경상,승용,남,40세,경상
2018050600100253,2018년 5월 6일 14시,일요일,전라북도 완주군 봉동읍,경상사고,0,0,2,0,차대차 - 측면충돌,신호위반,젖음/습기,비,교차로 - 교차로안,승용,여,33세,상해없음,승용,남,33세,경상
2018050600100284,2018년 5월 6일 16시,일요일,전라북도 군산시 서수면,사망사고,1,2,6,0,차대차 - 기타,안전운전불이행,젖음/습기,비,교차로 - 교차로안,화물,남,53세,사망,승합,여,38세,경상
2018050600100352,2018년 5월 6일 19시,일요일,전라북도 정읍시 수성동,경상사고,0,0,1,0,차대차 - 기타,안전운전불이행,젖음/습기,비,교차로 - 교차로안,이륜,남,49세,경상,승용,여,63세,상해없음
2018050600100353,2018년 5월 6일 19시,일요일,전라북도 부안군 부안읍,경상사고,0,0,7,0,차대차 - 측면충돌,안전운전불이행,젖음/습기,비,교차로 - 교차로안,승용,여,24세,상해없음,승용,여,42세,경상
2018050600100372,2018년 5월 6일 20시,일요일,전라북도 전주시 완산구 용복동,중상사고,0,3,3,0,차대차 - 측면충돌,안전운전불이행,건조,맑음,교차로 - 교차로안,승용,남,33세,경상,승용,여,41세,경상
2018050600100373,2018년 5월 6일 20시,일요일,전라북도 군산시 수송동,경상사고,0,0,1,0,차대사람 - 기타,안전운전불이행,젖음/습기,비,단일로 - 기타,이륜,남,59세,상해없음,보행자,여,23세,경상
2018050600100438,2018년 5월 6일 23시,일요일,전라북도 전주시 완산구 효자동1가,경상사고,0,0,1,0,차대사람 - 횡단중,보행자보호의무위반,건조,맑음,교차로 - 교차로안,승용,남,53세,상해없음,보행자,남,18세,경상
2018050600100439,2018년 5월 6일 23시,일요일,전라북도 전주시 완산구 중앙동3가,경상사고,0,0,2,2,차대차 - 측면충돌,교차로운행방법위반,젖음/습기,비,교차로 - 교차로안,승용,여,50세,경상,승용,남,51세,경상
2018050700100009,2018년 5월 7일 00시,월요일,전라북도 부안군 변산면,경상사고,0,0,1,0,차량단독 - 기타,안전운전불이행,젖음/습기,비,교차로 - 교차로안,승용,남,53세,경상,,,,
2018050700100048,2018년 5월 7일 03시,월요일,전라북도 전주시 완산구 서신동,경상사고,0,0,2,0,차대차 - 추돌,안전운전불이행,젖음/습기,비,교차로 - 교차로부근,승용,여,49세,상해없음,화물,남,41세,경상
2018050700100120,2018년 5월 7일 09시,월요일,전라북도 익산시 신흥동,경상사고,0,0,2,0,차대차 - 측면충돌,안전운전불이행,젖음/습기,흐림,교차로 - 교차로안,승용,남,61세,상해없음,승용,남,61세,경상
2018050700100172,2018년 5월 7일 11시,월요일,전라북도 부안군 부안읍,경상사고,0,0,1,0,차대사람 - 길가장자리구역통행중,안전운전불이행,젖음/습기,비,교차로 - 교차로부근,승용,남,64세,상해없음,보행자,남,43세,경상
2018050700100230,2018년 5월 7일 13시,월요일,전라북도 군산시 경암동,경상사고,0,0,1,0,차량단독 - 기타,안전운전불이행,건조,맑음,교차로 - 교차로안,승용,남,66세,상해없음,,,,
2018050700100290,2018년 5월 7일 15시,월요일,전라북도 전주시 덕진구 반월동,경상사고,0,0,1,0,차대차 - 측면충돌,안전운전불이행,건조,맑음,교차로 - 교차로부근,승용,남,50세,상해없음,승용,남,29세,경상
2018050700100322,2018년 5월 7일 16시,월요일,전라북도 부안군 상서면,경상사고,0,0,1,0,차량단독 - 도로외이탈 - 추락,안전운전불이행,건조,맑음,단일로 - 기타,화물,여,66세,경상,,,,
2018050700100365,2018년 5월 7일 17시,월요일,전라북도 남원시 이백면,중상사고,0,1,0,0,차대차 - 측면충돌,안전운전불이행,건조,맑음,교차로 - 교차로부근,승용,남,36세,상해없음,이륜,남,81세,중상
2018050700100427,2018년 5월 7일 19시,월요일,전라북도 무주군 무주읍,중상사고,0,1,0,0,차대사람 - 기타,안전운전불이행,건조,맑음,단일로 - 지하차도(도로)내,승용,남,70세,상해없음,보행자,여,57세,중상
2018050700100464,2018년 5월 7일 20시,월요일,전라북도 군산시 비응도동,경상사고,0,0,5,0,차대차 - 추돌,안전운전불이행,건조,맑음,교차로 - 교차로부근,승용,남,35세,상해없음,승용,남,44세,경상
2018050700100465,2018년 5월 7일 20시,월요일,전라북도 남원시 사매면,경상사고,0,0,1,0,차대차 - 기타,안전운전불이행,건조,맑음,단일로 - 기타,화물,남,64세,상해없음,승용,남,43세,경상
2018050700100466,2018년 5월 7일 20시,월요일,전라북도 순창군 유등면,중상사고,0,1,4,0,차대차 - 정면충돌,중앙선침범,건조,맑음,단일로 - 기타,화물,여,57세,중상,승용,남,35세,경상
2018050700100497,2018년 5월 7일 21시,월요일,전라북도 전주시 덕진구 송천동1가,경상사고,0,0,3,0,차대차 - 추돌,안전운전불이행,건조,맑음,교차로 - 교차로부근,승용,남,45세,상해없음,승용,남,44세,경상
2018050700100498,2018년 5월 7일 21시,월요일,전라북도 익산시 오산면,경상사고,0,0,3,0,차대차 - 추돌,안전거리미확보,건조,맑음,단일로 - 기타,승용,남,45세,상해없음,승용,남,25세,상해없음
2018050700100529,2018년 5월 7일 22시,월요일,전라북도 장수군 장계면,경상사고,0,0,3,0,차대차 - 측면충돌,신호위반,건조,맑음,교차로 - 교차로안,승용,여,48세,경상,승용,남,24세,경상
2018050800100034,2018년 5월 8일 02시,화요일,전라북도 정읍시 부전동,경상사고,0,0,1,0,차량단독 - 공작물충돌,기타,건조,맑음,단일로 - 기타,화물,남,47세,경상,,,,
2018050800100059,2018년 5월 8일 06시,화요일,전라북도 전주시 덕진구 인후동2가,경상사고,0,0,1,0,차대차 - 추돌,안전운전불이행,건조,맑음,교차로 - 교차로부근,승용,남,51세,상해없음,승용,남,35세,경상
2018050800100060,2018년 5월 8일 06시,화요일,전라북도 정읍시 수성동,경상사고,0,0,1,0,차대차 - 측면충돌,안전운전불이행,건조,맑음,교차로 - 교차로안,승용,남,44세,상해없음,승용,남,58세,경상
2018050800100078,2018년 5월 8일 07시,화요일,전라북도 전주시 덕진구 호성동1가,경상사고,0,0,2,0,차대차 - 측면충돌,직진우회전진행방해,젖음/습기,맑음,교차로 - 교차로안,승용,남,59세,상해없음,승용,남,59세,경상
2018050800100106,2018년 5월 8일 08시,화요일,전라북도 전주시 완산구 서신동,경상사고,0,0,1,0,차대사람 - 횡단중,보행자보호의무위반,건조,맑음,교차로 - 교차로횡단보도내,승용,남,69세,상해없음,보행자,남,12세,경상
2018050800100107,2018년 5월 8일 08시,화요일,전라북도 정읍시 상동,경상사고,0,0,1,0,차대차 - 측면충돌,안전운전불이행,건조,맑음,교차로 - 교차로안,자전거,남,82세,경상,승용,여,42세,상해없음
2018050800100143,2018년 5월 8일 09시,화요일,전라북도 익산시 신동,중상사고,0,1,0,0,차대차 - 측면충돌,안전운전불이행,건조,맑음,교차로 - 교차로부근,승용,남,70세,상해없음,이륜,남,19세,중상
2018050800100207,2018년 5월 8일 11시,화요일,전라북도 김제시 요촌동,중상사고,0,1,0,0,차대차 - 측면충돌,불법유턴,건조,맑음,단일로 - 기타,승용,남,33세,상해없음,이륜,남,50세,중상