사고번호,사고일시,요일,시군구,사고내용,사망자수,중상자수,경상자수,부상신고자수,사고유형,법규위반,노면상태,기상상태,도로형태,가해운전자 차종,가해운전자 성별,가해운전자 연령,가해운전자 상해정도,피해운전자 차종,피해운전자 성별,피해운전자 연령,피해운전자 상해정도
2018050800100234,2018년 5월 8일 12시,화요일,전라북도 김제시 교동,중상사고,0,1,0,0,차대차 - 측면충돌,직진우회전진행방해,건조,맑음,교차로 - 교차로안,승용,여,58세,상해없음,이륜,여,65세,중상
2018050800100262,2018년 5월 8일 13시,화요일,전라북도 부안군 부안읍,경상사고,0,0,1,0,차대차 - 측면충돌,안전운전불이행,건조,맑음,단일로 - 기타,화물,남,66세,상해없음,자전거,남,68세,경상
2018050800100286,2018년 5월 8일 14시,화요일,전라북도 전주시 완산구 삼천동1가,경상사고,0,0,1,0,차대차 - 측면충돌,신호위반,건조,맑음,교차로 - 교차로안,승용,남,71세,상해없음,승용,남,26세,경상
2018050800100371,2018년 5월 8일 16시,화요일,전라북도 익산시 함열읍,경상사고,0,0,1,0,차대차 - 측면충돌,안전운전불이행,건조,맑음,교차로 - 교차로안,승용,남,75세,상해없음,화물,남,52세,경상
2018050800100372,2018년 5월 8일 16시,화요일,전라북도 김제시 갈공동,중상사고,0,3,0,0,차대사람 - 기타,안전운전불이행,건조,맑음,단일로 - 기타,화물,남,35세,중상,보행자,남,34세,중상
2018050800100422,2018년 5월 8일 17시,화요일,전라북도 전주시 덕진구 금암동,중상사고,0,1,0,0,차대차 - 추돌,안전운전불이행,건조,맑음,단일로 - 기타,원동기,남,23세,상해없음,승용,여,59세,중상
2018050800100510,2018년 5월 8일 19시,화요일,전라북도 전주시 덕진구 덕진동1가,경상사고,0,0,2,0,차대차 - 추돌,안전운전불이행,건조,맑음,단일로 - 터널,승용,남,69세,상해없음,승용,남,31세,경상
2018050800100511,2018년 5월 8일 19시,화요일,전라북도 전주시 덕진구 금암동,경상사고,0,0,1,0,차대사람 - 기타,안전운전불이행,건조,맑음,단일로 - 기타,승용,여,38세,상해없음,보행자,남,56세,경상
2018050800100512,2018년 5월 8일 19시,화요일,전라북도 군산시 소룡동,경상사고,0,0,1,0,차대차 - 기타,신호위반,건조,맑음,교차로 - 교차로안,승용,남,61세,상해없음,화물,남,28세,경상
2018050800100543,2018년 5월 8일 20시,화요일,전라북도 김제시 흥사동,중상사고,0,1,0,0,차대차 - 측면충돌,신호위반,건조,맑음,교차로 - 교차로안,화물,남,57세,상해없음,승용,남,54세,중상
2018050800100609,2018년 5월 8일 23시,화요일,전라북도 완주군 구이면,중상사고,0,1,0,0,차대차 - 추돌,차로위반,건조,맑음,단일로 - 기타,승용,남,22세,상해없음,화물,남,55세,중상
2018050900100006,2018년 5월 9일 00시,수요일,전라북도 전주시 완산구 효자동3가,경상사고,0,0,1,0,차대차 - 측면충돌,신호위반,건조,맑음,교차로 - 교차로안,승용,남,64세,상해없음,자전거,남,23세,경상
2018050900100025,2018년 5월 9일 03시,수요일,전라북도 완주군 용진읍,중상사고,0,1,0,0,차대차 - 측면충돌,안전운전불이행,건조,맑음,교차로 - 교차로안,화물,남,56세,상해없음,승용,남,24세,중상
2018050900100030,2018년 5월 9일 04시,수요일,전라북도 익산시 어양동,경상사고,0,0,3,0,차대차 - 측면충돌,신호위반,건조,맑음,교차로 - 교차로안,승용,남,63세,경상,승용,여,55세,경상
2018050900100047,2018년 5월 9일 06시,수요일,전라북도 정읍시 북면,중상사고,0,2,1,0,차대차 - 측면충돌,직진우회전진행방해,건조,맑음,교차로 - 교차로안,화물,남,28세,경상,승용,남,24세,중상
2018050900100117,2018년 5월 9일 08시,수요일,전라북도 전주시 덕진구 진북동,경상사고,0,0,2,0,차대차 - 측면충돌,직진우회전진행방해,건조,맑음,교차로 - 교차로안,승용,여,32세,상해없음,승용,남,50세,경상
2018050900100118,2018년 5월 9일 08시,수요일,전라북도 군산시 나운동,경상사고,0,0,1,0,차대차 - 측면충돌,안전운전불이행,건조,맑음,교차로 - 교차로부근,승합,남,64세,상해없음,승용,남,25세,경상
2018050900100119,2018년 5월 9일 08시,수요일,전라북도 진안군 성수면,중상사고,0,1,0,0,차대차 - 측면충돌,안전운전불이행,건조,맑음,기타 - 기타,승용,남,75세,상해없음,승용,여,66세,중상
2018050900100159,2018년 5월 9일 09시,수요일,전라북도 부안군 부안읍,중상사고,0,1,0,0,차대차 - 측면충돌,직진우회전진행방해,건조,맑음,교차로 - 교차로안,이륜,남,83세,중상,승용,남,63세,상해없음
2018050900100210,2018년 5월 9일 11시,수요일,전라북도 군산시 서흥남동,중상사고,0,1,0,0,차대사람 - 횡단중,신호위반,건조,맑음,교차로 - 교차로횡단보도내,승용,남,55세,상해없음,보행자,남,75세,중상
2018050900100211,2018년 5월 9일 11시,수요일,전라북도 익산시 마동,경상사고,0,0,3,0,차대차 - 측면충돌,중앙선침범,건조,맑음,단일로 - 기타,승용,남,60세,상해없음,승용,남,24세,경상
2018050900100276,2018년 5월 9일 13시,수요일,전라북도 익산시 망성면,경상사고,0,0,1,0,차대차 - 측면충돌,신호위반,건조,맑음,교차로 - 교차로안,승용,남,72세,상해없음,승용,남,32세,경상
2018050900100277,2018년 5월 9일 13시,수요일,전라북도 순창군 순창읍,중상사고,0,1,2,0,차대차 - 정면충돌,중앙선침범,건조,맑음,교차로 - 교차로부근,승용,여,43세,상해없음,승용,여,36세,중상
2018050900100355,2018년 5월 9일 15시,수요일,전라북도 김제시 요촌동,중상사고,0,1,1,0,차대사람 - 횡단중,보행자보호의무위반,건조,맑음,단일로 - 기타,승용,남,36세,상해없음,보행자,여,13세,중상
2018050900100386,2018년 5월 9일 16시,수요일,전라북도 부안군 부안읍,경상사고,0,0,1,0,차대사람 - 횡단중,안전운전불이행,건조,맑음,교차로 - 교차로안,승용,여,27세,상해없음,보행자,남,19세,경상
2018050900100437,2018년 5월 9일 17시,수요일,전라북도 군산시 수송동,경상사고,0,0,1,0,차대차 - 추돌,안전운전불이행,건조,맑음,교차로 - 교차로부근,승용,남,28세,상해없음,승용,남,69세,경상
2018050900100438,2018년 5월 9일 17시,수요일,전라북도 정읍시 수성동,경상사고,0,0,1,0,차대차 - 측면충돌,신호위반,건조,맑음,교차로 - 교차로부근,승용,남,72세,상해없음,승용,여,54세,경상
2018050900100513,2018년 5월 9일 19시,수요일,전라북도 김제시 요촌동,경상사고,0,0,1,0,차대차 - 측면충돌,불법유턴,건조,맑음,단일로 - 기타,승용,여,48세,상해없음,이륜,남,18세,경상
2018050900100581,2018년 5월 9일 21시,수요일,전라북도 전주시 덕진구 인후동1가,경상사고,0,0,1,0,차대차 - 측면충돌,교차로운행방법위반,건조,맑음,교차로 - 교차로안,승용,남,48세,상해없음,원동기,남,20세,경상
2018050900100582,2018년 5월 9일 21시,수요일,전라북도 전주시 덕진구 인후동1가,경상사고,0,0,1,0,차대사람 - 기타,안전운전불이행,건조,맑음,단일로 - 기타,승합,남,63세,상해없음,보행자,남,51세,경상
2018050900100583,2018년 5월 9일 21시,수요일,전라북도 정읍시 상동,경상사고,0,0,1,0,차량단독 - 기타,안전운전불이행,건조,맑음,단일로 - 기타,승용,남,62세,상해없음,,,,
2018050900100606,2018년 5월 9일 22시,수요일,전라북도 전주시 덕진구 금암동,경상사고,0,0,2,0,차대사람 - 횡단중,보행자보호의무위반,건조,맑음,교차로 - 교차로횡단보도내,승용,남,59세,상해없음,보행자,남,52세,경상
2018050900100607,2018년 5월 9일 22시,수요일,전라북도 익산시 평화동,경상사고,0,0,2,0,차대차 - 추돌,안전운전불이행,건조,맑음,단일로 - 기타,승용,남,25세,상해없음,승용,남,56세,경상
2018050900100608,2018년 5월 9일 22시,수요일,전라북도 완주군 상관면,경상사고,0,0,1,0,차대차 - 추돌,안전운전불이행,건조,맑음,단일로 - 기타,승용,남,42세,기타불명,화물,남,64세,경상
2018051000100026,2018년 5월 10일 01시,목요일,전라북도 전주시 완산구 삼천동1가,경상사고,0,0,1,0,차대차 - 측면충돌,안전운전불이행,건조,맑음,기타 - 기타,승용,남,25세,상해없음,화물,남,55세,경상
2018051000100027,2018년 5월 10일 01시,목요일,전라북도 김제시 옥산동,경상사고,0,0,1,0,차대차 - 후진중충돌,안전운전불이행,건조,맑음,교차로 - 교차로안,화물,남,68세,상해없음,승용,남,55세,경상
2018051000100064,2018년 5월 10일 06시,목요일,전라북도 전주시 완산구 서신동,경상사고,0,0,2,0,차량단독 - 공작물충돌,안전운전불이행,건조,맑음,단일로 - 터널,이륜,남,17세,경상,,,,
2018051000100065,2018년 5월 10일 06시,목요일,전라북도 군산시 조촌동,경상사고,0,0,1,0,차대차 - 측면충돌,직진우회전진행방해,건조,맑음,교차로 - 교차로안,승용,남,22세,상해없음,승용,여,41세,경상
2018051000100087,2018년 5월 10일 07시,목요일,전라북도 정읍시 연지동,경상사고,0,0,1,0,차대차 - 측면충돌,안전운전불이행,건조,맑음,교차로 - 교차로부근,자전거,남,12세,경상,화물,남,56세,상해없음
2018051000100136,2018년 5월 10일 08시,목요일,전라북도 정읍시 상동,사망사고,1,0,0,0,차대차 - 측면충돌,불법유턴,건조,맑음,단일로 - 기타,자전거,여,56세,사망,승용,남,48세,상해없음
2018051000100173,2018년 5월 10일 09시,목요일,전라북도 전주시 완산구 서노송동,경상사고,0,0,1,0,차대차 - 측면충돌,안전운전불이행,건조,맑음,교차로 - 교차로부근,승용,남,30세,상해없음,승용,남,56세,경상
2018051000100267,2018년 5월 10일 12시,목요일,전라북도 전주시 덕진구 호성동1가,경상사고,0,0,1,0,차대차 - 추돌,안전운전불이행,건조,맑음,교차로 - 교차로부근,승용,남,32세,상해없음,승용,여,42세,경상
2018051000100268,2018년 5월 10일 12시,목요일,전라북도 익산시 남중동,경상사고,0,0,1,0,차대차 - 추돌,안전운전불이행,건조,맑음,단일로 - 기타,승용,여,66세,상해없음,승용,여,55세,경상
2018051000100303,2018년 5월 10일 13시,목요일,전라북도 익산시 여산면,사망사고,1,0,0,0,차대사람 - 기타,안전운전불이행,건조,맑음,단일로 - 기타,특수,남,38세,상해없음,보행자,남,51세,사망
2018051000100451,2018년 5월 10일 17시,목요일,전라북도 익산시 신동,경상사고,0,0,1,0,차대차 - 측면충돌,불법유턴,건조,맑음,교차로 - 교차로안,원동기,남,21세,상해없음,승용,남,45세,상해없음
2018051000100494,2018년 5월 10일 18시,목요일,전라북도 전주시 완산구 효자동3가,경상사고,0,0,1,0,차대차 - 측면충돌,차로위반,건조,맑음,교차로 - 교차로안,승용,남,69세,상해없음,승용,여,26세,경상
2018051000100495,2018년 5월 10일 18시,목요일,전라북도 전주시 덕진구 팔복동2가,경상사고,0,0,1,0,차대차 - 측면충돌,안전거리미확보,건조,맑음,단일로 - 기타,승용,여,31세,상해없음,이륜,남,34세,경상
2018051000100496,2018년 5월 10일 18시,목요일,전라북도 익산시 함열읍,사망사고,1,0,0,0,차량단독 - 전도전복 - 전도,안전운전불이행,건조,맑음,교차로 - 교차로안,화물,남,62세,사망,미분류,미분류,미분류,미분류
2018051000100573,2018년 5월 10일 20시,목요일,전라북도 전주시 완산구 삼천동1가,경상사고,0,0,1,0,차대차 - 추돌,안전운전불이행,건조,맑음,교차로 - 교차로안,승용,여,39세,상해없음,화물,남,58세,경상
2018051000100600,2018년 5월 10일 21시,목요일,전라북도 전주시 완산구 풍남동3가,경상사고,0,0,1,0,차대차 - 측면충돌,차로위반,건조,맑음,교차로 - 교차로안,승용,여,46세,기타불명,승용,남,30세,경상
2018051000100601,2018년 5월 10일 21시,목요일,전라북도 김제시 공덕면,경상사고,0,0,1,0,차대차 - 추돌,안전운전불이행,건조,맑음,단일로 - 기타,승용,남,31세,상해없음,승용,남,53세,경상
2018051000100653,2018년 5월 10일 23시,목요일,전라북도 군산시 임피면,경상사고,0,0,2,0,차대사람 - 기타,안전운전불이행,건조,맑음,교차로 - 교차로부근,승용,남,20세,경상,보행자,여,64세,경상
2018051100100035,2018년 5월 11일 03시,금요일,전라북도 전주시 완산구 효자동3가,중상사고,0,1,0,0,차대차 - 추돌,안전운전불이행,건조,맑음,단일로 - 기타,기타불명,기타불명,미분류,기타불명,자전거,남,34세,중상
2018051100100040,2018년 5월 11일 04시,금요일,전라북도 전주시 완산구 서노송동,중상사고,0,1,0,0,차대사람 - 횡단중,안전운전불이행,건조,맑음,교차로 - 교차로안,승용,남,59세,상해없음,보행자,여,76세,중상
2018051100100073,2018년 5월 11일 07시,금요일,전라북도 남원시 죽항동,중상사고,0,1,1,0,차대차 - 기타,직진우회전진행방해,건조,맑음,교차로 - 교차로안,화물,남,50세,상해없음,승용,여,66세,경상
2018051100100105,2018년 5월 11일 08시,금요일,전라북도 익산시 영등동,경상사고,0,0,5,0,차대차 - 추돌,안전운전불이행,건조,맑음,단일로 - 기타,화물,남,59세,상해없음,승용,남,43세,경상
2018051100100106,2018년 5월 11일 08시,금요일,전라북도 정읍시 신태인읍,경상사고,0,0,1,0,차대차 - 측면충돌,차로위반,건조,맑음,교차로 - 교차로부근,승용,여,60세,경상,화물,남,48세,상해없음
2018051100100145,2018년 5월 11일 09시,금요일,전라북도 부안군 백산면,중상사고,0,1,0,0,차대사람 - 기타,안전운전불이행,건조,맑음,단일로 - 기타,건설기계,남,64세,상해없음,보행자,여,74세,중상
2018051100100249,2018년 5월 11일 12시,금요일,전라북도 정읍시 장명동,중상사고,0,1,1,0,차대차 - 측면충돌,안전운전불이행,건조,맑음,교차로 - 교차로부근,승용,남,71세,경상,승합,남,46세,상해없음
2018051100100251,2018년 5월 11일 12시,금요일,전라북도 장수군 장수읍,중상사고,0,3,5,0,차대차 - 측면충돌,교차로운행방법위반,건조,맑음,교차로 - 교차로안,승용,남,63세,경상,화물,남,58세,경상
2018051100100252,2018년 5월 11일 12시,금요일,전라북도 완주군 봉동읍,경상사고,0,0,1,0,차대사람 - 횡단중,안전운전불이행,건조,맑음,단일로 - 기타,승용,여,63세,상해없음,보행자,남,6세,경상
2018051100100290,2018년 5월 11일 13시,금요일,전라북도 전주시 완산구 효자동2가,경상사고,0,0,1,0,차대차 - 측면충돌,신호위반,건조,맑음,교차로 - 교차로안,승용,여,32세,상해없음,승용,여,38세,경상
2018051100100291,2018년 5월 11일 13시,금요일,전라북도 전주시 덕진구 송천동1가,경상사고,0,0,1,0,차대사람 - 기타,안전운전불이행,건조,맑음,단일로 - 기타,승합,여,51세,상해없음,보행자,여,1세,경상
2018051100100292,2018년 5월 11일 13시,금요일,전라북도 김제시 용지면,중상사고,0,1,0,0,차대차 - 측면충돌,기타,건조,맑음,단일로 - 기타,화물,남,51세,상해없음,화물,남,56세,중상
2018051100100322,2018년 5월 11일 14시,금요일,전라북도 장수군 장수읍,경상사고,0,0,2,0,차대차 - 측면충돌,직진우회전진행방해,건조,맑음,교차로 - 교차로안,화물,남,55세,상해없음,화물,남,45세,경상
2018051100100323,2018년 5월 11일 14시,금요일,전라북도 무주군 무주읍,경상사고,0,0,1,0,차대차 - 측면충돌,신호위반,건조,맑음,교차로 - 교차로안,화물,남,51세,상해없음,화물,남,40세,경상
2018051100100353,2018년 5월 11일 15시,금요일,전라북도 익산시 망성면,경상사고,0,0,1,0,차량단독 - 공작물충돌,안전운전불이행,건조,맑음,단일로 - 기타,이륜,남,54세,경상,,,,
2018051100100400,2018년 5월 11일 16시,금요일,전라북도 김제시 금구면,경상사고,0,0,1,0,차량단독 - 전도전복 - 전도,안전운전불이행,건조,맑음,단일로 - 기타,이륜,남,73세,경상,미분류,미분류,미분류,미분류
2018051100100485,2018년 5월 11일 18시,금요일,전라북도 정읍시 농소동,경상사고,0,0,2,0,차대차 - 측면충돌,불법유턴,건조,맑음,단일로 - 기타,승용,남,63세,경상,승용,여,31세,경상
2018051100100486,2018년 5월 11일 18시,금요일,전라북도 남원시 도통동,중상사고,0,1,0,0,차대사람 - 횡단중,안전운전불이행,건조,맑음,단일로 - 기타,승용,여,49세,상해없음,보행자,남,4세,중상
2018051100100567,2018년 5월 11일 20시,금요일,전라북도 전주시 덕진구 송천동2가,경상사고,0,0,2,0,차대차 - 추돌,안전운전불이행,건조,맑음,교차로 - 교차로부근,승용,남,50세,상해없음,승용,남,58세,경상
2018051100100633,2018년 5월 11일 22시,금요일,전라북도 전주시 덕진구 금암동,부상신고사고,0,0,0,1,차대차 - 측면충돌,신호위반,건조,맑음,교차로 - 교차로안,이륜,남,39세,상해없음,승용,남,38세,상해없음
2018051100100634,2018년 5월 11일 22시,금요일,전라북도 익산시 동산동,중상사고,0,1,0,0,차대사람 - 횡단중,안전운전불이행,건조,맑음,단일로 - 기타,승용,여,33세,상해없음,보행자,남,41세,중상
2018051100100635,2018년 5월 11일 22시,금요일,전라북도 순창군 순창읍,중상사고,0,1,1,0,차대차 - 추돌,안전운전불이행,건조,맑음,교차로 - 교차로부근,승용,여,34세,경상,승합,여,35세,중상
2018051100100658,2018년 5월 11일 23시,금요일,전라북도 군산시 경암동,경상사고,0,0,2,0,차대차 - 기타,직진우회전진행방해,건조,맑음,교차로 - 교차로안,승용,남,22세,상해없음,승용,남,40세,경상
2018051200100015,2018년 5월 12일 00시,토요일,전라북도 정읍시 장명동,경상사고,0,0,1,0,차대사람 - 차도통행중,안전운전불이행,건조,맑음,단일로 - 기타,승용,여,56세,상해없음,보행자,남,22세,경상
2018051200100097,2018년 5월 12일 06시,토요일,전라북도 전주시 완산구 서서학동,경상사고,0,0,1,0,차대차 - 기타,신호위반,건조,맑음,교차로 - 교차로안,승합,남,57세,상해없음,승용,여,34세,경상
2018051200100114,2018년 5월 12일 07시,토요일,전라북도 군산시 개정면,경상사고,0,0,1,0,차대차 - 기타,기타,젖음/습기,비,교차로 - 교차로안,승용,여,49세,상해없음,승용,남,51세,경상
2018051200100115,2018년 5월 12일 07시,토요일,전라북도 익산시 금강동,사망사고,1,0,0,0,차대사람 - 횡단중,안전운전불이행,젖음/습기,비,단일로 - 기타,승용,남,41세,상해없음,보행자,여,70세,사망
2018051200100116,2018년 5월 12일 07시,토요일,전라북도 고창군 무장면,경상사고,0,0,1,0,차대차 - 측면충돌,안전운전불이행,건조,맑음,기타 - 기타,화물,남,54세,경상,특수,남,45세,상해없음
2018051200100159,2018년 5월 12일 09시,토요일,전라북도 김제시 백산면,경상사고,0,0,1,0,차대차 - 측면충돌,신호위반,젖음/습기,비,교차로 - 교차로안,화물,남,59세,상해없음,화물,남,36세,상해없음
2018051200100186,2018년 5월 12일 10시,토요일,전라북도 군산시 옥도면,경상사고,0,0,4,0,차대차 - 추돌,안전운전불이행,젖음/습기,비,교차로 - 교차로부근,승용,여,68세,상해없음,승용,남,56세,경상
2018051200100187,2018년 5월 12일 10시,토요일,전라북도 김제시 백산면,중상사고,0,2,0,0,차대차 - 측면충돌,직진우회전진행방해,젖음/습기,비,교차로 - 교차로안,승용,남,50세,상해없음,화물,남,52세,중상
2018051200100248,2018년 5월 12일 12시,토요일,전라북도 전주시 완산구 고사동,경상사고,0,0,1,0,차대차 - 측면충돌,중앙선침범,건조,맑음,단일로 - 기타,승용,남,62세,상해없음,승용,남,29세,경상
2018051200100249,2018년 5월 12일 12시,토요일,전라북도 김제시 황산동,사망사고,2,3,0,0,차대차 - 정면충돌,중앙선침범,젖음/습기,비,단일로 - 기타,승용,남,17세,사망,화물,남,62세,중상
2018051200100316,2018년 5월 12일 14시,토요일,전라북도 부안군 줄포면,경상사고,0,0,2,0,차대차 - 측면충돌,신호위반,젖음/습기,비,교차로 - 교차로안,승용,남,58세,경상,승용,남,57세,경상
2018051200100388,2018년 5월 12일 16시,토요일,전라북도 전주시 완산구 효자동3가,중상사고,0,1,1,0,차대차 - 측면충돌,안전운전불이행,건조,맑음,교차로 - 교차로안,승용,남,47세,상해없음,승용,남,70세,경상
2018051200100524,2018년 5월 12일 19시,토요일,전라북도 전주시 덕진구 우아동1가,경상사고,0,0,1,0,차대사람 - 횡단중,보행자보호의무위반,젖음/습기,비,교차로 - 교차로횡단보도내,승용,남,61세,상해없음,보행자,남,46세,경상
2018051200100525,2018년 5월 12일 19시,토요일,전라북도 군산시 경암동,중상사고,0,1,0,0,차대차 - 기타,안전운전불이행,젖음/습기,비,단일로 - 기타,승용,여,48세,상해없음,자전거,남,71세,중상
2018051200100526,2018년 5월 12일 19시,토요일,전라북도 익산시 모현동1가,경상사고,0,0,2,0,차대차 - 정면충돌,중앙선침범,젖음/습기,비,교차로 - 교차로부근,승용,남,54세,상해없음,승용,남,55세,상해없음
2018051200100527,2018년 5월 12일 19시,토요일,전라북도 익산시 목천동,경상사고,0,0,3,0,차대차 - 추돌,안전운전불이행,젖음/습기,비,교차로 - 교차로부근,승용,남,58세,상해없음,승용,여,32세,경상
2018051200100569,2018년 5월 12일 20시,토요일,전라북도 전주시 덕진구 인후동1가,중상사고,0,1,0,0,차대사람 - 기타,안전운전불이행,젖음/습기,비,교차로 - 교차로부근,승용,남,51세,상해없음,보행자,여,59세,중상
2018051200100618,2018년 5월 12일 21시,토요일,전라북도 전주시 덕진구 우아동3가,중상사고,0,1,3,0,차대차 - 측면충돌,신호위반,젖음/습기,비,교차로 - 교차로안,승용,여,50세,상해없음,승용,남,45세,상해없음
2018051200100619,2018년 5월 12일 21시,토요일,전라북도 군산시 삼학동,경상사고,0,0,1,0,차대사람 - 차도통행중,안전운전불이행,건조,맑음,단일로 - 지하차도(도로)내,이륜,남,35세,상해없음,보행자,여,61세,경상
2018051200100620,2018년 5월 12일 21시,토요일,전라북도 익산시 평화동,경상사고,0,0,3,0,차대차 - 추돌,안전운전불이행,젖음/습기,비,단일로 - 기타,승합,남,59세,상해없음,승용,남,45세,경상
2018051200100621,2018년 5월 12일 21시,토요일,전라북도 익산시 모현동1가,경상사고,0,0,1,0,차대차 - 측면충돌,안전운전불이행,젖음/습기,흐림,교차로 - 교차로부근,승용,남,33세,상해없음,승용,여,48세,경상
2018051200100665,2018년 5월 12일 22시,토요일,전라북도 전주시 완산구 평화동1가,경상사고,0,0,1,0,차대차 - 추돌,안전운전불이행,건조,맑음,단일로 - 기타,승용,남,48세,상해없음,승용,남,28세,경상
2018051200100666,2018년 5월 12일 22시,토요일,전라북도 정읍시 하북동,중상사고,0,1,0,0,차대차 - 측면충돌,신호위반,젖음/습기,비,교차로 - 교차로안,승합,남,37세,상해없음,승용,여,25세,중상
2018051200100698,2018년 5월 12일 23시,토요일,전라북도 전주시 덕진구 인후동1가,경상사고,0,0,1,0,차대차 - 추돌,안전운전불이행,젖음/습기,비,단일로 - 기타,승용,남,58세,상해없음,승용,남,31세,경상
2018051300100102,2018년 5월 13일 07시,일요일,전라북도 익산시 왕궁면,경상사고,0,0,1,0,차대차 - 측면충돌,안전거리미확보,건조,맑음,단일로 - 기타,승용,여,55세,상해없음,승용,남,41세,경상
2018051300100285,2018년 5월 13일 15시,일요일,전라북도 전주시 완산구 중노송동,중상사고,0,1,0,0,차대사람 - 횡단중,신호위반,건조,맑음,교차로 - 교차로안,승용,남,68세,상해없음,보행자,남,81세,중상
2018051300100286,2018년 5월 13일 15시,일요일,전라북도 전주시 완산구 풍남동3가,중상사고,0,1,0,0,차대사람 - 기타,안전운전불이행,건조,맑음,단일로 - 기타,원동기,남,11세,상해없음,보행자,여,63세,중상
2018051300100287,2018년 5월 13일 15시,일요일,전라북도 군산시 나운동,경상사고,0,0,1,0,차대차 - 측면충돌,직진우회전진행방해,건조,맑음,교차로 - 교차로안,승용,남,62세,상해없음,승용,남,62세,경상
2018051300100288,2018년 5월 13일 15시,일요일,전라북도 순창군 쌍치면,중상사고,0,2,2,0,차대차 - 측면충돌,신호위반,건조,맑음,교차로 - 교차로안,승용,남,42세,경상,화물,남,63세,중상
2018051300100289,2018년 5월 13일 15시,일요일,전라북도 무주군 무주읍,경상사고,0,0,1,0,차대차 - 추돌,안전운전불이행,건조,맑음,교차로 - 교차로안,원동기,여,76세,상해없음,이륜,남,38세,경상
2018051300100321,2018년 5월 13일 16시,일요일,전라북도 진안군 주천면,중상사고,0,1,0,0,차대차 - 정면충돌,기타,건조,맑음,단일로 - 기타,이륜,남,72세,중상,화물,남,56세,상해없음
2018051300100358,2018년 5월 13일 17시,일요일,전라북도 전주시 덕진구 금암동,경상사고,0,0,1,0,차대차 - 측면충돌,안전운전불이행,건조,맑음,단일로 - 기타,승용,남,57세,상해없음,승용,남,72세,경상
2018051300100359,2018년 5월 13일 17시,일요일,전라북도 익산시 남중동,경상사고,0,0,2,0,차대차 - 측면충돌,직진우회전진행방해,건조,맑음,교차로 - 교차로안,승용,남,62세,상해없음,승용,남,32세,경상
2018051300100360,2018년 5월 13일 17시,일요일,전라북도 완주군 소양면,경상사고,0,0,1,0,차대차 - 후진중충돌,안전운전불이행,건조,맑음,교차로 - 교차로안,승용,여,56세,상해없음,승용,남,27세,상해없음
2018051300100392,2018년 5월 13일 18시,일요일,전라북도 정읍시 신정동,경상사고,0,0,4,0,차대차 - 측면충돌,신호위반,건조,맑음,교차로 - 교차로안,승용,여,57세,경상,승용,남,37세,경상
2018051300100449,2018년 5월 13일 20시,일요일,전라북도 장수군 장수읍,중상사고,0,2,0,0,차대차 - 추돌,과속,건조,맑음,단일로 - 기타,화물,남,41세,중상,농기계,여,63세,중상
2018051300100484,2018년 5월 13일 21시,일요일,전라북도 익산시 남중동,경상사고,0,0,1,0,차대사람 - 횡단중,안전운전불이행,건조,맑음,단일로 - 기타,기타불명,기타불명,미분류,기타불명,보행자,여,48세,경상
2018051300100500,2018년 5월 13일 22시,일요일,전라북도 전주시 완산구 삼천동1가,경상사고,0,0,1,0,차대차 - 측면충돌,안전운전불이행,건조,맑음,단일로 - 기타,승용,남,50세,상해없음,승용,남,68세,상해없음
2018051400100170,2018년 5월 14일 10시,월요일,전라북도 고창군 공음면,경상사고,0,0,5,0,차대차 - 추돌,안전운전불이행,건조,맑음,교차로 - 교차로안,승용,남,51세,경상,승용,여,42세,경상
2018051400100201,2018년 5월 14일 11시,월요일,전라북도 전주시 완산구 서신동,사망사고,1,0,0,0,차대차 - 측면충돌,안전운전불이행,건조,맑음,단일로 - 기타,이륜,남,57세,사망,화물,남,35세,상해없음
2018051400100236,2018년 5월 14일 12시,월요일,전라북도 군산시 옥도면,중상사고,0,1,0,0,차대사람 - 기타,안전운전불이행,건조,맑음,단일로 - 기타,승용,남,19세,상해없음,보행자,여,54세,중상
2018051400100237,2018년 5월 14일 12시,월요일,전라북도 남원시 고죽동,중상사고,0,1,0,0,차대차 - 기타,신호위반,건조,맑음,교차로 - 교차로안,승용,남,31세,상해없음,이륜,남,75세,중상
2018051400100264,2018년 5월 14일 13시,월요일,전라북도 군산시 비응도동,중상사고,0,1,0,0,차대사람 - 기타,안전운전불이행,건조,맑음,교차로 - 교차로안,승용,남,64세,상해없음,보행자,남,47세,중상
2018051400100265,2018년 5월 14일 13시,월요일,전라북도 군산시 소룡동,경상사고,0,0,1,0,차대차 - 측면충돌,중앙선침범,건조,맑음,교차로 - 교차로부근,승용,여,43세,상해없음,원동기,남,46세,경상
2018051400100298,2018년 5월 14일 14시,월요일,전라북도 전주시 완산구 중화산동2가,중상사고,0,1,0,0,차량단독 - 기타,안전운전불이행,건조,맑음,교차로 - 교차로부근,승합,남,48세,상해없음,,,,
2018051400100299,2018년 5월 14일 14시,월요일,전라북도 군산시 성산면,중상사고,0,1,0,0,차량단독 - 전도전복 - 전도,안전운전불이행,건조,맑음,단일로 - 기타,이륜,남,38세,중상,미분류,미분류,미분류,미분류
2018051400100300,2018년 5월 14일 14시,월요일,전라북도 군산시 대야면,중상사고,0,1,0,0,차대차 - 측면충돌,안전운전불이행,건조,맑음,교차로 - 교차로안,화물,남,33세,상해없음,원동기,남,61세,중상