사고번호,사고일시,요일,시군구,사고내용,사망자수,중상자수,경상자수,부상신고자수,사고유형,법규위반,노면상태,기상상태,도로형태,가해운전자 차종,가해운전자 성별,가해운전자 연령,가해운전자 상해정도,피해운전자 차종,피해운전자 성별,피해운전자 연령,피해운전자 상해정도
2018051400100301,2018년 5월 14일 14시,월요일,전라북도 순창군 적성면,경상사고,0,0,1,0,차대차 - 추돌,안전운전불이행,건조,맑음,단일로 - 기타,이륜,여,69세,경상,승용,여,72세,상해없음
2018051400100330,2018년 5월 14일 15시,월요일,전라북도 전주시 완산구 평화동1가,중상사고,0,1,0,0,차대사람 - 횡단중,안전운전불이행,건조,맑음,단일로 - 기타,승용,여,41세,상해없음,보행자,남,9세,중상
2018051400100370,2018년 5월 14일 16시,월요일,전라북도 전주시 덕진구 진북동,경상사고,0,0,2,0,차대차 - 추돌,안전운전불이행,건조,맑음,단일로 - 터널,승용,남,63세,상해없음,승용,남,50세,경상
2018051400100371,2018년 5월 14일 16시,월요일,전라북도 김제시 입석동,사망사고,1,0,0,0,차대차 - 추돌,안전운전불이행,건조,맑음,단일로 - 기타,승용,남,42세,상해없음,이륜,남,84세,사망
2018051400100408,2018년 5월 14일 17시,월요일,전라북도 전주시 완산구 효자동2가,중상사고,0,2,5,0,차대차 - 측면충돌,신호위반,건조,맑음,교차로 - 교차로안,승합,남,52세,상해없음,승용,남,55세,중상
2018051400100409,2018년 5월 14일 17시,월요일,전라북도 남원시 대강면,사망사고,1,0,0,0,차대차 - 기타,안전운전불이행,건조,맑음,단일로 - 기타,화물,남,65세,상해없음,이륜,남,63세,사망
2018051400100446,2018년 5월 14일 18시,월요일,전라북도 군산시 명산동,경상사고,0,0,3,0,차대차 - 기타,교차로운행방법위반,건조,맑음,교차로 - 교차로안,승용,남,29세,상해없음,승용,남,51세,경상
2018051400100447,2018년 5월 14일 18시,월요일,전라북도 남원시 왕정동,중상사고,0,1,0,0,차대차 - 기타,직진우회전진행방해,건조,맑음,교차로 - 교차로안,승용,여,44세,상해없음,승용,여,55세,중상
2018051400100474,2018년 5월 14일 19시,월요일,전라북도 군산시 수송동,경상사고,0,0,1,0,차대차 - 기타,신호위반,건조,맑음,교차로 - 교차로안,승용,남,68세,상해없음,원동기,남,21세,경상
2018051400100532,2018년 5월 14일 21시,월요일,전라북도 익산시 어양동,중상사고,0,1,0,0,차대사람 - 기타,안전운전불이행,건조,맑음,교차로 - 교차로안,승용,남,56세,상해없음,보행자,여,56세,중상
2018051400100550,2018년 5월 14일 22시,월요일,전라북도 군산시 소룡동,경상사고,0,0,2,0,차대차 - 측면충돌,직진우회전진행방해,건조,맑음,교차로 - 교차로안,승용,남,52세,기타불명,승용,남,61세,경상
2018051400100551,2018년 5월 14일 22시,월요일,전라북도 군산시 수송동,중상사고,0,1,0,0,차대차 - 기타,신호위반,건조,맑음,교차로 - 교차로안,이륜,남,17세,상해없음,원동기,남,35세,중상
2018051400100569,2018년 5월 14일 23시,월요일,전라북도 전주시 완산구 동서학동,중상사고,0,2,0,0,차량단독 - 기타,안전운전불이행,건조,맑음,교차로 - 교차로부근,승용,남,27세,중상,,,,
2018051400100570,2018년 5월 14일 23시,월요일,전라북도 전주시 덕진구 덕진동1가,경상사고,0,0,1,0,차대차 - 추돌,안전운전불이행,건조,맑음,단일로 - 기타,승용,여,34세,상해없음,승용,남,28세,경상
2018051500100119,2018년 5월 15일 08시,화요일,전라북도 전주시 완산구 동서학동,중상사고,0,1,0,0,차대차 - 측면충돌,신호위반,건조,맑음,교차로 - 교차로안,승용,여,28세,상해없음,화물,남,57세,중상
2018051500100120,2018년 5월 15일 08시,화요일,전라북도 전주시 덕진구 팔복동2가,경상사고,0,0,3,0,차대차 - 측면충돌,신호위반,건조,맑음,교차로 - 교차로안,승용,남,69세,상해없음,승용,여,30세,경상
2018051500100151,2018년 5월 15일 09시,화요일,전라북도 전주시 덕진구 금암동,경상사고,0,0,1,0,차대차 - 측면충돌,안전거리미확보,건조,맑음,단일로 - 기타,승용,남,26세,상해없음,승용,남,36세,경상
2018051500100152,2018년 5월 15일 09시,화요일,전라북도 익산시 석왕동,경상사고,0,0,2,0,차대차 - 추돌,안전운전불이행,건조,맑음,교차로 - 교차로부근,승용,남,42세,상해없음,승용,남,77세,경상
2018051500100181,2018년 5월 15일 10시,화요일,전라북도 익산시 인화동1가,경상사고,0,0,1,0,차대사람 - 횡단중,안전운전불이행,건조,맑음,단일로 - 기타,화물,남,36세,상해없음,보행자,여,70세,경상
2018051500100231,2018년 5월 15일 12시,화요일,전라북도 전주시 완산구 경원동3가,경상사고,0,0,1,0,차대차 - 측면충돌,안전운전불이행,건조,맑음,교차로 - 교차로안,승용,남,28세,상해없음,승용,여,57세,경상
2018051500100324,2018년 5월 15일 15시,화요일,전라북도 군산시 장미동,경상사고,0,0,1,0,차대차 - 기타,중앙선침범,건조,맑음,단일로 - 기타,승용,남,58세,상해없음,승용,남,37세,경상
2018051500100325,2018년 5월 15일 15시,화요일,전라북도 정읍시 북면,경상사고,0,0,1,0,차대차 - 기타,안전운전불이행,건조,맑음,단일로 - 기타,기타불명,기타불명,미분류,기타불명,자전거,남,19세,경상
2018051500100396,2018년 5월 15일 17시,화요일,전라북도 익산시 목천동,경상사고,0,0,2,0,차대차 - 추돌,안전운전불이행,건조,맑음,교차로 - 교차로부근,화물,남,68세,상해없음,승용,여,28세,경상
2018051500100397,2018년 5월 15일 17시,화요일,전라북도 익산시 영등동,중상사고,0,1,0,0,차대사람 - 횡단중,안전운전불이행,건조,맑음,단일로 - 기타,승용,남,31세,상해없음,보행자,여,39세,중상
2018051500100439,2018년 5월 15일 18시,화요일,전라북도 전주시 덕진구 송천동2가,경상사고,0,0,1,0,차대차 - 추돌,안전운전불이행,건조,맑음,교차로 - 교차로부근,승용,여,53세,상해없음,승용,남,61세,경상
2018051500100440,2018년 5월 15일 18시,화요일,전라북도 익산시 인화동2가,중상사고,0,1,1,0,차대차 - 정면충돌,안전운전불이행,건조,맑음,교차로 - 교차로안,승용,남,47세,경상,승용,여,45세,중상
2018051500100441,2018년 5월 15일 18시,화요일,전라북도 익산시 황등면,경상사고,0,0,4,0,차대차 - 추돌,안전운전불이행,건조,맑음,단일로 - 기타,화물,남,49세,경상,승용,여,43세,경상
2018051500100473,2018년 5월 15일 19시,화요일,전라북도 정읍시 연지동,경상사고,0,0,2,0,차대차 - 측면충돌,안전운전불이행,건조,맑음,교차로 - 교차로부근,화물,남,44세,경상,승용,남,49세,경상
2018051500100506,2018년 5월 15일 20시,화요일,전라북도 김제시 공덕면,경상사고,0,0,3,0,차대차 - 추돌,기타,건조,맑음,단일로 - 기타,승용,남,51세,경상,승용,남,62세,경상
2018051500100528,2018년 5월 15일 21시,화요일,전라북도 전주시 덕진구 덕진동2가,경상사고,0,0,2,0,차대차 - 측면충돌,안전운전불이행,건조,맑음,교차로 - 교차로안,승용,남,64세,상해없음,승용,여,31세,경상
2018051500100529,2018년 5월 15일 21시,화요일,전라북도 군산시 대야면,사망사고,1,1,0,0,차대차 - 정면충돌,중앙선침범,건조,흐림,단일로 - 기타,원동기,남,51세,사망,승용,여,29세,중상
2018051500100530,2018년 5월 15일 21시,화요일,전라북도 군산시 미룡동,중상사고,0,1,1,0,차대차 - 정면충돌,중앙선침범,건조,맑음,단일로 - 기타,승용,여,24세,상해없음,승용,여,50세,중상
2018051500100556,2018년 5월 15일 22시,화요일,전라북도 전주시 덕진구 덕진동2가,경상사고,0,0,1,0,차대사람 - 횡단중,안전운전불이행,건조,맑음,교차로 - 교차로안,승용,남,44세,상해없음,보행자,여,42세,경상
2018051500100557,2018년 5월 15일 22시,화요일,전라북도 군산시 나운동,중상사고,0,1,0,0,차대사람 - 횡단중,보행자보호의무위반,건조,맑음,교차로 - 교차로횡단보도내,승용,남,38세,상해없음,보행자,남,54세,중상
2018051500100579,2018년 5월 15일 23시,화요일,전라북도 익산시 용제동,중상사고,0,1,0,0,차대차 - 측면충돌,안전운전불이행,건조,맑음,단일로 - 기타,승용,남,27세,상해없음,승용,남,58세,중상
2018051600100123,2018년 5월 16일 09시,수요일,전라북도 정읍시 옹동면,중상사고,0,1,0,0,차대사람 - 기타,안전운전불이행,건조,맑음,교차로 - 교차로부근,승합,남,56세,상해없음,보행자,여,73세,중상
2018051600100167,2018년 5월 16일 11시,수요일,전라북도 정읍시 연지동,경상사고,0,0,1,0,차대사람 - 기타,안전운전불이행,건조,맑음,교차로 - 교차로부근,승용,남,32세,상해없음,보행자,남,71세,경상
2018051600100196,2018년 5월 16일 12시,수요일,전라북도 익산시 모현동1가,경상사고,0,0,1,0,차대차 - 정면충돌,중앙선침범,건조,맑음,교차로 - 교차로부근,승용,남,63세,상해없음,승용,남,55세,경상
2018051600100225,2018년 5월 16일 13시,수요일,전라북도 전주시 덕진구 진북동,경상사고,0,0,1,0,차대차 - 측면충돌,교차로운행방법위반,건조,맑음,교차로 - 교차로안,승용,남,63세,상해없음,승용,남,45세,경상
2018051600100226,2018년 5월 16일 13시,수요일,전라북도 전주시 덕진구 덕진동2가,중상사고,0,1,0,0,차대사람 - 기타,안전운전불이행,건조,맑음,단일로 - 기타,승용,남,69세,상해없음,보행자,여,74세,중상
2018051600100255,2018년 5월 16일 14시,수요일,전라북도 군산시 비응도동,중상사고,0,2,0,0,차대차 - 측면충돌,직진우회전진행방해,건조,맑음,교차로 - 교차로안,승용,남,76세,상해없음,화물,남,33세,중상
2018051600100256,2018년 5월 16일 14시,수요일,전라북도 정읍시 신태인읍,경상사고,0,0,4,0,차대차 - 측면충돌,직진우회전진행방해,건조,맑음,교차로 - 교차로안,승용,남,36세,경상,승용,여,33세,경상
2018051600100278,2018년 5월 16일 15시,수요일,전라북도 전주시 덕진구 산정동,경상사고,0,0,1,0,차대차 - 후진중충돌,안전운전불이행,건조,맑음,단일로 - 기타,승용,여,42세,상해없음,자전거,여,29세,경상
2018051600100279,2018년 5월 16일 15시,수요일,전라북도 군산시 신영동,경상사고,0,0,1,0,차대차 - 기타,교차로운행방법위반,건조,맑음,교차로 - 교차로안,화물,남,45세,상해없음,승용,남,82세,경상
2018051600100281,2018년 5월 16일 15시,수요일,전라북도 김제시 요촌동,경상사고,0,0,1,0,차대사람 - 횡단중,안전운전불이행,건조,맑음,단일로 - 기타,승용,여,57세,상해없음,보행자,여,66세,경상
2018051600100303,2018년 5월 16일 16시,수요일,전라북도 군산시 대야면,중상사고,0,1,0,0,차대사람 - 횡단중,안전운전불이행,건조,맑음,단일로 - 기타,승용,남,32세,상해없음,보행자,남,54세,중상
2018051600100304,2018년 5월 16일 16시,수요일,전라북도 군산시 신관동,경상사고,0,0,1,0,차대차 - 추돌,안전운전불이행,건조,맑음,단일로 - 기타,화물,남,45세,상해없음,화물,남,37세,경상
2018051600100305,2018년 5월 16일 16시,수요일,전라북도 김제시 백학동,경상사고,0,0,1,0,차대차 - 추돌,안전운전불이행,건조,맑음,단일로 - 기타,승용,남,73세,상해없음,승용,여,53세,경상
2018051600100406,2018년 5월 16일 19시,수요일,전라북도 전주시 완산구 경원동1가,경상사고,0,0,2,0,차대차 - 추돌,안전운전불이행,건조,맑음,단일로 - 기타,승합,남,50세,상해없음,승용,남,30세,경상
2018051600100407,2018년 5월 16일 19시,수요일,전라북도 김제시 신풍동,경상사고,0,0,1,0,차대차 - 측면충돌,불법유턴,건조,맑음,단일로 - 기타,승용,남,30세,상해없음,승용,남,59세,경상
2018051600100408,2018년 5월 16일 19시,수요일,전라북도 남원시 노암동,경상사고,0,0,1,0,차대사람 - 횡단중,보행자보호의무위반,건조,맑음,단일로 - 기타,승용,남,75세,상해없음,보행자,남,59세,경상
2018051600100469,2018년 5월 16일 21시,수요일,전라북도 익산시 동산동,경상사고,0,0,1,0,차대사람 - 보도통행중,기타,건조,맑음,단일로 - 기타,이륜,남,18세,상해없음,보행자,남,38세,경상
2018051600100470,2018년 5월 16일 21시,수요일,전라북도 익산시 왕궁면,경상사고,0,0,1,0,차대차 - 측면충돌,안전운전불이행,건조,맑음,교차로 - 교차로안,승용,남,24세,상해없음,승합,남,62세,경상
2018051600100471,2018년 5월 16일 21시,수요일,전라북도 완주군 이서면,경상사고,0,0,3,0,차대차 - 측면충돌,신호위반,건조,맑음,교차로 - 교차로안,승용,남,25세,상해없음,승용,여,24세,경상
2018051600100494,2018년 5월 16일 22시,수요일,전라북도 완주군 용진읍,중상사고,0,1,0,0,차대차 - 후진중충돌,안전운전불이행,건조,맑음,주차장 - 주차장,화물,남,47세,중상,승용,기타불명,미분류,기타불명
2018051600100516,2018년 5월 16일 23시,수요일,전라북도 군산시 미룡동,경상사고,0,0,1,0,차대차 - 기타,중앙선침범,건조,맑음,단일로 - 기타,승용,남,30세,상해없음,승용,남,27세,경상
2018051600100517,2018년 5월 16일 23시,수요일,전라북도 김제시 서암동,경상사고,0,0,1,0,차대차 - 추돌,안전운전불이행,건조,맑음,교차로 - 교차로부근,승용,남,56세,상해없음,승용,남,49세,경상
2018051700100062,2018년 5월 17일 06시,목요일,전라북도 군산시 산북동,경상사고,0,0,1,0,차대차 - 기타,안전운전불이행,건조,맑음,단일로 - 기타,승용,남,36세,상해없음,승용,남,30세,경상
2018051700100183,2018년 5월 17일 10시,목요일,전라북도 정읍시 시기동,중상사고,0,1,0,0,차대사람 - 횡단중,보행자보호의무위반,건조,맑음,교차로 - 교차로부근,승용,여,68세,상해없음,보행자,여,49세,중상
2018051700100221,2018년 5월 17일 11시,목요일,전라북도 군산시 조촌동,경상사고,0,0,1,0,차대차 - 측면충돌,직진우회전진행방해,건조,맑음,교차로 - 교차로안,승용,남,26세,상해없음,승용,남,28세,경상
2018051700100261,2018년 5월 17일 13시,목요일,전라북도 전주시 덕진구 인후동1가,경상사고,0,0,1,0,차대차 - 측면충돌,안전운전불이행,건조,맑음,교차로 - 교차로부근,승용,여,44세,상해없음,이륜,남,59세,경상
2018051700100297,2018년 5월 17일 14시,목요일,전라북도 전주시 덕진구 우아동3가,부상신고사고,0,0,0,1,차대차 - 측면충돌,신호위반,건조,맑음,교차로 - 교차로안,승용,남,56세,상해없음,이륜,남,17세,부상신고
2018051700100357,2018년 5월 17일 16시,목요일,전라북도 군산시 내초동,경상사고,0,0,2,0,차대차 - 추돌,안전거리미확보,건조,맑음,교차로 - 교차로부근,특수,남,45세,상해없음,화물,남,46세,경상
2018051700100358,2018년 5월 17일 16시,목요일,전라북도 익산시 팔봉동,경상사고,0,0,1,0,차대차 - 측면충돌,안전운전불이행,건조,맑음,단일로 - 기타,자전거,남,86세,경상,승합,남,45세,상해없음
2018051700100393,2018년 5월 17일 17시,목요일,전라북도 전주시 완산구 중노송동,경상사고,0,0,3,0,차대차 - 기타,차로위반,건조,맑음,교차로 - 교차로안,승용,남,58세,상해없음,승용,남,19세,경상
2018051700100394,2018년 5월 17일 17시,목요일,전라북도 익산시 신흥동,경상사고,0,0,2,0,차대차 - 추돌,안전운전불이행,건조,맑음,단일로 - 기타,승용,남,57세,상해없음,승용,여,44세,경상
2018051700100427,2018년 5월 17일 18시,목요일,전라북도 정읍시 장명동,경상사고,0,0,5,0,차대차 - 추돌,안전운전불이행,젖음/습기,비,단일로 - 기타,승용,여,31세,경상,화물,남,72세,경상
2018051700100464,2018년 5월 17일 19시,목요일,전라북도 전주시 덕진구 송천동1가,중상사고,0,1,0,0,차대사람 - 기타,안전운전불이행,건조,맑음,단일로 - 기타,승용,남,49세,상해없음,보행자,남,41세,중상
2018051700100511,2018년 5월 17일 20시,목요일,전라북도 전주시 덕진구 진북동,경상사고,0,0,1,0,차대차 - 측면충돌,신호위반,건조,맑음,교차로 - 교차로안,승용,남,37세,기타불명,승용,여,37세,경상
2018051700100512,2018년 5월 17일 20시,목요일,전라북도 군산시 나운동,경상사고,0,0,1,0,차대사람 - 횡단중,보행자보호의무위반,건조,맑음,교차로 - 교차로안,승용,남,67세,상해없음,보행자,남,28세,경상
2018051700100635,2018년 5월 17일 23시,목요일,전라북도 군산시 미룡동,중상사고,0,1,0,0,차대차 - 측면충돌,안전운전불이행,건조,맑음,기타 - 기타,승용,여,44세,상해없음,이륜,남,19세,중상
2018051700100636,2018년 5월 17일 23시,목요일,전라북도 고창군 무장면,사망사고,1,0,1,0,차대차 - 추돌,안전운전불이행,젖음/습기,비,교차로 - 교차로부근,화물,남,70세,사망,화물,남,79세,경상
2018051800100142,2018년 5월 18일 08시,금요일,전라북도 고창군 고창읍,중상사고,0,1,2,0,차대사람 - 횡단중,보행자보호의무위반,젖음/습기,흐림,교차로 - 교차로횡단보도내,화물,여,48세,상해없음,보행자,여,33세,중상
2018051800100182,2018년 5월 18일 09시,금요일,전라북도 군산시 금암동,경상사고,0,0,1,0,차대차 - 기타,안전거리미확보,젖음/습기,비,교차로 - 교차로부근,승용,여,46세,경상,화물,남,62세,상해없음
2018051800100183,2018년 5월 18일 09시,금요일,전라북도 익산시 모현동1가,경상사고,0,0,4,0,차대차 - 측면충돌,직진우회전진행방해,건조,맑음,교차로 - 교차로안,화물,남,75세,상해없음,승용,남,52세,경상
2018051800100184,2018년 5월 18일 09시,금요일,전라북도 정읍시 수성동,중상사고,0,1,0,0,차대차 - 측면충돌,안전운전불이행,젖음/습기,비,단일로 - 기타,화물,남,78세,상해없음,이륜,여,58세,중상
2018051800100185,2018년 5월 18일 09시,금요일,전라북도 정읍시 연지동,경상사고,0,0,1,0,차대사람 - 길가장자리구역통행중,안전운전불이행,건조,맑음,교차로 - 교차로부근,승용,여,49세,상해없음,보행자,남,28세,경상
2018051800100244,2018년 5월 18일 11시,금요일,전라북도 남원시 덕과면,경상사고,0,0,1,0,차대차 - 정면충돌,중앙선침범,건조,맑음,단일로 - 기타,화물,남,49세,상해없음,승용,여,42세,경상
2018051800100245,2018년 5월 18일 11시,금요일,전라북도 부안군 보안면,경상사고,0,0,1,0,차대사람 - 기타,안전운전불이행,건조,맑음,단일로 - 기타,승합,남,56세,상해없음,보행자,남,75세,경상
2018051800100276,2018년 5월 18일 12시,금요일,전라북도 정읍시 쌍암동,경상사고,0,0,1,0,차량단독 - 공작물충돌,안전운전불이행,건조,흐림,단일로 - 기타,승용,남,71세,상해없음,,,,
2018051800100300,2018년 5월 18일 13시,금요일,전라북도 전주시 완산구 평화동1가,경상사고,0,0,1,0,차대차 - 기타,안전운전불이행,젖음/습기,비,단일로 - 기타,화물,남,48세,상해없음,승용,남,65세,경상
2018051800100330,2018년 5월 18일 14시,금요일,전라북도 전주시 완산구 태평동,중상사고,0,1,0,0,차대사람 - 기타,안전운전불이행,젖음/습기,비,주차장 - 주차장,승용,여,56세,상해없음,보행자,여,60세,중상
2018051800100331,2018년 5월 18일 14시,금요일,전라북도 전주시 완산구 남노송동,중상사고,0,1,0,0,차대사람 - 기타,안전운전불이행,건조,맑음,교차로 - 교차로부근,승용,남,62세,상해없음,보행자,남,46세,중상
2018051800100332,2018년 5월 18일 14시,금요일,전라북도 남원시 신촌동,중상사고,0,1,3,0,차대차 - 측면충돌,안전운전불이행,건조,맑음,단일로 - 기타,승용,여,65세,상해없음,승용,남,44세,경상
2018051800100364,2018년 5월 18일 15시,금요일,전라북도 김제시 금산면,중상사고,0,1,1,0,차대차 - 추돌,안전운전불이행,건조,흐림,단일로 - 기타,화물,남,55세,상해없음,화물,여,63세,중상
2018051800100405,2018년 5월 18일 16시,금요일,전라북도 전주시 덕진구 송천동1가,경상사고,0,0,1,0,차대차 - 측면충돌,불법유턴,젖음/습기,비,단일로 - 기타,승용,여,45세,상해없음,이륜,남,22세,경상
2018051800100406,2018년 5월 18일 16시,금요일,전라북도 전주시 덕진구 진북동,경상사고,0,0,1,0,차대차 - 측면충돌,직진우회전진행방해,젖음/습기,비,교차로 - 교차로안,승용,여,49세,상해없음,승용,남,57세,경상
2018051800100407,2018년 5월 18일 16시,금요일,전라북도 군산시 경암동,경상사고,0,0,1,0,차대차 - 기타,안전운전불이행,건조,맑음,기타 - 기타,승용,남,75세,상해없음,승용,여,38세,경상
2018051800100408,2018년 5월 18일 16시,금요일,전라북도 익산시 영등동,중상사고,0,1,0,0,차대차 - 측면충돌,신호위반,건조,맑음,교차로 - 교차로안,화물,남,62세,상해없음,이륜,남,47세,중상
2018051800100476,2018년 5월 18일 18시,금요일,전라북도 군산시 중동,경상사고,0,0,3,0,차대차 - 측면충돌,중앙선침범,건조,맑음,교차로 - 교차로부근,승용,여,61세,상해없음,승용,여,42세,경상
2018051800100477,2018년 5월 18일 18시,금요일,전라북도 정읍시 교암동,경상사고,0,0,2,0,차대차 - 측면충돌,안전운전불이행,건조,맑음,교차로 - 교차로안,승용,여,71세,경상,승용,여,39세,경상
2018051800100517,2018년 5월 18일 19시,금요일,전라북도 전주시 덕진구 동산동,중상사고,0,1,0,0,차대차 - 측면충돌,안전운전불이행,건조,흐림,단일로 - 기타,자전거,여,30세,상해없음,승용,여,65세,상해없음
2018051800100518,2018년 5월 18일 19시,금요일,전라북도 군산시 나운동,경상사고,0,0,1,0,차대사람 - 횡단중,안전운전불이행,건조,맑음,단일로 - 기타,이륜,남,46세,상해없음,보행자,남,79세,경상
2018051800100519,2018년 5월 18일 19시,금요일,전라북도 정읍시 하북동,중상사고,0,1,0,0,차대사람 - 횡단중,안전운전불이행,건조,맑음,교차로 - 교차로부근,화물,남,61세,상해없음,보행자,남,78세,중상
2018051800100563,2018년 5월 18일 20시,금요일,전라북도 익산시 동산동,중상사고,0,1,0,0,차대사람 - 횡단중,보행자보호의무위반,건조,맑음,교차로 - 교차로횡단보도내,승용,여,53세,상해없음,보행자,여,54세,중상
2018051800100609,2018년 5월 18일 21시,금요일,전라북도 정읍시 시기동,경상사고,0,0,1,0,차대차 - 기타,신호위반,젖음/습기,비,교차로 - 교차로안,승용,남,40세,상해없음,이륜,남,23세,경상
2018051800100639,2018년 5월 18일 22시,금요일,전라북도 전주시 덕진구 금암동,중상사고,0,1,4,0,차대차 - 추돌,안전운전불이행,젖음/습기,비,교차로 - 교차로부근,승용,남,28세,상해없음,승용,여,47세,중상
2018051800100640,2018년 5월 18일 22시,금요일,전라북도 정읍시 수성동,경상사고,0,0,5,0,차대차 - 측면충돌,안전운전불이행,건조,맑음,교차로 - 교차로안,승용,남,28세,경상,승용,여,50세,경상
2018051900100016,2018년 5월 19일 00시,토요일,전라북도 전주시 덕진구 덕진동2가,중상사고,0,1,0,0,차대차 - 추돌,안전운전불이행,건조,맑음,교차로 - 교차로부근,승용,남,61세,상해없음,승용,여,57세,중상
2018051900100045,2018년 5월 19일 01시,토요일,전라북도 전주시 완산구 서신동,중상사고,0,1,0,0,차대사람 - 기타,안전운전불이행,건조,흐림,교차로 - 교차로안,승용,남,43세,상해없음,보행자,남,18세,중상
2018051900100046,2018년 5월 19일 01시,토요일,전라북도 군산시 소룡동,중상사고,0,1,0,0,차대사람 - 횡단중,안전운전불이행,건조,맑음,단일로 - 기타,승용,남,31세,상해없음,보행자,여,55세,중상
2018051900100061,2018년 5월 19일 02시,토요일,전라북도 전주시 덕진구 우아동2가,경상사고,0,0,1,0,차대사람 - 기타,안전운전불이행,건조,맑음,기타 - 기타,승용,남,25세,상해없음,보행자,남,20세,경상
2018051900100086,2018년 5월 19일 04시,토요일,전라북도 군산시 소룡동,경상사고,0,0,1,0,차대차 - 측면충돌,안전운전불이행,건조,맑음,단일로 - 기타,승용,남,52세,기타불명,특수,남,49세,경상
2018051900100156,2018년 5월 19일 08시,토요일,전라북도 전주시 완산구 서신동,경상사고,0,0,2,0,차대차 - 측면충돌,신호위반,건조,맑음,교차로 - 교차로안,승용,남,19세,상해없음,승용,남,52세,경상
2018051900100219,2018년 5월 19일 10시,토요일,전라북도 김제시 청하면,경상사고,0,0,1,0,차량단독 - 전도전복 - 전도,안전운전불이행,건조,맑음,단일로 - 기타,이륜,남,82세,경상,미분류,미분류,미분류,미분류
2018051900100263,2018년 5월 19일 11시,토요일,전라북도 전주시 덕진구 우아동1가,중상사고,0,1,0,0,차대차 - 기타,안전운전불이행,건조,맑음,단일로 - 기타,승용,남,52세,상해없음,자전거,남,64세,중상
2018051900100297,2018년 5월 19일 12시,토요일,전라북도 전주시 덕진구 덕진동1가,경상사고,0,0,1,0,차대차 - 기타,신호위반,건조,맑음,교차로 - 교차로안,승용,남,57세,상해없음,승용,남,31세,경상
2018051900100347,2018년 5월 19일 13시,토요일,전라북도 전주시 완산구 평화동2가,중상사고,0,1,0,0,차대사람 - 횡단중,보행자보호의무위반,건조,맑음,교차로 - 교차로횡단보도내,승용,여,56세,상해없음,보행자,여,55세,중상
2018051900100348,2018년 5월 19일 13시,토요일,전라북도 전주시 완산구 상림동,중상사고,0,1,0,0,차대차 - 측면충돌,신호위반,건조,맑음,교차로 - 교차로안,화물,남,69세,상해없음,승용,여,53세,중상
2018051900100349,2018년 5월 19일 13시,토요일,전라북도 전주시 덕진구 송천동1가,경상사고,0,0,1,0,차대차 - 기타,안전운전불이행,건조,맑음,단일로 - 기타,승용,남,18세,상해없음,승용,남,49세,경상
2018051900100350,2018년 5월 19일 13시,토요일,전라북도 익산시 영등동,경상사고,0,0,1,0,차대차 - 추돌,안전운전불이행,건조,맑음,단일로 - 기타,승용,남,56세,상해없음,승용,여,36세,상해없음
2018051900100399,2018년 5월 19일 14시,토요일,전라북도 전주시 덕진구 덕진동1가,중상사고,0,1,1,0,차대차 - 기타,안전운전불이행,건조,맑음,교차로 - 교차로안,승용,남,19세,상해없음,승용,남,32세,중상
2018051900100400,2018년 5월 19일 14시,토요일,전라북도 부안군 변산면,중상사고,0,1,3,0,차대차 - 정면충돌,중앙선침범,건조,맑음,단일로 - 기타,승용,남,49세,경상,화물,남,60세,경상
2018051900100440,2018년 5월 19일 15시,토요일,전라북도 전주시 덕진구 덕진동1가,경상사고,0,0,1,0,차량단독 - 기타,안전운전불이행,건조,맑음,단일로 - 기타,승합,남,51세,상해없음,,,,
2018051900100441,2018년 5월 19일 15시,토요일,전라북도 김제시 금구면,중상사고,0,1,2,0,차대차 - 추돌,안전거리미확보,건조,맑음,교차로 - 교차로부근,화물,남,57세,상해없음,승용,남,38세,중상
2018051900100476,2018년 5월 19일 16시,토요일,전라북도 익산시 어양동,중상사고,0,1,0,0,차대사람 - 횡단중,보행자보호의무위반,건조,맑음,단일로 - 기타,승용,남,64세,상해없음,보행자,남,7세,중상
2018051900100477,2018년 5월 19일 16시,토요일,전라북도 순창군 금과면,경상사고,0,0,1,0,차량단독 - 공작물충돌,안전운전불이행,건조,맑음,단일로 - 기타,승용,여,58세,경상,,,,
2018051900100603,2018년 5월 19일 19시,토요일,전라북도 남원시 죽항동,경상사고,0,0,1,0,차대차 - 측면충돌,안전운전불이행,건조,맑음,교차로 - 교차로안,승용,남,56세,상해없음,승용,남,42세,경상
2018051900100638,2018년 5월 19일 20시,토요일,전라북도 군산시 문화동,중상사고,0,1,0,0,차대사람 - 차도통행중,안전운전불이행,건조,맑음,단일로 - 기타,승용,남,61세,상해없음,보행자,여,83세,중상
2018051900100670,2018년 5월 19일 21시,토요일,전라북도 정읍시 수성동,경상사고,0,0,1,0,차대차 - 측면충돌,교차로운행방법위반,건조,맑음,교차로 - 교차로안,원동기,남,24세,경상,승용,여,25세,상해없음
2018051900100694,2018년 5월 19일 22시,토요일,전라북도 전주시 덕진구 송천동2가,중상사고,0,1,0,0,차대사람 - 기타,안전운전불이행,건조,맑음,교차로 - 교차로부근,승용,남,34세,상해없음,보행자,남,19세,중상
2018051900100721,2018년 5월 19일 23시,토요일,전라북도 전주시 덕진구 덕진동1가,경상사고,0,0,1,0,차대사람 - 횡단중,안전운전불이행,건조,맑음,기타 - 기타,승용,남,36세,상해없음,보행자,남,25세,경상