사고번호,사고일시,요일,시군구,사고내용,사망자수,중상자수,경상자수,부상신고자수,사고유형,법규위반,노면상태,기상상태,도로형태,가해운전자 차종,가해운전자 성별,가해운전자 연령,가해운전자 상해정도,피해운전자 차종,피해운전자 성별,피해운전자 연령,피해운전자 상해정도
2018051900100722,2018년 5월 19일 23시,토요일,전라북도 군산시 미장동,경상사고,0,0,2,0,차대차 - 기타,신호위반,건조,맑음,교차로 - 교차로안,승용,남,63세,상해없음,승용,남,54세,상해없음
2018052000100058,2018년 5월 20일 04시,일요일,전라북도 전주시 완산구 효자동3가,경상사고,0,0,1,0,차대차 - 추돌,안전운전불이행,건조,맑음,교차로 - 교차로안,승용,남,28세,상해없음,승합,남,63세,경상
2018052000100078,2018년 5월 20일 05시,일요일,전라북도 장수군 장계면,경상사고,0,0,1,0,차량단독 - 전도전복 - 전도,안전운전불이행,건조,맑음,단일로 - 기타,원동기,남,77세,경상,미분류,미분류,미분류,미분류
2018052000100117,2018년 5월 20일 08시,일요일,전라북도 임실군 신덕면,사망사고,1,0,0,0,차량단독 - 공작물충돌,안전운전불이행,건조,맑음,교차로 - 교차로안,농기계,남,78세,사망,,,,
2018052000100171,2018년 5월 20일 11시,일요일,전라북도 정읍시 소성면,경상사고,0,0,2,0,차대차 - 정면충돌,중앙선침범,건조,맑음,단일로 - 기타,승용,남,40세,경상,화물,남,58세,경상
2018052000100222,2018년 5월 20일 13시,일요일,전라북도 군산시 문화동,경상사고,0,0,1,0,차대차 - 측면충돌,중앙선침범,건조,맑음,단일로 - 기타,자전거,남,80세,경상,승용,여,38세,상해없음
2018052000100283,2018년 5월 20일 15시,일요일,전라북도 군산시 소룡동,경상사고,0,0,2,0,차대차 - 추돌,안전운전불이행,건조,맑음,단일로 - 기타,승용,남,53세,상해없음,승용,여,53세,경상
2018052000100284,2018년 5월 20일 15시,일요일,전라북도 익산시 덕기동,경상사고,0,0,3,0,차대차 - 추돌,안전운전불이행,건조,맑음,교차로 - 교차로부근,승용,남,53세,상해없음,승용,남,42세,경상
2018052000100348,2018년 5월 20일 17시,일요일,전라북도 익산시 남중동,경상사고,0,0,1,0,차대사람 - 기타,안전운전불이행,건조,맑음,기타 - 기타,기타불명,기타불명,미분류,기타불명,보행자,여,84세,경상
2018052000100367,2018년 5월 20일 18시,일요일,전라북도 정읍시 북면,경상사고,0,0,1,0,차대차 - 추돌,안전운전불이행,건조,맑음,교차로 - 교차로안,승용,남,66세,상해없음,승용,여,43세,경상
2018052000100391,2018년 5월 20일 19시,일요일,전라북도 전주시 완산구 평화동2가,경상사고,0,0,2,0,차대차 - 측면충돌,교차로운행방법위반,건조,맑음,교차로 - 교차로안,승용,남,20세,상해없음,승용,여,27세,경상
2018052000100392,2018년 5월 20일 19시,일요일,전라북도 김제시 금구면,경상사고,0,0,3,0,차대차 - 추돌,안전운전불이행,건조,맑음,단일로 - 기타,승용,여,37세,경상,승합,남,51세,상해없음
2018052000100426,2018년 5월 20일 20시,일요일,전라북도 익산시 남중동,경상사고,0,0,1,0,차대차 - 측면충돌,안전운전불이행,건조,맑음,단일로 - 기타,승용,여,48세,상해없음,승용,남,79세,경상
2018052000100501,2018년 5월 20일 23시,일요일,전라북도 전주시 덕진구 동산동,중상사고,0,1,1,0,차대차 - 기타,안전운전불이행,건조,맑음,단일로 - 기타,승용,남,25세,상해없음,승용,남,30세,중상
2018052100100005,2018년 5월 21일 00시,월요일,전라북도 전주시 덕진구 덕진동2가,중상사고,0,1,0,0,차대차 - 측면충돌,중앙선침범,건조,맑음,교차로 - 교차로부근,승용,남,24세,상해없음,이륜,남,32세,중상
2018052100100044,2018년 5월 21일 05시,월요일,전라북도 완주군 삼례읍,중상사고,0,1,0,0,차대차 - 기타,신호위반,건조,맑음,교차로 - 교차로안,화물,남,49세,상해없음,화물,남,62세,중상
2018052100100068,2018년 5월 21일 07시,월요일,전라북도 김제시 용지면,경상사고,0,0,1,0,차대차 - 측면충돌,불법유턴,건조,맑음,교차로 - 교차로부근,화물,남,67세,상해없음,화물,남,44세,경상
2018052100100108,2018년 5월 21일 08시,월요일,전라북도 정읍시 과교동,중상사고,0,1,0,0,차대차 - 측면충돌,직진우회전진행방해,건조,맑음,교차로 - 교차로안,화물,남,75세,상해없음,승용,남,69세,중상
2018052100100139,2018년 5월 21일 09시,월요일,전라북도 익산시 동산동,경상사고,0,0,1,0,차대차 - 측면충돌,중앙선침범,건조,맑음,교차로 - 교차로부근,승용,남,54세,상해없음,승용,여,48세,경상
2018052100100140,2018년 5월 21일 09시,월요일,전라북도 무주군 무주읍,경상사고,0,0,1,0,차대차 - 측면충돌,안전운전불이행,건조,맑음,교차로 - 교차로안,화물,남,63세,상해없음,승용,남,59세,경상
2018052100100174,2018년 5월 21일 10시,월요일,전라북도 장수군 산서면,경상사고,0,0,2,0,차대차 - 후진중충돌,안전운전불이행,건조,맑음,교차로 - 교차로안,건설기계,남,48세,상해없음,승용,여,54세,경상
2018052100100211,2018년 5월 21일 11시,월요일,전라북도 전주시 완산구 효자동3가,중상사고,0,1,0,0,차대사람 - 횡단중,보행자보호의무위반,건조,맑음,교차로 - 교차로안,화물,남,40세,상해없음,보행자,남,10세,중상
2018052100100212,2018년 5월 21일 11시,월요일,전라북도 전주시 덕진구 진북동,경상사고,0,0,2,0,차대차 - 추돌,안전거리미확보,건조,맑음,단일로 - 기타,승용,남,21세,상해없음,승용,남,54세,경상
2018052100100213,2018년 5월 21일 11시,월요일,전라북도 전주시 덕진구 송천동2가,경상사고,0,0,1,0,차대사람 - 기타,안전운전불이행,건조,맑음,기타 - 기타,승용,남,58세,기타불명,보행자,남,50세,경상
2018052100100285,2018년 5월 21일 13시,월요일,전라북도 부안군 계화면,경상사고,0,0,3,0,차대차 - 측면충돌,안전거리미확보,건조,맑음,단일로 - 기타,화물,남,69세,경상,화물,남,53세,경상
2018052100100316,2018년 5월 21일 14시,월요일,전라북도 정읍시 북면,중상사고,0,1,0,0,차대사람 - 횡단중,과속,건조,맑음,단일로 - 기타,승용,남,54세,상해없음,보행자,남,3세,중상
2018052100100381,2018년 5월 21일 16시,월요일,전라북도 군산시 지곡동,경상사고,0,0,1,0,차대사람 - 횡단중,보행자보호의무위반,건조,맑음,단일로 - 기타,승용,여,42세,상해없음,보행자,남,7세,경상
2018052100100382,2018년 5월 21일 16시,월요일,전라북도 익산시 팔봉동,경상사고,0,0,1,0,차대차 - 정면충돌,안전거리미확보,건조,맑음,단일로 - 기타,승용,남,57세,상해없음,승용,여,49세,경상
2018052100100383,2018년 5월 21일 16시,월요일,전라북도 순창군 적성면,경상사고,0,0,1,0,차대차 - 추돌,안전운전불이행,건조,맑음,단일로 - 기타,승용,남,76세,상해없음,화물,남,68세,기타불명
2018052100100423,2018년 5월 21일 17시,월요일,전라북도 군산시 나운동,경상사고,0,0,2,0,차대차 - 측면충돌,교차로운행방법위반,건조,맑음,교차로 - 교차로부근,승용,남,24세,상해없음,승용,남,62세,경상
2018052100100557,2018년 5월 21일 21시,월요일,전라북도 정읍시 상동,경상사고,0,0,1,0,차대차 - 추돌,안전거리미확보,건조,맑음,교차로 - 교차로안,승용,여,40세,상해없음,이륜,남,21세,경상
2018052100100591,2018년 5월 21일 22시,월요일,전라북도 전주시 완산구 효자동1가,경상사고,0,0,1,0,차대차 - 추돌,안전거리미확보,건조,맑음,단일로 - 기타,승용,여,50세,상해없음,승용,여,42세,경상
2018052100100592,2018년 5월 21일 22시,월요일,전라북도 군산시 소룡동,경상사고,0,0,4,0,차대차 - 측면충돌,교차로운행방법위반,건조,맑음,교차로 - 교차로부근,승용,남,19세,상해없음,승용,여,35세,경상
2018052100100593,2018년 5월 21일 22시,월요일,전라북도 남원시 도통동,경상사고,0,0,1,0,차대차 - 기타,신호위반,건조,맑음,교차로 - 교차로안,자전거,남,15세,경상,승용,남,55세,상해없음
2018052100100594,2018년 5월 21일 22시,월요일,전라북도 순창군 순창읍,경상사고,0,0,1,0,차대차 - 측면충돌,신호위반,건조,맑음,교차로 - 교차로안,승용,여,39세,상해없음,승용,남,55세,경상
2018052100100623,2018년 5월 21일 23시,월요일,전라북도 익산시 모현동1가,경상사고,0,0,1,0,차대차 - 측면충돌,신호위반,건조,맑음,교차로 - 교차로안,승용,여,34세,상해없음,승용,여,45세,경상
2018052200100043,2018년 5월 22일 02시,화요일,전라북도 전주시 덕진구 반월동,경상사고,0,0,2,0,차대차 - 측면충돌,차로위반,건조,맑음,단일로 - 기타,이륜,남,57세,상해없음,승용,남,57세,경상
2018052200100059,2018년 5월 22일 03시,화요일,전라북도 전주시 완산구 효자동2가,경상사고,0,0,1,0,차대사람 - 횡단중,안전운전불이행,건조,맑음,단일로 - 기타,승용,남,61세,상해없음,보행자,남,22세,경상
2018052200100060,2018년 5월 22일 03시,화요일,전라북도 군산시 산북동,사망사고,1,0,0,0,차량단독 - 주/정차차량 충돌,안전운전불이행,건조,맑음,단일로 - 기타,화물,남,28세,사망,,,,
2018052200100118,2018년 5월 22일 07시,화요일,전라북도 익산시 팔봉동,중상사고,0,1,0,0,차대차 - 측면충돌,신호위반,건조,맑음,교차로 - 교차로안,승용,남,30세,상해없음,승용,여,47세,중상
2018052200100129,2018년 5월 22일 08시,화요일,전라북도 정읍시 상동,중상사고,0,1,2,0,차대차 - 기타,안전운전불이행,건조,맑음,교차로 - 교차로안,승용,여,46세,경상,승용,여,50세,경상
2018052200100154,2018년 5월 22일 09시,화요일,전라북도 군산시 나운동,경상사고,0,0,1,0,차대차 - 기타,안전운전불이행,건조,맑음,교차로 - 교차로부근,승용,여,46세,기타불명,자전거,여,22세,경상
2018052200100155,2018년 5월 22일 09시,화요일,전라북도 군산시 나운동,경상사고,0,0,2,0,차대차 - 기타,안전운전불이행,건조,맑음,교차로 - 교차로안,승용,남,31세,경상,승용,여,46세,경상
2018052200100156,2018년 5월 22일 09시,화요일,전라북도 김제시 백구면,중상사고,0,1,0,0,차대차 - 기타,안전운전불이행,건조,맑음,단일로 - 기타,화물,남,45세,상해없음,화물,남,47세,중상
2018052200100187,2018년 5월 22일 10시,화요일,전라북도 전주시 완산구 효자동3가,중상사고,0,4,0,0,차대차 - 측면충돌,안전운전불이행,건조,맑음,교차로 - 교차로안,승용,남,71세,상해없음,승용,남,43세,중상
2018052200100188,2018년 5월 22일 10시,화요일,전라북도 익산시 여산면,경상사고,0,0,1,0,차대차 - 측면충돌,중앙선침범,건조,맑음,단일로 - 기타,화물,남,36세,상해없음,승용,남,70세,경상
2018052200100189,2018년 5월 22일 10시,화요일,전라북도 김제시 부량면,중상사고,0,1,0,0,차대차 - 추돌,안전운전불이행,건조,맑음,교차로 - 교차로안,화물,남,69세,상해없음,화물,남,43세,중상
2018052200100213,2018년 5월 22일 11시,화요일,전라북도 군산시 오식도동,경상사고,0,0,3,0,차대차 - 추돌,안전운전불이행,건조,맑음,교차로 - 교차로부근,승용,남,74세,상해없음,승용,남,55세,경상
2018052200100243,2018년 5월 22일 12시,화요일,전라북도 익산시 마동,중상사고,0,1,1,0,차대차 - 측면충돌,안전운전불이행,건조,맑음,단일로 - 기타,이륜,남,51세,중상,이륜,남,25세,경상
2018052200100244,2018년 5월 22일 12시,화요일,전라북도 익산시 망성면,경상사고,0,0,1,0,차대차 - 측면충돌,안전운전불이행,건조,맑음,단일로 - 기타,이륜,여,60세,경상,승용,여,41세,상해없음
2018052200100323,2018년 5월 22일 14시,화요일,전라북도 전주시 덕진구 송천동2가,중상사고,0,1,2,0,차대차 - 추돌,안전운전불이행,건조,맑음,단일로 - 기타,화물,남,23세,상해없음,승용,남,46세,상해없음
2018052200100324,2018년 5월 22일 14시,화요일,전라북도 군산시 조촌동,사망사고,1,0,0,0,차대차 - 기타,안전운전불이행,건조,흐림,단일로 - 기타,승용,남,22세,상해없음,이륜,남,49세,사망
2018052200100384,2018년 5월 22일 16시,화요일,전라북도 전주시 완산구 중노송동,중상사고,0,1,0,0,차대사람 - 차도통행중,안전운전불이행,건조,맑음,기타 - 기타,승용,남,41세,상해없음,보행자,남,7세,중상
2018052200100385,2018년 5월 22일 16시,화요일,전라북도 남원시 주생면,경상사고,0,0,1,0,차대차 - 기타,안전거리미확보,건조,맑음,단일로 - 기타,화물,남,66세,상해없음,승용,남,29세,경상
2018052200100419,2018년 5월 22일 17시,화요일,전라북도 익산시 목천동,중상사고,0,2,2,0,차대차 - 정면충돌,중앙선침범,젖음/습기,비,교차로 - 교차로부근,승용,남,54세,경상,화물,남,49세,중상
2018052200100522,2018년 5월 22일 20시,화요일,전라북도 전주시 완산구 서노송동,경상사고,0,0,1,0,차대차 - 정면충돌,신호위반,젖음/습기,비,교차로 - 교차로안,승용,남,71세,상해없음,승용,남,51세,경상
2018052200100523,2018년 5월 22일 20시,화요일,전라북도 전주시 덕진구 금암동,경상사고,0,0,1,0,차대차 - 추돌,안전운전불이행,젖음/습기,비,단일로 - 기타,승용,남,63세,상해없음,승용,여,66세,경상
2018052200100524,2018년 5월 22일 20시,화요일,전라북도 완주군 구이면,경상사고,0,0,1,0,차대사람 - 횡단중,안전운전불이행,건조,맑음,단일로 - 기타,승용,남,27세,상해없음,보행자,남,58세,경상
2018052200100596,2018년 5월 22일 22시,화요일,전라북도 전주시 완산구 효자동3가,사망사고,1,0,0,0,차대사람 - 횡단중,안전운전불이행,젖음/습기,비,교차로 - 교차로부근,승용,여,50세,상해없음,보행자,남,55세,사망
2018052200100597,2018년 5월 22일 22시,화요일,전라북도 남원시 신촌동,중상사고,0,4,1,0,차대차 - 정면충돌,안전운전불이행,젖음/습기,비,단일로 - 기타,승용,남,63세,상해없음,승용,여,43세,중상
2018052300100050,2018년 5월 23일 05시,수요일,전라북도 장수군 계북면,중상사고,0,3,1,0,차대차 - 추돌,안전운전불이행,젖음/습기,비,단일로 - 기타,승합,남,42세,상해없음,건설기계,남,42세,상해없음
2018052300100055,2018년 5월 23일 06시,수요일,전라북도 고창군 해리면,부상신고사고,0,0,0,1,차량단독 - 도로외이탈 - 기타,안전운전불이행,젖음/습기,비,단일로 - 기타,이륜,남,75세,부상신고,,,,
2018052300100083,2018년 5월 23일 07시,수요일,전라북도 장수군 장수읍,중상사고,0,1,1,0,차대차 - 기타,안전운전불이행,젖음/습기,비,기타 - 기타,건설기계,남,46세,상해없음,승용,남,56세,상해없음
2018052300100126,2018년 5월 23일 08시,수요일,전라북도 전주시 덕진구 남정동,중상사고,0,2,0,0,차대차 - 추돌,안전운전불이행,건조,맑음,교차로 - 교차로부근,승용,여,37세,상해없음,승용,남,68세,중상
2018052300100127,2018년 5월 23일 08시,수요일,전라북도 김제시 광활면,경상사고,0,0,1,0,차대사람 - 횡단중,안전운전불이행,건조,맑음,교차로 - 교차로부근,화물,남,57세,상해없음,보행자,여,82세,경상
2018052300100166,2018년 5월 23일 09시,수요일,전라북도 익산시 삼기면,부상신고사고,0,0,0,1,차량단독 - 전도전복 - 전복,안전운전불이행,건조,맑음,교차로 - 교차로부근,승용,남,70세,부상신고,미분류,미분류,미분류,미분류
2018052300100167,2018년 5월 23일 09시,수요일,전라북도 김제시 요촌동,경상사고,0,0,1,0,차대차 - 측면충돌,불법유턴,건조,맑음,교차로 - 교차로안,승용,남,53세,상해없음,승용,남,84세,경상
2018052300100205,2018년 5월 23일 10시,수요일,전라북도 진안군 안천면,사망사고,1,0,0,0,차량단독 - 전도전복 - 전도,안전운전불이행,건조,맑음,단일로 - 기타,농기계,남,82세,상해없음,미분류,미분류,미분류,미분류
2018052300100311,2018년 5월 23일 13시,수요일,전라북도 임실군 관촌면,경상사고,0,0,2,0,차대차 - 측면충돌,안전운전불이행,건조,맑음,교차로 - 교차로부근,농기계,남,80세,상해없음,화물,남,52세,경상
2018052300100343,2018년 5월 23일 14시,수요일,전라북도 정읍시 수성동,경상사고,0,0,1,0,차대차 - 측면충돌,직진우회전진행방해,건조,맑음,교차로 - 교차로안,이륜,남,20세,경상,승용,남,41세,상해없음
2018052300100383,2018년 5월 23일 15시,수요일,전라북도 남원시 운봉읍,중상사고,0,1,0,0,차대차 - 기타,안전운전불이행,건조,맑음,교차로 - 교차로부근,승용,남,76세,상해없음,자전거,남,85세,중상
2018052300100414,2018년 5월 23일 16시,수요일,전라북도 정읍시 덕천면,경상사고,0,0,1,0,차대차 - 측면충돌,중앙선침범,건조,맑음,단일로 - 기타,승용,남,76세,상해없음,승용,남,55세,경상
2018052300100415,2018년 5월 23일 16시,수요일,전라북도 부안군 부안읍,경상사고,0,0,2,0,차대사람 - 횡단중,안전운전불이행,건조,맑음,단일로 - 기타,원동기,여,60세,경상,보행자,여,84세,경상
2018052300100453,2018년 5월 23일 17시,수요일,전라북도 전주시 완산구 평화동2가,경상사고,0,0,1,0,차대사람 - 기타,기타,건조,맑음,단일로 - 기타,승합,남,48세,상해없음,보행자,여,18세,경상
2018052300100454,2018년 5월 23일 17시,수요일,전라북도 익산시 중앙동3가,경상사고,0,0,1,0,차대차 - 측면충돌,안전운전불이행,건조,맑음,교차로 - 교차로안,승합,남,49세,상해없음,자전거,남,65세,경상
2018052300100513,2018년 5월 23일 18시,수요일,전라북도 전주시 덕진구 우아동3가,경상사고,0,0,2,0,차대차 - 추돌,안전운전불이행,건조,맑음,단일로 - 기타,승용,남,47세,상해없음,승용,여,30세,경상
2018052300100514,2018년 5월 23일 18시,수요일,전라북도 익산시 함열읍,경상사고,0,0,1,0,차대차 - 측면충돌,안전운전불이행,건조,맑음,교차로 - 교차로부근,승용,남,72세,상해없음,승용,여,53세,경상
2018052300100515,2018년 5월 23일 18시,수요일,전라북도 부안군 부안읍,경상사고,0,0,1,0,차대차 - 측면충돌,신호위반,건조,맑음,교차로 - 교차로안,승용,여,45세,상해없음,자전거,남,17세,경상
2018052300100560,2018년 5월 23일 19시,수요일,전라북도 전주시 덕진구 진북동,경상사고,0,0,2,0,차대차 - 측면충돌,안전거리미확보,건조,맑음,교차로 - 교차로안,화물,남,36세,상해없음,승용,남,70세,경상
2018052300100561,2018년 5월 23일 19시,수요일,전라북도 김제시 백구면,경상사고,0,0,2,0,차대차 - 추돌,안전운전불이행,건조,맑음,단일로 - 기타,승용,여,31세,상해없음,승용,여,57세,경상
2018052300100591,2018년 5월 23일 20시,수요일,전라북도 군산시 신창동,경상사고,0,0,1,0,차대사람 - 기타,안전운전불이행,건조,맑음,단일로 - 기타,승용,여,24세,상해없음,보행자,남,61세,경상
2018052300100638,2018년 5월 23일 22시,수요일,전라북도 정읍시 시기동,중상사고,0,1,0,0,차대차 - 추돌,안전운전불이행,건조,맑음,단일로 - 기타,이륜,여,62세,상해없음,자전거,여,71세,중상
2018052300100654,2018년 5월 23일 23시,수요일,전라북도 전주시 완산구 효자동2가,중상사고,0,1,0,0,차대차 - 정면충돌,신호위반,건조,맑음,교차로 - 교차로안,승용,여,31세,상해없음,승용,여,49세,중상
2018052300100655,2018년 5월 23일 23시,수요일,전라북도 전주시 덕진구 송천동2가,경상사고,0,0,4,0,차대차 - 측면충돌,신호위반,건조,맑음,교차로 - 교차로안,승용,남,72세,상해없음,승용,남,30세,경상
2018052400100028,2018년 5월 24일 02시,목요일,전라북도 전주시 완산구 상림동,경상사고,0,0,4,0,차대차 - 추돌,안전운전불이행,건조,맑음,단일로 - 기타,승용,남,34세,상해없음,승용,남,44세,경상
2018052400100166,2018년 5월 24일 09시,목요일,전라북도 정읍시 태인면,경상사고,0,0,2,0,차대차 - 측면충돌,안전거리미확보,건조,맑음,단일로 - 기타,승용,남,66세,경상,승용,여,27세,경상
2018052400100265,2018년 5월 24일 12시,목요일,전라북도 군산시 나운동,경상사고,0,0,1,0,차대사람 - 기타,안전운전불이행,건조,맑음,기타 - 기타,승용,여,69세,상해없음,보행자,여,70세,경상
2018052400100326,2018년 5월 24일 14시,목요일,전라북도 김제시 용지면,중상사고,0,1,0,0,차대차 - 측면충돌,신호위반,건조,맑음,교차로 - 교차로안,화물,남,45세,상해없음,이륜,남,69세,중상
2018052400100327,2018년 5월 24일 14시,목요일,전라북도 김제시 서암동,경상사고,0,0,1,0,차대차 - 측면충돌,차로위반,건조,맑음,단일로 - 기타,승용,남,61세,상해없음,승용,남,48세,경상
2018052400100328,2018년 5월 24일 14시,목요일,전라북도 임실군 관촌면,중상사고,0,1,4,0,차대차 - 추돌,안전운전불이행,건조,맑음,교차로 - 교차로부근,화물,남,59세,상해없음,승용,남,60세,경상
2018052400100351,2018년 5월 24일 15시,목요일,전라북도 전주시 덕진구 인후동1가,중상사고,0,1,1,0,차대차 - 측면충돌,안전운전불이행,건조,맑음,교차로 - 교차로안,승용,여,36세,상해없음,승용,남,33세,경상
2018052400100353,2018년 5월 24일 15시,목요일,전라북도 부안군 부안읍,중상사고,0,1,0,0,차대사람 - 기타,안전운전불이행,건조,맑음,교차로 - 교차로부근,승용,남,38세,상해없음,보행자,여,85세,중상
2018052400100354,2018년 5월 24일 15시,목요일,전라북도 임실군 오수면,중상사고,0,1,0,0,차대사람 - 기타,안전운전불이행,건조,맑음,기타 - 기타,승용,여,41세,상해없음,보행자,남,56세,중상
2018052400100390,2018년 5월 24일 16시,목요일,전라북도 전주시 덕진구 인후동1가,경상사고,0,0,2,0,차대차 - 측면충돌,중앙선침범,건조,맑음,단일로 - 기타,승용,여,63세,상해없음,승용,남,68세,경상
2018052400100478,2018년 5월 24일 18시,목요일,전라북도 군산시 조촌동,중상사고,0,1,0,0,차대차 - 기타,중앙선침범,건조,맑음,단일로 - 기타,승용,여,48세,상해없음,승용,남,32세,중상
2018052400100479,2018년 5월 24일 18시,목요일,전라북도 부안군 보안면,중상사고,0,1,0,0,차대사람 - 횡단중,안전운전불이행,건조,맑음,교차로 - 교차로안,화물,남,59세,상해없음,보행자,남,85세,중상
2018052400100624,2018년 5월 24일 23시,목요일,전라북도 익산시 어양동,경상사고,0,0,2,0,차대차 - 추돌,안전운전불이행,건조,맑음,단일로 - 기타,화물,남,39세,상해없음,승용,여,69세,경상
2018052500100073,2018년 5월 25일 06시,금요일,전라북도 군산시 미룡동,경상사고,0,0,1,0,차대차 - 기타,안전운전불이행,건조,맑음,단일로 - 기타,화물,남,49세,상해없음,화물,남,50세,상해없음
2018052500100095,2018년 5월 25일 07시,금요일,전라북도 진안군 진안읍,사망사고,1,2,0,0,차량단독 - 기타,안전운전불이행,건조,맑음,교차로 - 교차로안,승용,여,56세,사망,,,,
2018052500100124,2018년 5월 25일 08시,금요일,전라북도 진안군 진안읍,중상사고,0,1,1,0,차대차 - 측면충돌,직진우회전진행방해,건조,맑음,교차로 - 교차로안,승용,남,44세,경상,승용,남,34세,중상
2018052500100166,2018년 5월 25일 09시,금요일,전라북도 전주시 덕진구 반월동,경상사고,0,0,1,0,차대차 - 측면충돌,교차로운행방법위반,건조,맑음,교차로 - 교차로안,건설기계,남,51세,상해없음,승용,여,41세,경상
2018052500100208,2018년 5월 25일 10시,금요일,전라북도 정읍시 시기동,중상사고,0,1,0,0,차대차 - 기타,신호위반,건조,맑음,교차로 - 교차로안,승용,여,49세,상해없음,원동기,남,77세,중상
2018052500100274,2018년 5월 25일 12시,금요일,전라북도 무주군 무주읍,경상사고,0,0,2,0,차대차 - 측면충돌,신호위반,건조,맑음,교차로 - 교차로안,화물,남,30세,경상,승용,남,31세,경상
2018052500100303,2018년 5월 25일 13시,금요일,전라북도 전주시 완산구 서신동,경상사고,0,0,1,0,차대차 - 추돌,안전운전불이행,건조,맑음,단일로 - 기타,승용,남,49세,상해없음,승용,남,44세,경상
2018052500100304,2018년 5월 25일 13시,금요일,전라북도 순창군 풍산면,경상사고,0,0,1,0,차대차 - 측면충돌,안전운전불이행,건조,맑음,교차로 - 교차로안,화물,여,55세,경상,승용,남,37세,상해없음
2018052500100305,2018년 5월 25일 13시,금요일,전라북도 무주군 무풍면,사망사고,1,0,0,0,차량단독 - 공작물충돌,안전운전불이행,건조,맑음,단일로 - 지하차도(도로)내,화물,남,72세,사망,,,,
2018052500100344,2018년 5월 25일 14시,금요일,전라북도 완주군 삼례읍,중상사고,0,2,0,0,차대차 - 측면충돌,신호위반,건조,맑음,교차로 - 교차로안,화물,남,57세,상해없음,이륜,남,81세,중상
2018052500100553,2018년 5월 25일 19시,금요일,전라북도 전주시 덕진구 우아동1가,경상사고,0,0,1,0,차대차 - 측면충돌,안전운전불이행,건조,맑음,교차로 - 교차로안,승용,여,60세,상해없음,승용,남,49세,경상
2018052500100582,2018년 5월 25일 20시,금요일,전라북도 익산시 신동,경상사고,0,0,3,0,차대차 - 측면충돌,안전운전불이행,건조,맑음,교차로 - 교차로안,승용,여,55세,경상,승용,남,40세,경상
2018052500100622,2018년 5월 25일 21시,금요일,전라북도 전주시 완산구 효자동3가,경상사고,0,0,1,0,차대차 - 측면충돌,교차로운행방법위반,건조,맑음,교차로 - 교차로안,승용,남,57세,상해없음,화물,남,54세,경상
2018052500100623,2018년 5월 25일 21시,금요일,전라북도 부안군 백산면,중상사고,0,1,0,0,차량단독 - 공작물충돌,안전운전불이행,건조,맑음,교차로 - 교차로안,원동기,남,72세,중상,,,,
2018052500100680,2018년 5월 25일 23시,금요일,전라북도 익산시 신동,경상사고,0,0,1,0,차대차 - 측면충돌,안전운전불이행,건조,맑음,교차로 - 교차로부근,승용,남,22세,기타불명,이륜,남,26세,경상
2018052600100121,2018년 5월 26일 07시,토요일,전라북도 전주시 완산구 효자동3가,중상사고,0,1,0,0,차대차 - 측면충돌,신호위반,건조,맑음,교차로 - 교차로안,승용,남,52세,상해없음,승용,여,23세,중상
2018052600100122,2018년 5월 26일 07시,토요일,전라북도 군산시 나운동,경상사고,0,0,1,0,차대차 - 측면충돌,중앙선침범,건조,맑음,단일로 - 기타,승용,여,21세,상해없음,승용,남,64세,경상
2018052600100146,2018년 5월 26일 08시,토요일,전라북도 익산시 신동,경상사고,0,0,1,0,차대차 - 추돌,안전운전불이행,건조,맑음,단일로 - 기타,화물,남,38세,상해없음,승용,여,45세,경상
2018052600100172,2018년 5월 26일 09시,토요일,전라북도 정읍시 태인면,경상사고,0,0,1,0,차대차 - 추돌,안전운전불이행,건조,맑음,단일로 - 기타,승용,남,39세,상해없음,화물,남,48세,경상
2018052600100212,2018년 5월 26일 10시,토요일,전라북도 전주시 완산구 평화동2가,중상사고,0,1,0,0,차대사람 - 횡단중,신호위반,건조,맑음,교차로 - 교차로횡단보도내,승용,남,60세,상해없음,보행자,여,82세,중상
2018052600100213,2018년 5월 26일 10시,토요일,전라북도 군산시 회현면,경상사고,0,0,1,0,차대사람 - 기타,안전운전불이행,건조,맑음,기타 - 기타,승용,남,67세,상해없음,보행자,여,86세,경상
2018052600100280,2018년 5월 26일 12시,토요일,전라북도 군산시 지곡동,중상사고,0,1,0,0,차대사람 - 기타,안전운전불이행,건조,맑음,단일로 - 기타,승용,여,59세,상해없음,보행자,남,16세,중상
2018052600100320,2018년 5월 26일 13시,토요일,전라북도 군산시 삼학동,경상사고,0,0,2,0,차대차 - 추돌,교차로운행방법위반,건조,맑음,교차로 - 교차로안,승용,여,47세,상해없음,승용,남,67세,경상
2018052600100391,2018년 5월 26일 15시,토요일,전라북도 전주시 덕진구 덕진동1가,중상사고,0,1,0,0,차대차 - 측면충돌,직진우회전진행방해,건조,맑음,교차로 - 교차로안,승용,여,27세,상해없음,승용,여,45세,중상
2018052600100392,2018년 5월 26일 15시,토요일,전라북도 익산시 팔봉동,경상사고,0,0,4,0,차대차 - 측면충돌,신호위반,건조,맑음,교차로 - 교차로안,화물,남,47세,상해없음,승용,여,33세,경상