사고번호,사고일시,요일,시군구,사고내용,사망자수,중상자수,경상자수,부상신고자수,사고유형,법규위반,노면상태,기상상태,도로형태,가해운전자 차종,가해운전자 성별,가해운전자 연령,가해운전자 상해정도,피해운전자 차종,피해운전자 성별,피해운전자 연령,피해운전자 상해정도
2018052600100439,2018년 5월 26일 16시,토요일,전라북도 익산시 남중동,경상사고,0,0,1,0,차대사람 - 길가장자리구역통행중,안전운전불이행,건조,맑음,단일로 - 기타,승용,여,57세,상해없음,보행자,여,61세,경상
2018052600100440,2018년 5월 26일 16시,토요일,전라북도 고창군 고창읍,경상사고,0,0,1,0,차대사람 - 차도통행중,안전운전불이행,건조,맑음,단일로 - 기타,승용,여,60세,상해없음,보행자,여,72세,경상
2018052600100540,2018년 5월 26일 18시,토요일,전라북도 전주시 덕진구 송천동2가,부상신고사고,0,0,0,1,차대사람 - 차도통행중,안전운전불이행,건조,맑음,기타 - 기타,승용,여,42세,상해없음,보행자,남,50세,부상신고
2018052600100615,2018년 5월 26일 21시,토요일,전라북도 익산시 어양동,경상사고,0,0,1,0,차대사람 - 차도통행중,안전운전불이행,건조,맑음,단일로 - 기타,승용,여,42세,상해없음,보행자,남,23세,경상
2018052700100012,2018년 5월 27일 00시,일요일,전라북도 익산시 신동,경상사고,0,0,2,0,차대사람 - 차도통행중,안전운전불이행,건조,맑음,단일로 - 기타,승용,남,63세,상해없음,보행자,남,30세,경상
2018052700100073,2018년 5월 27일 05시,일요일,전라북도 정읍시 상평동,경상사고,0,0,2,0,차대차 - 측면충돌,안전운전불이행,건조,맑음,기타 - 기타,승용,남,18세,상해없음,승합,남,59세,상해없음
2018052700100089,2018년 5월 27일 07시,일요일,전라북도 정읍시 칠보면,중상사고,0,2,0,0,차대차 - 정면충돌,중앙선침범,건조,맑음,단일로 - 기타,승용,여,36세,중상,화물,남,44세,중상
2018052700100136,2018년 5월 27일 10시,일요일,전라북도 고창군 심원면,중상사고,0,1,0,0,차대차 - 정면충돌,안전운전불이행,건조,맑음,단일로 - 기타,화물,여,55세,상해없음,이륜,여,51세,중상
2018052700100155,2018년 5월 27일 11시,일요일,전라북도 군산시 옥도면,경상사고,0,0,1,0,차대사람 - 차도통행중,안전운전불이행,기타,맑음,단일로 - 교량,이륜,남,24세,상해없음,보행자,여,9세,경상
2018052700100156,2018년 5월 27일 11시,일요일,전라북도 군산시 조촌동,중상사고,0,1,0,0,차대차 - 측면충돌,안전운전불이행,건조,맑음,교차로 - 교차로횡단보도내,승용,남,56세,상해없음,자전거,남,74세,중상
2018052700100157,2018년 5월 27일 11시,일요일,전라북도 순창군 쌍치면,중상사고,0,1,6,0,차대차 - 정면충돌,중앙선침범,건조,맑음,단일로 - 기타,화물,남,58세,경상,승용,남,62세,경상
2018052700100181,2018년 5월 27일 12시,일요일,전라북도 김제시 신풍동,경상사고,0,0,1,0,차대차 - 측면충돌,안전운전불이행,건조,맑음,교차로 - 교차로안,승용,남,55세,상해없음,승용,남,48세,경상
2018052700100201,2018년 5월 27일 13시,일요일,전라북도 익산시 부송동,경상사고,0,0,1,0,차대차 - 측면충돌,신호위반,건조,맑음,교차로 - 교차로안,화물,남,61세,상해없음,승용,남,27세,경상
2018052700100202,2018년 5월 27일 13시,일요일,전라북도 완주군 봉동읍,중상사고,0,1,1,0,차대차 - 정면충돌,중앙선침범,건조,맑음,단일로 - 기타,승용,남,21세,경상,승용,남,47세,중상
2018052700100280,2018년 5월 27일 16시,일요일,전라북도 부안군 부안읍,경상사고,0,0,1,0,차대차 - 정면충돌,안전운전불이행,건조,맑음,교차로 - 교차로안,자전거,여,9세,경상,승용,남,24세,상해없음
2018052700100309,2018년 5월 27일 17시,일요일,전라북도 전주시 완산구 경원동2가,중상사고,0,1,0,0,차대사람 - 기타,기타,건조,맑음,기타 - 기타,승용,남,53세,상해없음,보행자,여,24세,중상
2018052700100376,2018년 5월 27일 20시,일요일,전라북도 임실군 운암면,중상사고,0,1,1,0,차대차 - 추돌,안전운전불이행,건조,맑음,단일로 - 고가도로위,승용,여,46세,경상,승용,여,61세,중상
2018052700100377,2018년 5월 27일 20시,일요일,전라북도 임실군 운암면,경상사고,0,0,2,0,차대차 - 추돌,안전운전불이행,건조,맑음,단일로 - 고가도로위,승용,남,59세,상해없음,화물,남,56세,경상
2018052700100403,2018년 5월 27일 21시,일요일,전라북도 전주시 완산구 중노송동,중상사고,0,1,0,0,차대차 - 기타,기타,건조,기타,단일로 - 기타,승용,남,58세,상해없음,자전거,여,37세,중상
2018052800100085,2018년 5월 28일 07시,월요일,전라북도 군산시 월명동,중상사고,0,1,4,0,차대차 - 기타,교차로운행방법위반,건조,맑음,교차로 - 교차로안,승합,남,50세,상해없음,화물,남,47세,중상
2018052800100126,2018년 5월 28일 08시,월요일,전라북도 전주시 완산구 서신동,경상사고,0,0,2,0,차대차 - 추돌,안전거리미확보,건조,맑음,단일로 - 기타,승용,남,48세,상해없음,승용,여,38세,경상
2018052800100127,2018년 5월 28일 08시,월요일,전라북도 고창군 무장면,경상사고,0,0,3,0,차대차 - 측면충돌,신호위반,건조,맑음,교차로 - 교차로안,승용,남,33세,경상,화물,남,70세,경상
2018052800100173,2018년 5월 28일 09시,월요일,전라북도 익산시 오산면,중상사고,0,1,2,0,차대차 - 기타,안전거리미확보,건조,맑음,교차로 - 교차로부근,승용,남,63세,상해없음,승용,남,44세,중상
2018052800100174,2018년 5월 28일 09시,월요일,전라북도 남원시 주생면,중상사고,0,1,0,0,차대차 - 측면충돌,기타,건조,맑음,단일로 - 기타,승용,남,52세,상해없음,이륜,남,73세,중상
2018052800100205,2018년 5월 28일 10시,월요일,전라북도 전주시 덕진구 덕진동1가,경상사고,0,0,2,0,차대차 - 측면충돌,신호위반,건조,맑음,교차로 - 교차로안,승용,여,51세,상해없음,승용,남,76세,경상
2018052800100234,2018년 5월 28일 11시,월요일,전라북도 완주군 용진읍,경상사고,0,0,1,0,차대차 - 추돌,안전운전불이행,건조,맑음,단일로 - 기타,승용,여,58세,상해없음,농기계,남,68세,경상
2018052800100322,2018년 5월 28일 14시,월요일,전라북도 남원시 조산동,중상사고,0,1,0,0,차대차 - 기타,안전운전불이행,건조,맑음,단일로 - 기타,승용,여,45세,상해없음,자전거,남,74세,중상
2018052800100357,2018년 5월 28일 15시,월요일,전라북도 군산시 장미동,경상사고,0,0,2,0,차대차 - 추돌,안전운전불이행,건조,맑음,단일로 - 기타,승용,남,71세,상해없음,승용,남,60세,경상
2018052800100358,2018년 5월 28일 15시,월요일,전라북도 정읍시 상동,중상사고,0,1,0,0,차대차 - 기타,교차로운행방법위반,건조,맑음,교차로 - 교차로안,승용,남,46세,상해없음,자전거,여,74세,중상
2018052800100440,2018년 5월 28일 17시,월요일,전라북도 군산시 옥구읍,중상사고,0,1,0,0,차대차 - 기타,안전운전불이행,건조,맑음,단일로 - 기타,승용,여,48세,상해없음,원동기,남,69세,중상
2018052800100481,2018년 5월 28일 18시,월요일,전라북도 전주시 완산구 효자동3가,경상사고,0,0,2,0,차대차 - 측면충돌,차로위반,건조,맑음,기타 - 기타,승용,여,39세,기타불명,승용,남,23세,경상
2018052800100482,2018년 5월 28일 18시,월요일,전라북도 김제시 백산면,경상사고,0,0,4,0,차대차 - 추돌,안전운전불이행,건조,맑음,교차로 - 교차로부근,승용,여,60세,경상,승용,여,52세,경상
2018052800100483,2018년 5월 28일 18시,월요일,전라북도 장수군 번암면,중상사고,0,1,0,0,차대차 - 측면충돌,중앙선침범,건조,맑음,기타 - 기타,이륜,남,67세,중상,화물,남,64세,상해없음
2018052800100486,2018년 5월 28일 18시,월요일,전라북도 익산시 여산면,중상사고,0,1,0,0,차대차 - 추돌,안전운전불이행,건조,맑음,단일로 - 기타,화물,남,31세,상해없음,승용,여,52세,중상
2018052800100519,2018년 5월 28일 19시,월요일,전라북도 전주시 덕진구 덕진동2가,경상사고,0,0,1,0,차대차 - 기타,불법유턴,건조,맑음,단일로 - 기타,승용,여,52세,상해없음,승용,남,39세,경상
2018052800100520,2018년 5월 28일 19시,월요일,전라북도 군산시 수송동,경상사고,0,0,2,0,차대차 - 후진중충돌,안전운전불이행,건조,맑음,교차로 - 교차로부근,승용,여,21세,경상,승용,여,47세,경상
2018052800100551,2018년 5월 28일 20시,월요일,전라북도 전주시 완산구 색장동,경상사고,0,0,1,0,차대차 - 기타,안전운전불이행,건조,맑음,단일로 - 기타,승용,여,58세,상해없음,농기계,남,77세,경상
2018052800100604,2018년 5월 28일 22시,월요일,전라북도 전주시 완산구 삼천동1가,경상사고,0,0,1,0,차대차 - 측면충돌,교차로운행방법위반,건조,맑음,교차로 - 교차로안,승용,남,28세,상해없음,승용,여,64세,경상
2018052800100605,2018년 5월 28일 22시,월요일,전라북도 부안군 동진면,경상사고,0,0,1,0,차량단독 - 공작물충돌,안전운전불이행,건조,기타,교차로 - 교차로부근,화물,남,73세,경상,,,,
2018052800100626,2018년 5월 28일 23시,월요일,전라북도 익산시 영등동,경상사고,0,0,1,0,차대차 - 측면충돌,직진우회전진행방해,건조,맑음,교차로 - 교차로안,승용,여,27세,상해없음,화물,남,39세,경상
2018052900100045,2018년 5월 29일 06시,화요일,전라북도 익산시 모현동1가,중상사고,0,1,0,0,차대사람 - 횡단중,안전운전불이행,건조,맑음,교차로 - 교차로부근,승용,여,59세,상해없음,보행자,여,75세,중상
2018052900100103,2018년 5월 29일 08시,화요일,전라북도 익산시 함라면,경상사고,0,0,1,0,차대차 - 측면충돌,신호위반,건조,맑음,교차로 - 교차로안,화물,남,49세,상해없음,승용,남,26세,경상
2018052900100104,2018년 5월 29일 08시,화요일,전라북도 김제시 서암동,중상사고,0,1,0,0,차대차 - 측면충돌,직진우회전진행방해,건조,맑음,교차로 - 교차로안,승용,남,74세,상해없음,원동기,남,61세,중상
2018052900100170,2018년 5월 29일 10시,화요일,전라북도 무주군 무풍면,경상사고,0,0,1,0,차량단독 - 전도전복 - 전도,안전운전불이행,건조,맑음,단일로 - 기타,화물,남,58세,경상,미분류,미분류,미분류,미분류
2018052900100171,2018년 5월 29일 10시,화요일,전라북도 완주군 용진읍,경상사고,0,0,1,0,차대차 - 측면충돌,안전운전불이행,건조,맑음,단일로 - 기타,이륜,남,80세,경상,승용,여,48세,상해없음
2018052900100197,2018년 5월 29일 11시,화요일,전라북도 부안군 부안읍,중상사고,0,1,0,0,차대차 - 측면충돌,안전운전불이행,건조,맑음,단일로 - 기타,승용,여,72세,상해없음,이륜,남,63세,중상
2018052900100225,2018년 5월 29일 12시,화요일,전라북도 완주군 화산면,사망사고,1,0,1,0,차량단독 - 공작물충돌,안전운전불이행,건조,맑음,단일로 - 기타,사륜오토바이(ATV),남,80세,경상,,,,
2018052900100256,2018년 5월 29일 13시,화요일,전라북도 전주시 완산구 중노송동,경상사고,0,0,2,0,차대차 - 기타,안전운전불이행,건조,맑음,단일로 - 기타,승용,남,73세,경상,승용,남,60세,경상
2018052900100291,2018년 5월 29일 14시,화요일,전라북도 임실군 오수면,중상사고,0,1,0,0,차대차 - 측면충돌,교차로운행방법위반,건조,맑음,교차로 - 교차로안,승용,남,63세,상해없음,승용,여,36세,중상
2018052900100365,2018년 5월 29일 16시,화요일,전라북도 전주시 덕진구 인후동1가,중상사고,0,1,0,0,차대차 - 측면충돌,신호위반,건조,맑음,교차로 - 교차로안,승용,남,47세,상해없음,이륜,여,52세,중상
2018052900100367,2018년 5월 29일 16시,화요일,전라북도 익산시 함열읍,경상사고,0,0,1,0,차대차 - 측면충돌,중앙선침범,건조,맑음,교차로 - 교차로안,화물,남,48세,상해없음,화물,남,25세,경상
2018052900100368,2018년 5월 29일 16시,화요일,전라북도 김제시 신곡동,중상사고,0,1,0,0,차대차 - 측면충돌,안전운전불이행,건조,맑음,단일로 - 기타,승용,남,57세,상해없음,자전거,남,77세,중상
2018052900100454,2018년 5월 29일 18시,화요일,전라북도 군산시 소룡동,부상신고사고,0,0,0,1,차대사람 - 기타,안전운전불이행,건조,맑음,단일로 - 기타,기타불명,기타불명,미분류,기타불명,보행자,남,20세,부상신고
2018052900100455,2018년 5월 29일 18시,화요일,전라북도 정읍시 연지동,경상사고,0,0,1,0,차대사람 - 횡단중,보행자보호의무위반,건조,맑음,교차로 - 교차로부근,화물,남,69세,상해없음,보행자,여,65세,경상
2018052900100492,2018년 5월 29일 19시,화요일,전라북도 김제시 금구면,경상사고,0,0,1,0,차대차 - 측면충돌,안전거리미확보,건조,맑음,단일로 - 기타,승용,여,67세,상해없음,승용,여,28세,경상
2018052900100530,2018년 5월 29일 20시,화요일,전라북도 전주시 덕진구 덕진동2가,경상사고,0,0,2,0,차대사람 - 보도통행중,신호위반,건조,맑음,교차로 - 교차로횡단보도내,원동기,남,22세,상해없음,보행자,남,2세,경상
2018052900100531,2018년 5월 29일 20시,화요일,전라북도 정읍시 연지동,경상사고,0,0,1,0,차대차 - 측면충돌,중앙선침범,건조,맑음,교차로 - 교차로부근,화물,남,42세,상해없음,승용,여,54세,경상
2018052900100532,2018년 5월 29일 20시,화요일,전라북도 정읍시 입암면,중상사고,0,1,1,0,차대차 - 추돌,중앙선침범,건조,맑음,단일로 - 기타,농기계,남,79세,중상,승용,남,29세,경상
2018053000100049,2018년 5월 30일 05시,수요일,전라북도 정읍시 시기동,경상사고,0,0,4,0,차대차 - 측면충돌,직진우회전진행방해,건조,맑음,교차로 - 교차로안,승합,남,60세,경상,승용,남,64세,경상
2018053000100070,2018년 5월 30일 06시,수요일,전라북도 전주시 완산구 태평동,경상사고,0,0,4,0,차대차 - 기타,신호위반,건조,맑음,교차로 - 교차로안,화물,남,51세,상해없음,승용,남,39세,경상
2018053000100123,2018년 5월 30일 08시,수요일,전라북도 전주시 덕진구 덕진동1가,경상사고,0,0,2,0,차대차 - 기타,교차로운행방법위반,젖음/습기,비,교차로 - 교차로안,승용,남,59세,상해없음,승합,남,41세,경상
2018053000100124,2018년 5월 30일 08시,수요일,전라북도 익산시 황등면,경상사고,0,0,3,0,차대차 - 추돌,안전운전불이행,건조,맑음,단일로 - 기타,승용,남,60세,상해없음,승용,남,22세,경상
2018053000100125,2018년 5월 30일 08시,수요일,전라북도 임실군 운암면,경상사고,0,0,2,0,차대차 - 추돌,안전거리미확보,건조,맑음,단일로 - 기타,화물,남,63세,상해없음,승용,여,66세,경상
2018053000100126,2018년 5월 30일 08시,수요일,전라북도 진안군 부귀면,중상사고,0,2,0,0,차량단독 - 공작물충돌,안전운전불이행,건조,흐림,단일로 - 기타,화물,남,60세,중상,,,,
2018053000100165,2018년 5월 30일 09시,수요일,전라북도 익산시 임상동,사망사고,1,0,0,0,차대차 - 측면충돌,중앙선침범,건조,맑음,단일로 - 기타,자전거,남,81세,사망,승용,남,55세,상해없음
2018053000100192,2018년 5월 30일 10시,수요일,전라북도 김제시 죽산면,중상사고,0,1,0,0,차대사람 - 기타,안전운전불이행,건조,맑음,단일로 - 기타,화물,남,61세,상해없음,보행자,여,81세,중상
2018053000100246,2018년 5월 30일 12시,수요일,전라북도 전주시 덕진구 우아동3가,중상사고,0,2,2,0,차대차 - 추돌,안전운전불이행,젖음/습기,흐림,단일로 - 기타,승용,남,67세,상해없음,승용,남,65세,경상
2018053000100273,2018년 5월 30일 13시,수요일,전라북도 군산시 지곡동,경상사고,0,0,1,0,차대사람 - 횡단중,보행자보호의무위반,건조,맑음,단일로 - 기타,승용,여,43세,상해없음,보행자,남,11세,경상
2018053000100274,2018년 5월 30일 13시,수요일,전라북도 순창군 동계면,중상사고,0,1,2,0,차대차 - 정면충돌,중앙선침범,건조,맑음,단일로 - 기타,승용,남,66세,경상,승용,남,58세,경상
2018053000100366,2018년 5월 30일 15시,수요일,전라북도 전주시 덕진구 우아동2가,경상사고,0,0,1,0,차대사람 - 횡단중,보행자보호의무위반,건조,맑음,교차로 - 교차로안,승합,남,41세,상해없음,보행자,여,7세,경상
2018053000100411,2018년 5월 30일 16시,수요일,전라북도 전주시 완산구 고사동,경상사고,0,0,1,0,차대차 - 측면충돌,안전운전불이행,건조,맑음,교차로 - 교차로안,승용,남,68세,상해없음,승용,남,76세,경상
2018053000100412,2018년 5월 30일 16시,수요일,전라북도 익산시 모현동1가,경상사고,0,0,1,0,차대사람 - 횡단중,안전운전불이행,건조,맑음,단일로 - 기타,승용,여,58세,상해없음,보행자,여,11세,경상
2018053000100447,2018년 5월 30일 17시,수요일,전라북도 정읍시 칠보면,경상사고,0,0,1,0,차대차 - 후진중충돌,안전운전불이행,건조,맑음,주차장 - 주차장,화물,남,64세,상해없음,승용,남,58세,경상
2018053000100497,2018년 5월 30일 18시,수요일,전라북도 전주시 덕진구 송천동2가,중상사고,0,1,0,0,차대차 - 측면충돌,안전운전불이행,건조,맑음,교차로 - 교차로안,승용,남,28세,상해없음,기타불명,남,83세,중상
2018053000100498,2018년 5월 30일 18시,수요일,전라북도 익산시 어양동,경상사고,0,0,1,0,차대차 - 측면충돌,안전운전불이행,건조,맑음,교차로 - 교차로안,승용,여,48세,상해없음,승용,남,46세,경상
2018053000100562,2018년 5월 30일 20시,수요일,전라북도 익산시 여산면,중상사고,0,5,0,0,차대차 - 정면충돌,중앙선침범,건조,맑음,단일로 - 기타,승용,남,67세,상해없음,승용,여,48세,중상
2018053000100589,2018년 5월 30일 21시,수요일,전라북도 익산시 신동,경상사고,0,0,1,0,차대차 - 측면충돌,안전운전불이행,건조,맑음,교차로 - 교차로부근,승용,남,37세,상해없음,승용,여,34세,경상
2018053100100011,2018년 5월 31일 00시,목요일,전라북도 전주시 완산구 평화동1가,경상사고,0,0,1,0,차대차 - 정면충돌,중앙선침범,건조,맑음,단일로 - 기타,승용,남,24세,상해없음,승용,남,61세,경상
2018053100100090,2018년 5월 31일 07시,목요일,전라북도 군산시 경장동,경상사고,0,0,2,0,차대차 - 기타,신호위반,건조,맑음,교차로 - 교차로안,화물,남,66세,상해없음,승용,남,26세,경상
2018053100100145,2018년 5월 31일 08시,목요일,전라북도 부안군 보안면,중상사고,0,1,0,0,차대차 - 측면충돌,직진우회전진행방해,건조,맑음,교차로 - 교차로안,원동기,남,82세,중상,승용,남,56세,상해없음
2018053100100207,2018년 5월 31일 09시,목요일,전라북도 전주시 덕진구 인후동2가,경상사고,0,0,1,0,차대차 - 측면충돌,안전운전불이행,건조,맑음,기타 - 기타,승용,여,46세,상해없음,자전거,남,79세,경상
2018053100100264,2018년 5월 31일 11시,목요일,전라북도 정읍시 감곡면,중상사고,0,1,0,0,차량단독 - 기타,안전운전불이행,건조,맑음,단일로 - 기타,이륜,남,69세,중상,,,,
2018053100100358,2018년 5월 31일 14시,목요일,전라북도 전주시 덕진구 금암동,경상사고,0,0,1,0,차대차 - 추돌,안전운전불이행,건조,맑음,교차로 - 교차로부근,승용,남,71세,상해없음,승용,남,41세,경상
2018053100100359,2018년 5월 31일 14시,목요일,전라북도 완주군 삼례읍,중상사고,0,1,0,0,차대차 - 측면충돌,안전운전불이행,건조,맑음,교차로 - 교차로부근,승용,여,64세,상해없음,이륜,남,42세,중상
2018053100100400,2018년 5월 31일 15시,목요일,전라북도 완주군 봉동읍,중상사고,0,1,1,0,차대차 - 측면충돌,신호위반,건조,맑음,교차로 - 교차로안,화물,남,51세,상해없음,승용,남,55세,경상
2018053100100443,2018년 5월 31일 16시,목요일,전라북도 군산시 경암동,중상사고,0,1,0,0,차대차 - 기타,교차로운행방법위반,건조,맑음,교차로 - 교차로안,승용,여,51세,상해없음,자전거,남,79세,중상
2018053100100444,2018년 5월 31일 16시,목요일,전라북도 고창군 무장면,중상사고,0,1,0,0,차대사람 - 기타,안전운전불이행,건조,맑음,단일로 - 기타,승용,남,54세,상해없음,보행자,여,48세,중상
2018053100100493,2018년 5월 31일 17시,목요일,전라북도 익산시 낭산면,중상사고,0,1,1,0,차대차 - 정면충돌,신호위반,건조,맑음,교차로 - 교차로안,승합,남,36세,상해없음,화물,남,49세,중상
2018053100100494,2018년 5월 31일 17시,목요일,전라북도 정읍시 연지동,경상사고,0,0,1,0,차대차 - 측면충돌,안전운전불이행,건조,맑음,교차로 - 교차로안,승용,여,55세,경상,화물,남,62세,상해없음
2018053100100495,2018년 5월 31일 17시,목요일,전라북도 무주군 무풍면,중상사고,0,1,0,0,차대차 - 측면충돌,신호위반,건조,맑음,교차로 - 교차로안,화물,남,60세,상해없음,화물,남,65세,중상
2018053100100540,2018년 5월 31일 18시,목요일,전라북도 익산시 함열읍,경상사고,0,0,1,0,차대차 - 측면충돌,안전운전불이행,건조,맑음,교차로 - 교차로안,승용,남,61세,상해없음,승합,남,36세,경상
2018053100100578,2018년 5월 31일 19시,목요일,전라북도 정읍시 칠보면,경상사고,0,0,1,0,차대차 - 측면충돌,안전운전불이행,건조,맑음,단일로 - 기타,화물,남,78세,상해없음,승용,여,44세,경상
2018053100100579,2018년 5월 31일 19시,목요일,전라북도 완주군 이서면,경상사고,0,0,1,0,차대차 - 기타,중앙선침범,건조,맑음,단일로 - 기타,승용,남,45세,상해없음,이륜,남,21세,경상
2018053100100581,2018년 5월 31일 19시,목요일,전라북도 익산시 여산면,경상사고,0,0,1,0,차대차 - 기타,안전운전불이행,건조,맑음,단일로 - 기타,승용,남,55세,상해없음,화물,남,62세,경상
2018053100100610,2018년 5월 31일 20시,목요일,전라북도 익산시 모현동1가,경상사고,0,0,1,0,차량단독 - 기타,안전운전불이행,건조,맑음,교차로 - 교차로부근,자전거,남,15세,경상,,,,
2018053100100699,2018년 5월 31일 23시,목요일,전라북도 전주시 덕진구 우아동2가,중상사고,0,1,0,0,차대사람 - 기타,안전운전불이행,건조,맑음,교차로 - 교차로부근,승용,여,30세,상해없음,보행자,여,34세,중상
2018053100100700,2018년 5월 31일 23시,목요일,전라북도 전주시 덕진구 우아동3가,경상사고,0,0,3,0,차대차 - 추돌,안전운전불이행,건조,맑음,교차로 - 교차로부근,승용,여,52세,상해없음,승용,남,39세,경상
2018060100100011,2018년 6월 1일 00시,금요일,전라북도 전주시 완산구 효자동3가,중상사고,0,1,2,0,차대차 - 측면충돌,안전운전불이행,건조,맑음,교차로 - 교차로안,승용,남,22세,상해없음,승용,남,22세,중상
2018060100100028,2018년 6월 1일 01시,금요일,전라북도 전주시 완산구 중화산동2가,중상사고,0,1,0,0,차대사람 - 횡단중,안전운전불이행,건조,맑음,교차로 - 교차로안,승용,남,61세,상해없음,보행자,남,34세,중상
2018060100100029,2018년 6월 1일 01시,금요일,전라북도 순창군 순창읍,중상사고,0,1,0,0,차대차 - 기타,안전운전불이행,건조,맑음,단일로 - 기타,화물,남,40세,상해없음,승용,여,46세,중상
2018060100100041,2018년 6월 1일 02시,금요일,전라북도 남원시 도통동,경상사고,0,0,1,0,차대차 - 기타,안전운전불이행,건조,맑음,교차로 - 교차로부근,승용,남,22세,상해없음,승용,남,40세,경상
2018060100100129,2018년 6월 1일 08시,금요일,전라북도 남원시 향교동,경상사고,0,0,1,0,차대사람 - 횡단중,신호위반,건조,맑음,교차로 - 교차로횡단보도내,승용,남,80세,상해없음,보행자,여,39세,경상
2018060100100130,2018년 6월 1일 08시,금요일,전라북도 고창군 고창읍,경상사고,0,0,1,0,차대차 - 측면충돌,교차로운행방법위반,건조,맑음,교차로 - 교차로안,자전거,남,12세,경상,승용,여,36세,상해없음
2018060100100180,2018년 6월 1일 09시,금요일,전라북도 군산시 중앙로1가,경상사고,0,0,1,0,차대사람 - 횡단중,보행자보호의무위반,건조,맑음,교차로 - 교차로횡단보도내,승용,여,67세,상해없음,보행자,남,49세,경상
2018060100100181,2018년 6월 1일 09시,금요일,전라북도 정읍시 연지동,경상사고,0,0,1,0,차대차 - 측면충돌,안전운전불이행,건조,맑음,교차로 - 교차로안,화물,남,64세,상해없음,승용,여,46세,경상
2018060100100212,2018년 6월 1일 10시,금요일,전라북도 김제시 신풍동,경상사고,0,0,1,0,차대차 - 측면충돌,직진우회전진행방해,건조,맑음,교차로 - 교차로안,화물,남,76세,상해없음,이륜,여,75세,경상
2018060100100244,2018년 6월 1일 11시,금요일,전라북도 전주시 덕진구 인후동1가,경상사고,0,0,1,0,차대사람 - 횡단중,안전운전불이행,건조,맑음,단일로 - 기타,승용,여,40세,상해없음,보행자,여,18세,경상
2018060100100245,2018년 6월 1일 11시,금요일,전라북도 완주군 고산면,중상사고,0,2,1,0,차대차 - 측면충돌,교차로운행방법위반,건조,맑음,교차로 - 교차로안,이륜,남,83세,중상,승용,여,58세,경상
2018060100100279,2018년 6월 1일 12시,금요일,전라북도 전주시 덕진구 송천동2가,경상사고,0,0,2,0,차대차 - 추돌,안전운전불이행,건조,맑음,단일로 - 기타,승용,남,59세,상해없음,승용,남,74세,경상
2018060100100280,2018년 6월 1일 12시,금요일,전라북도 익산시 모현동1가,경상사고,0,0,1,0,차대차 - 기타,안전운전불이행,건조,맑음,단일로 - 기타,화물,남,56세,상해없음,이륜,남,29세,경상
2018060100100310,2018년 6월 1일 13시,금요일,전라북도 순창군 팔덕면,경상사고,0,0,1,0,차대차 - 측면충돌,직진우회전진행방해,건조,맑음,교차로 - 교차로안,화물,여,53세,상해없음,이륜,남,64세,경상
2018060100100343,2018년 6월 1일 14시,금요일,전라북도 전주시 완산구 삼천동1가,경상사고,0,0,1,0,차대차 - 측면충돌,안전운전불이행,건조,맑음,단일로 - 기타,승용,남,28세,상해없음,승용,남,32세,경상
2018060100100344,2018년 6월 1일 14시,금요일,전라북도 김제시 금구면,경상사고,0,0,1,0,차량단독 - 공작물충돌,안전운전불이행,건조,맑음,단일로 - 기타,승용,여,53세,상해없음,,,,
2018060100100388,2018년 6월 1일 15시,금요일,전라북도 전주시 덕진구 덕진동1가,경상사고,0,0,2,0,차대차 - 측면충돌,신호위반,건조,맑음,교차로 - 교차로안,승용,남,65세,상해없음,승용,남,48세,경상
2018060100100389,2018년 6월 1일 15시,금요일,전라북도 익산시 창인동1가,경상사고,0,0,2,0,차대차 - 측면충돌,신호위반,건조,맑음,교차로 - 교차로안,승용,여,45세,상해없음,승용,남,60세,경상
2018060100100390,2018년 6월 1일 15시,금요일,전라북도 남원시 동충동,경상사고,0,0,1,0,차대차 - 기타,안전운전불이행,건조,맑음,교차로 - 교차로안,승용,여,41세,상해없음,승용,여,59세,경상
2018060100100391,2018년 6월 1일 15시,금요일,전라북도 완주군 상관면,중상사고,0,1,3,0,차대차 - 측면충돌,안전운전불이행,건조,맑음,단일로 - 터널,승용,남,23세,경상,승합,남,56세,상해없음
2018060100100429,2018년 6월 1일 16시,금요일,전라북도 군산시 수송동,경상사고,0,0,1,0,차대사람 - 횡단중,안전운전불이행,건조,맑음,단일로 - 기타,승용,남,27세,상해없음,보행자,여,6세,경상
2018060100100430,2018년 6월 1일 16시,금요일,전라북도 남원시 송동면,중상사고,0,2,0,0,차대차 - 측면충돌,기타,건조,맑음,교차로 - 교차로부근,화물,남,60세,중상,이륜,남,87세,중상
2018060100100473,2018년 6월 1일 17시,금요일,전라북도 전주시 덕진구 인후동1가,경상사고,0,0,1,0,차대사람 - 기타,안전운전불이행,건조,맑음,단일로 - 기타,화물,남,54세,상해없음,보행자,여,82세,경상
2018060100100474,2018년 6월 1일 17시,금요일,전라북도 전주시 덕진구 인후동1가,경상사고,0,0,2,0,차대차 - 측면충돌,신호위반,건조,맑음,교차로 - 교차로안,화물,남,42세,상해없음,승용,남,41세,경상
2018060100100475,2018년 6월 1일 17시,금요일,전라북도 군산시 경장동,경상사고,0,0,1,0,차대차 - 측면충돌,안전운전불이행,건조,맑음,단일로 - 기타,승용,여,42세,경상,화물,남,53세,기타불명
2018060100100476,2018년 6월 1일 17시,금요일,전라북도 순창군 순창읍,중상사고,0,1,0,0,차대차 - 측면충돌,직진우회전진행방해,건조,맑음,교차로 - 교차로안,승용,여,38세,상해없음,이륜,여,61세,중상