사고번호,사고일시,요일,시군구,사고내용,사망자수,중상자수,경상자수,부상신고자수,사고유형,법규위반,노면상태,기상상태,도로형태,가해운전자 차종,가해운전자 성별,가해운전자 연령,가해운전자 상해정도,피해운전자 차종,피해운전자 성별,피해운전자 연령,피해운전자 상해정도
2018060700100515,2018년 6월 7일 20시,목요일,전라북도 정읍시 태인면,경상사고,0,0,1,0,차대차 - 측면충돌,안전운전불이행,건조,맑음,교차로 - 교차로안,이륜,남,77세,경상,승합,여,40세,상해없음
2018060700100550,2018년 6월 7일 21시,목요일,전라북도 군산시 미장동,경상사고,0,0,1,0,차대차 - 추돌,안전운전불이행,건조,맑음,교차로 - 교차로부근,승용,남,32세,상해없음,이륜,남,61세,경상
2018060800100030,2018년 6월 8일 02시,금요일,전라북도 익산시 영등동,경상사고,0,0,1,0,차대사람 - 횡단중,신호위반,건조,맑음,교차로 - 교차로횡단보도내,승용,남,68세,상해없음,보행자,여,58세,경상
2018060800100063,2018년 6월 8일 05시,금요일,전라북도 완주군 고산면,중상사고,0,1,0,0,차대차 - 추돌,안전운전불이행,건조,맑음,단일로 - 기타,화물,남,70세,상해없음,농기계,남,67세,중상
2018060800100094,2018년 6월 8일 07시,금요일,전라북도 장수군 장수읍,중상사고,0,1,0,0,차량단독 - 도로외이탈 - 기타,안전운전불이행,건조,맑음,단일로 - 기타,화물,여,49세,중상,,,,
2018060800100123,2018년 6월 8일 08시,금요일,전라북도 전주시 덕진구 인후동1가,경상사고,0,0,1,0,차대차 - 측면충돌,신호위반,건조,맑음,교차로 - 교차로안,승용,남,44세,상해없음,승용,여,55세,경상
2018060800100124,2018년 6월 8일 08시,금요일,전라북도 익산시 신흥동,경상사고,0,0,1,0,차대차 - 측면충돌,신호위반,건조,맑음,교차로 - 교차로안,승용,여,26세,상해없음,승용,남,38세,경상
2018060800100125,2018년 6월 8일 08시,금요일,전라북도 남원시 도통동,중상사고,0,1,0,0,차대사람 - 횡단중,안전운전불이행,건조,맑음,단일로 - 기타,승용,남,72세,상해없음,보행자,남,13세,중상
2018060800100176,2018년 6월 8일 09시,금요일,전라북도 정읍시 수성동,경상사고,0,0,1,0,차대사람 - 횡단중,안전운전불이행,건조,맑음,교차로 - 교차로안,승합,여,31세,상해없음,보행자,여,43세,경상
2018060800100278,2018년 6월 8일 12시,금요일,전라북도 익산시 모현동2가,경상사고,0,0,1,0,차대차 - 후진중충돌,안전운전불이행,건조,맑음,교차로 - 교차로부근,승용,남,75세,상해없음,이륜,남,68세,경상
2018060800100279,2018년 6월 8일 12시,금요일,전라북도 익산시 황등면,중상사고,0,2,2,0,차대차 - 측면충돌,신호위반,건조,맑음,교차로 - 교차로안,승용,여,44세,중상,승용,여,43세,중상
2018060800100280,2018년 6월 8일 12시,금요일,전라북도 익산시 함라면,경상사고,0,0,1,0,차대차 - 기타,안전운전불이행,건조,맑음,교차로 - 교차로안,승용,남,65세,상해없음,승합,남,59세,상해없음
2018060800100305,2018년 6월 8일 13시,금요일,전라북도 전주시 완산구 평화동1가,경상사고,0,0,1,0,차대사람 - 차도통행중,안전운전불이행,건조,맑음,단일로 - 기타,승용,남,69세,상해없음,보행자,남,40세,경상
2018060800100306,2018년 6월 8일 13시,금요일,전라북도 무주군 무주읍,중상사고,0,1,1,0,차대차 - 추돌,안전운전불이행,건조,맑음,단일로 - 지하차도(도로)내,화물,남,41세,상해없음,사륜오토바이(ATV),남,78세,경상
2018060800100344,2018년 6월 8일 14시,금요일,전라북도 전주시 완산구 삼천동1가,중상사고,0,1,0,0,차대사람 - 횡단중,보행자보호의무위반,건조,맑음,교차로 - 교차로안,화물,남,49세,상해없음,보행자,여,57세,중상
2018060800100476,2018년 6월 8일 17시,금요일,전라북도 남원시 내척동,중상사고,0,1,0,0,차대차 - 정면충돌,교차로운행방법위반,건조,맑음,교차로 - 교차로부근,승용,남,46세,상해없음,이륜,남,75세,중상
2018060800100531,2018년 6월 8일 18시,금요일,전라북도 전주시 완산구 효자동1가,경상사고,0,0,1,0,차대차 - 측면충돌,중앙선침범,건조,맑음,단일로 - 기타,승용,여,58세,상해없음,승용,여,28세,경상
2018060800100532,2018년 6월 8일 18시,금요일,전라북도 익산시 인화동2가,경상사고,0,0,1,0,차대차 - 측면충돌,기타,건조,맑음,교차로 - 교차로안,자전거,여,70세,경상,승용,여,29세,상해없음
2018060800100638,2018년 6월 8일 21시,금요일,전라북도 익산시 신동,경상사고,0,0,1,0,차대차 - 측면충돌,안전운전불이행,건조,맑음,교차로 - 교차로부근,승용,여,21세,상해없음,승용,여,25세,경상
2018060800100676,2018년 6월 8일 22시,금요일,전라북도 군산시 나운동,경상사고,0,0,1,0,차대차 - 기타,안전운전불이행,건조,맑음,교차로 - 교차로부근,승용,남,28세,상해없음,자전거,남,43세,경상
2018060900100011,2018년 6월 9일 00시,토요일,전라북도 전주시 덕진구 금암동,경상사고,0,0,2,0,차대차 - 기타,불법유턴,건조,맑음,교차로 - 교차로부근,승용,남,23세,상해없음,승용,남,29세,경상
2018060900100050,2018년 6월 9일 03시,토요일,전라북도 전주시 덕진구 우아동2가,경상사고,0,0,1,0,차대차 - 추돌,안전운전불이행,건조,맑음,교차로 - 교차로부근,승용,남,49세,상해없음,승용,남,38세,경상
2018060900100118,2018년 6월 9일 08시,토요일,전라북도 김제시 요촌동,경상사고,0,0,1,0,차대차 - 측면충돌,직진우회전진행방해,건조,맑음,교차로 - 교차로안,승용,여,46세,상해없음,승용,여,54세,경상
2018060900100119,2018년 6월 9일 08시,토요일,전라북도 무주군 무풍면,중상사고,0,1,0,0,차량단독 - 도로외이탈 - 추락,안전운전불이행,건조,맑음,단일로 - 지하차도(도로)내,농기계,남,56세,중상,,,,
2018060900100145,2018년 6월 9일 09시,토요일,전라북도 전주시 덕진구 여의동,중상사고,0,1,0,0,차대차 - 측면충돌,불법유턴,건조,맑음,단일로 - 기타,화물,남,65세,상해없음,승용,남,28세,중상
2018060900100146,2018년 6월 9일 09시,토요일,전라북도 남원시 금동,경상사고,0,0,1,0,차대차 - 추돌,안전운전불이행,건조,맑음,단일로 - 기타,이륜,남,63세,경상,화물,남,58세,상해없음
2018060900100177,2018년 6월 9일 10시,토요일,전라북도 전주시 덕진구 팔복동2가,경상사고,0,0,1,0,차대차 - 추돌,안전거리미확보,건조,맑음,단일로 - 기타,승용,여,26세,상해없음,이륜,남,23세,경상
2018060900100178,2018년 6월 9일 10시,토요일,전라북도 남원시 하정동,중상사고,0,1,0,0,차대사람 - 차도통행중,안전운전불이행,건조,맑음,교차로 - 교차로안,승용,남,26세,상해없음,보행자,여,73세,중상
2018060900100214,2018년 6월 9일 11시,토요일,전라북도 익산시 모현동1가,경상사고,0,0,1,0,차대차 - 측면충돌,중앙선침범,건조,맑음,교차로 - 교차로부근,화물,남,36세,상해없음,승용,남,24세,상해없음
2018060900100257,2018년 6월 9일 12시,토요일,전라북도 전주시 덕진구 동산동,경상사고,0,0,1,0,차대사람 - 기타,안전운전불이행,건조,맑음,단일로 - 기타,기타불명,기타불명,미분류,기타불명,보행자,남,26세,경상
2018060900100290,2018년 6월 9일 13시,토요일,전라북도 김제시 검산동,경상사고,0,0,1,0,차대차 - 측면충돌,직진우회전진행방해,건조,맑음,교차로 - 교차로안,승용,여,62세,상해없음,승용,여,49세,경상
2018060900100291,2018년 6월 9일 13시,토요일,전라북도 부안군 변산면,중상사고,0,1,2,0,차대차 - 정면충돌,중앙선침범,건조,맑음,단일로 - 기타,승용,여,53세,경상,승용,남,38세,경상
2018060900100328,2018년 6월 9일 14시,토요일,전라북도 김제시 백구면,중상사고,0,4,0,0,차대차 - 측면충돌,직진우회전진행방해,건조,맑음,교차로 - 교차로안,승용,남,64세,상해없음,승용,남,49세,중상
2018060900100356,2018년 6월 9일 15시,토요일,전라북도 군산시 수송동,경상사고,0,0,1,0,차대차 - 측면충돌,안전운전불이행,건조,맑음,단일로 - 기타,승용,남,56세,상해없음,자전거,남,53세,경상
2018060900100357,2018년 6월 9일 15시,토요일,전라북도 익산시 영등동,경상사고,0,0,1,0,차대차 - 측면충돌,안전운전불이행,건조,맑음,교차로 - 교차로횡단보도내,승용,남,47세,상해없음,승용,남,44세,경상
2018060900100419,2018년 6월 9일 17시,토요일,전라북도 정읍시 정우면,중상사고,0,1,0,0,차대차 - 기타,중앙선침범,건조,맑음,단일로 - 기타,승용,여,23세,상해없음,승합,남,60세,상해없음
2018060900100503,2018년 6월 9일 19시,토요일,전라북도 완주군 소양면,중상사고,0,1,0,0,차대사람 - 횡단중,안전운전불이행,건조,맑음,교차로 - 교차로안,승용,남,45세,상해없음,보행자,여,86세,중상
2018060900100548,2018년 6월 9일 20시,토요일,전라북도 고창군 성내면,경상사고,0,0,1,0,차대차 - 측면충돌,신호위반,젖음/습기,비,교차로 - 교차로안,화물,남,49세,상해없음,승용,남,50세,경상
2018060900100581,2018년 6월 9일 21시,토요일,전라북도 익산시 월성동,경상사고,0,0,3,0,차대차 - 측면충돌,교차로운행방법위반,젖음/습기,비,교차로 - 교차로횡단보도내,승용,남,64세,상해없음,승용,여,57세,경상
2018060900100605,2018년 6월 9일 22시,토요일,전라북도 부안군 변산면,경상사고,0,0,1,0,차량단독 - 공작물충돌,안전운전불이행,젖음/습기,흐림,단일로 - 기타,화물,남,45세,경상,,,,
2018061000100016,2018년 6월 10일 00시,일요일,전라북도 전주시 완산구 효자동1가,경상사고,0,0,1,0,차대차 - 측면충돌,신호위반,건조,맑음,교차로 - 교차로안,승용,남,24세,상해없음,승용,남,52세,경상
2018061000100132,2018년 6월 10일 09시,일요일,전라북도 부안군 부안읍,경상사고,0,0,1,0,차대사람 - 기타,안전운전불이행,건조,맑음,단일로 - 기타,승용,남,58세,상해없음,보행자,남,41세,경상
2018061000100156,2018년 6월 10일 10시,일요일,전라북도 군산시 대명동,중상사고,0,1,0,0,차대차 - 기타,교차로운행방법위반,건조,맑음,교차로 - 교차로안,승용,남,21세,상해없음,이륜,남,68세,중상
2018061000100220,2018년 6월 10일 13시,일요일,전라북도 남원시 신촌동,중상사고,0,1,0,0,차대차 - 측면충돌,신호위반,건조,맑음,교차로 - 교차로안,승용,여,30세,상해없음,이륜,남,57세,중상
2018061000100309,2018년 6월 10일 16시,일요일,전라북도 군산시 수송동,중상사고,0,1,0,0,차대사람 - 횡단중,안전운전불이행,건조,흐림,단일로 - 기타,승용,남,30세,상해없음,보행자,여,65세,중상
2018061000100310,2018년 6월 10일 16시,일요일,전라북도 익산시 오산면,경상사고,0,0,2,0,차대차 - 정면충돌,안전운전불이행,건조,맑음,단일로 - 기타,승용,여,58세,상해없음,화물,남,56세,경상
2018061000100418,2018년 6월 10일 20시,일요일,전라북도 전주시 덕진구 인후동1가,중상사고,0,1,0,0,차대차 - 측면충돌,중앙선침범,건조,맑음,단일로 - 기타,승합,남,67세,상해없음,이륜,남,51세,중상
2018061000100419,2018년 6월 10일 20시,일요일,전라북도 군산시 나운동,경상사고,0,0,1,0,차대차 - 추돌,안전운전불이행,건조,맑음,교차로 - 교차로부근,승용,남,61세,상해없음,승용,남,30세,경상
2018061000100420,2018년 6월 10일 20시,일요일,전라북도 정읍시 장명동,경상사고,0,0,1,0,차대차 - 추돌,안전운전불이행,건조,맑음,교차로 - 교차로부근,승용,남,21세,상해없음,승용,여,60세,경상
2018061000100473,2018년 6월 10일 22시,일요일,전라북도 전주시 덕진구 금암동,중상사고,0,1,0,0,차대사람 - 횡단중,안전운전불이행,건조,맑음,단일로 - 기타,승용,여,50세,상해없음,보행자,남,50세,중상
2018061100100029,2018년 6월 11일 02시,월요일,전라북도 김제시 금구면,경상사고,0,0,2,0,차대차 - 기타,안전운전불이행,건조,맑음,단일로 - 기타,승용,남,30세,상해없음,승용,여,19세,경상
2018061100100074,2018년 6월 11일 07시,월요일,전라북도 부안군 행안면,경상사고,0,0,1,0,차대차 - 기타,안전운전불이행,건조,맑음,교차로 - 교차로안,자전거,여,72세,경상,기타불명,기타불명,미분류,기타불명
2018061100100115,2018년 6월 11일 08시,월요일,전라북도 전주시 덕진구 인후동1가,경상사고,0,0,1,0,차대사람 - 기타,안전운전불이행,건조,맑음,단일로 - 기타,승용,남,27세,상해없음,보행자,여,83세,경상
2018061100100178,2018년 6월 11일 10시,월요일,전라북도 정읍시 연지동,경상사고,0,0,2,0,차대차 - 추돌,안전운전불이행,건조,맑음,교차로 - 교차로부근,승용,남,78세,상해없음,승용,남,48세,경상
2018061100100179,2018년 6월 11일 10시,월요일,전라북도 순창군 인계면,경상사고,0,0,1,0,차량단독 - 기타,안전운전불이행,건조,맑음,단일로 - 기타,이륜,여,65세,경상,,,,
2018061100100239,2018년 6월 11일 12시,월요일,전라북도 군산시 미룡동,경상사고,0,0,1,0,차대사람 - 기타,안전운전불이행,건조,맑음,단일로 - 기타,승용,남,56세,상해없음,보행자,여,52세,경상
2018061100100240,2018년 6월 11일 12시,월요일,전라북도 군산시 나운동,경상사고,0,0,1,0,차대차 - 기타,중앙선침범,건조,맑음,교차로 - 교차로부근,승용,남,46세,상해없음,승용,남,40세,경상
2018061100100241,2018년 6월 11일 12시,월요일,전라북도 김제시 금산면,경상사고,0,0,1,0,차대사람 - 차도통행중,안전운전불이행,건조,맑음,단일로 - 기타,사륜오토바이(ATV),남,81세,상해없음,보행자,여,40세,경상
2018061100100267,2018년 6월 11일 13시,월요일,전라북도 익산시 어양동,부상신고사고,0,0,0,1,차대차 - 측면충돌,기타,건조,맑음,단일로 - 기타,승용,여,35세,부상신고,승용,남,37세,상해없음
2018061100100268,2018년 6월 11일 13시,월요일,전라북도 고창군 고창읍,경상사고,0,0,1,0,차대사람 - 횡단중,보행자보호의무위반,건조,맑음,교차로 - 교차로횡단보도내,승용,남,47세,상해없음,보행자,남,60세,경상
2018061100100344,2018년 6월 11일 15시,월요일,전라북도 군산시 경암동,경상사고,0,0,1,0,차대사람 - 기타,안전운전불이행,건조,맑음,교차로 - 교차로부근,승용,남,55세,상해없음,보행자,남,69세,경상
2018061100100380,2018년 6월 11일 16시,월요일,전라북도 군산시 해망동,경상사고,0,0,1,0,차대차 - 기타,안전운전불이행,건조,맑음,교차로 - 교차로안,승용,남,40세,상해없음,화물,남,51세,경상
2018061100100419,2018년 6월 11일 17시,월요일,전라북도 전주시 완산구 중화산동2가,경상사고,0,0,1,0,차대사람 - 보도통행중,기타,젖음/습기,비,기타 - 기타,승용,남,52세,상해없음,보행자,남,56세,경상
2018061100100420,2018년 6월 11일 17시,월요일,전라북도 군산시 회현면,경상사고,0,0,1,0,차대차 - 기타,교차로운행방법위반,건조,맑음,교차로 - 교차로안,승용,여,36세,상해없음,승용,여,51세,경상
2018061100100446,2018년 6월 11일 18시,월요일,전라북도 군산시 내흥동,경상사고,0,0,1,0,차대차 - 기타,안전운전불이행,건조,흐림,기타 - 기타,화물,남,48세,상해없음,승용,남,52세,경상
2018061100100495,2018년 6월 11일 19시,월요일,전라북도 김제시 연정동,경상사고,0,0,2,0,차대차 - 추돌,안전운전불이행,건조,맑음,교차로 - 교차로부근,승용,남,41세,상해없음,승용,남,44세,경상
2018061100100523,2018년 6월 11일 20시,월요일,전라북도 익산시 어양동,중상사고,0,1,0,0,차대사람 - 횡단중,중앙선침범,건조,맑음,단일로 - 기타,승용,남,40세,상해없음,보행자,여,25세,중상
2018061100100550,2018년 6월 11일 21시,월요일,전라북도 군산시 소룡동,경상사고,0,0,1,0,차대차 - 기타,안전운전불이행,건조,맑음,교차로 - 교차로안,승용,남,52세,상해없음,자전거,남,67세,경상
2018061100100584,2018년 6월 11일 22시,월요일,전라북도 전주시 완산구 중화산동2가,경상사고,0,0,1,0,차대사람 - 차도통행중,안전운전불이행,젖음/습기,흐림,교차로 - 교차로안,승용,남,55세,상해없음,보행자,남,51세,경상
2018061100100614,2018년 6월 11일 23시,월요일,전라북도 전주시 덕진구 장동,경상사고,0,0,1,0,차대사람 - 기타,안전운전불이행,건조,맑음,단일로 - 기타,승용,여,48세,상해없음,보행자,남,36세,경상
2018061100100615,2018년 6월 11일 23시,월요일,전라북도 전주시 덕진구 송천동2가,경상사고,0,0,2,0,차대차 - 측면충돌,신호위반,건조,맑음,교차로 - 교차로안,승용,여,29세,상해없음,승용,남,28세,경상
2018061200100035,2018년 6월 12일 04시,화요일,전라북도 전주시 완산구 중노송동,경상사고,0,0,1,0,차대차 - 기타,안전운전불이행,건조,맑음,교차로 - 교차로안,승용,남,26세,상해없음,승합,남,45세,경상
2018061200100051,2018년 6월 12일 06시,화요일,전라북도 전주시 덕진구 진북동,경상사고,0,0,1,0,차대차 - 측면충돌,안전거리미확보,건조,맑음,단일로 - 기타,승용,남,36세,상해없음,승용,남,47세,경상
2018061200100114,2018년 6월 12일 08시,화요일,전라북도 익산시 신동,경상사고,0,0,2,0,차대차 - 추돌,안전운전불이행,건조,맑음,교차로 - 교차로부근,승용,여,57세,상해없음,승용,남,58세,경상
2018061200100115,2018년 6월 12일 08시,화요일,전라북도 남원시 고죽동,경상사고,0,0,1,0,차대사람 - 횡단중,보행자보호의무위반,건조,맑음,단일로 - 기타,화물,남,69세,기타불명,보행자,여,73세,경상
2018061200100194,2018년 6월 12일 10시,화요일,전라북도 정읍시 시기동,중상사고,0,1,0,0,차대차 - 측면충돌,직진우회전진행방해,건조,맑음,교차로 - 교차로안,자전거,여,66세,중상,승용,남,78세,상해없음
2018061200100226,2018년 6월 12일 11시,화요일,전라북도 김제시 금구면,경상사고,0,0,1,0,차대사람 - 차도통행중,불법유턴,건조,맑음,단일로 - 기타,화물,남,62세,상해없음,보행자,남,41세,경상
2018061200100254,2018년 6월 12일 12시,화요일,전라북도 군산시 수송동,경상사고,0,0,2,0,차대차 - 측면충돌,직진우회전진행방해,건조,맑음,교차로 - 교차로안,승용,남,48세,상해없음,승용,남,29세,경상
2018061200100255,2018년 6월 12일 12시,화요일,전라북도 정읍시 농소동,경상사고,0,0,1,0,차대차 - 기타,직진우회전진행방해,건조,맑음,교차로 - 교차로안,승용,남,77세,상해없음,승용,여,48세,경상
2018061200100284,2018년 6월 12일 13시,화요일,전라북도 정읍시 농소동,경상사고,0,0,1,0,차대차 - 측면충돌,직진우회전진행방해,건조,맑음,교차로 - 교차로안,이륜,남,72세,경상,승용,여,65세,상해없음
2018061200100435,2018년 6월 12일 17시,화요일,전라북도 전주시 완산구 경원동1가,중상사고,0,1,0,0,차대사람 - 횡단중,보행자보호의무위반,건조,맑음,단일로 - 기타,화물,남,68세,상해없음,보행자,여,43세,중상
2018061200100436,2018년 6월 12일 17시,화요일,전라북도 무주군 안성면,사망사고,1,0,0,0,차대차 - 추돌,안전운전불이행,건조,맑음,단일로 - 기타,화물,남,72세,사망,화물,남,74세,상해없음
2018061200100489,2018년 6월 12일 18시,화요일,전라북도 전주시 덕진구 인후동1가,경상사고,0,0,1,0,차대사람 - 횡단중,안전운전불이행,건조,맑음,단일로 - 기타,승용,여,58세,상해없음,보행자,남,2세,경상
2018061200100604,2018년 6월 12일 21시,화요일,전라북도 군산시 나운동,경상사고,0,0,3,0,차대차 - 기타,안전운전불이행,건조,맑음,단일로 - 기타,승용,남,64세,상해없음,승용,남,43세,경상
2018061200100635,2018년 6월 12일 22시,화요일,전라북도 군산시 수송동,중상사고,0,1,0,0,차대차 - 기타,중앙선침범,건조,맑음,단일로 - 기타,승용,남,48세,상해없음,승용,남,69세,중상
2018061200100665,2018년 6월 12일 23시,화요일,전라북도 전주시 완산구 색장동,사망사고,1,0,0,0,차대차 - 측면충돌,불법유턴,젖음/습기,맑음,단일로 - 기타,특수,남,66세,상해없음,승용,남,44세,사망
2018061200100666,2018년 6월 12일 23시,화요일,전라북도 전주시 덕진구 호성동1가,경상사고,0,0,1,0,차대차 - 후진중충돌,안전운전불이행,건조,맑음,교차로 - 교차로안,승용,남,40세,상해없음,승용,남,37세,경상
2018061200100667,2018년 6월 12일 23시,화요일,전라북도 전주시 덕진구 우아동3가,경상사고,0,0,2,0,차대차 - 측면충돌,신호위반,건조,맑음,교차로 - 교차로안,승용,남,28세,상해없음,승용,남,70세,경상
2018061300100011,2018년 6월 13일 00시,수요일,전라북도 군산시 수송동,경상사고,0,0,1,0,차대차 - 기타,신호위반,건조,맑음,교차로 - 교차로안,승용,남,22세,상해없음,승용,남,63세,경상
2018061300100066,2018년 6월 13일 04시,수요일,전라북도 군산시 개사동,경상사고,0,0,4,0,차대차 - 추돌,안전운전불이행,건조,맑음,단일로 - 기타,승용,남,35세,경상,화물,남,56세,경상
2018061300100079,2018년 6월 13일 05시,수요일,전라북도 군산시 경암동,경상사고,0,0,1,0,차대차 - 기타,안전운전불이행,건조,맑음,교차로 - 교차로안,화물,남,70세,상해없음,자전거,여,70세,경상
2018061300100116,2018년 6월 13일 07시,수요일,전라북도 군산시 미장동,경상사고,0,0,1,0,차대차 - 기타,안전운전불이행,건조,맑음,교차로 - 교차로부근,승용,여,52세,상해없음,자전거,남,79세,경상
2018061300100154,2018년 6월 13일 09시,수요일,전라북도 정읍시 상동,경상사고,0,0,3,0,차대차 - 측면충돌,직진우회전진행방해,건조,맑음,교차로 - 교차로안,승용,남,63세,경상,승용,남,67세,경상
2018061300100204,2018년 6월 13일 11시,수요일,전라북도 전주시 덕진구 장동,경상사고,0,0,1,0,차대차 - 추돌,안전운전불이행,건조,맑음,교차로 - 교차로부근,승용,남,54세,상해없음,승용,남,26세,경상
2018061300100205,2018년 6월 13일 11시,수요일,전라북도 군산시 소룡동,경상사고,0,0,1,0,차대차 - 측면충돌,안전거리미확보,건조,맑음,단일로 - 기타,특수,남,44세,상해없음,승용,남,59세,경상
2018061300100206,2018년 6월 13일 11시,수요일,전라북도 군산시 성산면,중상사고,0,1,0,0,차대차 - 측면충돌,안전운전불이행,건조,맑음,교차로 - 교차로안,자전거,남,31세,상해없음,자전거,여,56세,중상
2018061300100305,2018년 6월 13일 14시,수요일,전라북도 순창군 순창읍,경상사고,0,0,1,0,차대차 - 측면충돌,안전운전불이행,건조,맑음,기타 - 기타,승용,남,62세,상해없음,화물,남,73세,경상
2018061300100445,2018년 6월 13일 18시,수요일,전라북도 전주시 덕진구 덕진동2가,부상신고사고,0,0,0,1,차대차 - 측면충돌,차로위반,건조,맑음,단일로 - 교량,승용,기타불명,미분류,기타불명,승용,여,59세,부상신고
2018061300100504,2018년 6월 13일 20시,수요일,전라북도 전주시 완산구 평화동2가,중상사고,0,1,0,0,차대차 - 측면충돌,안전거리미확보,건조,맑음,단일로 - 기타,승용,여,36세,상해없음,이륜,남,54세,중상
2018061300100505,2018년 6월 13일 20시,수요일,전라북도 익산시 동산동,중상사고,0,1,0,0,차대차 - 측면충돌,안전운전불이행,건조,맑음,교차로 - 교차로횡단보도내,승용,여,56세,상해없음,자전거,남,10세,중상
2018061300100506,2018년 6월 13일 20시,수요일,전라북도 부안군 부안읍,중상사고,0,1,0,0,차대차 - 측면충돌,안전운전불이행,건조,맑음,단일로 - 기타,승용,남,27세,상해없음,이륜,남,21세,중상
2018061300100507,2018년 6월 13일 20시,수요일,전라북도 완주군 삼례읍,경상사고,0,0,2,0,차대차 - 기타,안전운전불이행,건조,맑음,교차로 - 교차로부근,승용,남,56세,상해없음,승용,남,41세,경상
2018061400100013,2018년 6월 14일 01시,목요일,전라북도 전주시 완산구 중화산동2가,중상사고,0,1,0,0,차대사람 - 횡단중,신호위반,건조,맑음,교차로 - 교차로안,승용,남,24세,상해없음,보행자,여,17세,중상
2018061400100175,2018년 6월 14일 10시,목요일,전라북도 정읍시 태인면,부상신고사고,0,0,0,1,차대차 - 측면충돌,중앙선침범,건조,맑음,교차로 - 교차로부근,이륜,남,75세,부상신고,승용,남,76세,상해없음
2018061400100208,2018년 6월 14일 11시,목요일,전라북도 완주군 용진읍,경상사고,0,0,2,0,차대차 - 추돌,안전운전불이행,건조,맑음,단일로 - 교량,화물,남,23세,상해없음,승용,남,27세,경상
2018061400100232,2018년 6월 14일 12시,목요일,전라북도 부안군 행안면,사망사고,1,0,0,0,차대사람 - 횡단중,과속,건조,맑음,단일로 - 기타,화물,남,32세,상해없음,보행자,여,82세,사망
2018061400100233,2018년 6월 14일 12시,목요일,전라북도 무주군 무주읍,경상사고,0,0,1,0,차대차 - 측면충돌,교차로운행방법위반,건조,맑음,교차로 - 교차로안,승용,남,36세,상해없음,승용,여,53세,경상
2018061400100260,2018년 6월 14일 13시,목요일,전라북도 익산시 영등동,부상신고사고,0,0,0,1,차대사람 - 보도통행중,보행자보호의무위반,건조,맑음,단일로 - 기타,승용,여,60세,상해없음,보행자,남,9세,부상신고
2018061400100261,2018년 6월 14일 13시,목요일,전라북도 정읍시 연지동,경상사고,0,0,1,0,차대차 - 기타,중앙선침범,건조,맑음,교차로 - 교차로부근,자전거,남,83세,상해없음,화물,남,71세,경상
2018061400100262,2018년 6월 14일 13시,목요일,전라북도 무주군 무주읍,경상사고,0,0,2,0,차대차 - 측면충돌,안전운전불이행,건조,맑음,교차로 - 교차로안,승용,여,43세,상해없음,원동기,남,49세,경상
2018061400100380,2018년 6월 14일 16시,목요일,전라북도 군산시 오식도동,중상사고,0,1,0,0,차대차 - 기타,안전운전불이행,건조,맑음,단일로 - 기타,승용,남,73세,상해없음,화물,남,62세,중상
2018061400100484,2018년 6월 14일 18시,목요일,전라북도 정읍시 시기동,경상사고,0,0,2,0,차대차 - 측면충돌,안전운전불이행,건조,맑음,교차로 - 교차로안,승합,여,38세,경상,승용,여,58세,경상
2018061400100525,2018년 6월 14일 19시,목요일,전라북도 군산시 미룡동,중상사고,0,1,0,0,차대사람 - 기타,안전운전불이행,건조,맑음,단일로 - 기타,자전거,남,11세,상해없음,보행자,남,64세,중상
2018061400100583,2018년 6월 14일 21시,목요일,전라북도 전주시 완산구 고사동,경상사고,0,0,1,0,차대사람 - 기타,안전운전불이행,건조,맑음,교차로 - 교차로안,승용,여,24세,상해없음,보행자,여,35세,경상
2018061500100006,2018년 6월 15일 00시,금요일,전라북도 군산시 비응도동,사망사고,1,0,0,0,차량단독 - 공작물충돌,안전운전불이행,건조,맑음,교차로 - 교차로부근,원동기,남,60세,사망,,,,
2018061500100007,2018년 6월 15일 00시,금요일,전라북도 정읍시 공평동,중상사고,0,1,1,0,차량단독 - 공작물충돌,안전운전불이행,건조,맑음,교차로 - 교차로안,승합,남,49세,경상,,,,
2018061500100026,2018년 6월 15일 02시,금요일,전라북도 전주시 완산구 효자동3가,경상사고,0,0,2,0,차량단독 - 기타,안전운전불이행,건조,맑음,단일로 - 기타,승용,남,24세,상해없음,,,,
2018061500100048,2018년 6월 15일 04시,금요일,전라북도 부안군 변산면,중상사고,0,1,0,0,차량단독 - 공작물충돌,안전운전불이행,건조,맑음,단일로 - 기타,승용,여,38세,중상,,,,
2018061500100110,2018년 6월 15일 08시,금요일,전라북도 익산시 석암동,중상사고,0,1,1,0,차대차 - 측면충돌,신호위반,건조,맑음,교차로 - 교차로안,화물,남,56세,경상,화물,남,44세,중상
2018061500100111,2018년 6월 15일 08시,금요일,전라북도 익산시 용안면,경상사고,0,0,2,0,차대차 - 측면충돌,신호위반,건조,맑음,교차로 - 교차로안,승용,남,31세,경상,승용,여,28세,경상
2018061500100144,2018년 6월 15일 09시,금요일,전라북도 전주시 덕진구 덕진동1가,경상사고,0,0,1,0,차대사람 - 길가장자리구역통행중,안전운전불이행,건조,맑음,단일로 - 기타,승용,여,44세,상해없음,보행자,여,45세,경상
2018061500100175,2018년 6월 15일 10시,금요일,전라북도 전주시 덕진구 덕진동1가,경상사고,0,0,1,0,차대사람 - 기타,안전운전불이행,건조,맑음,기타 - 기타,승용,남,36세,상해없음,보행자,여,24세,경상