사고번호,사고일시,요일,시군구,사고내용,사망자수,중상자수,경상자수,부상신고자수,사고유형,법규위반,노면상태,기상상태,도로형태,가해운전자 차종,가해운전자 성별,가해운전자 연령,가해운전자 상해정도,피해운전자 차종,피해운전자 성별,피해운전자 연령,피해운전자 상해정도
2018062200100039,2018년 6월 22일 03시,금요일,전라북도 전주시 완산구 다가동3가,경상사고,0,0,1,0,차대차 - 측면충돌,안전운전불이행,건조,맑음,기타 - 기타,승용,남,19세,상해없음,승용,남,63세,경상
2018062200100099,2018년 6월 22일 07시,금요일,전라북도 정읍시 감곡면,경상사고,0,0,2,0,차대차 - 정면충돌,안전운전불이행,건조,맑음,단일로 - 기타,승용,남,33세,경상,승용,여,67세,경상
2018062200100100,2018년 6월 22일 07시,금요일,전라북도 정읍시 태인면,경상사고,0,0,1,0,차대차 - 측면충돌,직진우회전진행방해,건조,맑음,교차로 - 교차로안,화물,남,67세,상해없음,승용,여,25세,경상
2018062200100148,2018년 6월 22일 08시,금요일,전라북도 전주시 덕진구 인후동1가,경상사고,0,0,1,0,차대사람 - 기타,안전운전불이행,건조,맑음,단일로 - 기타,승용,여,41세,상해없음,보행자,남,60세,경상
2018062200100149,2018년 6월 22일 08시,금요일,전라북도 정읍시 북면,경상사고,0,0,1,0,차대차 - 기타,안전운전불이행,건조,맑음,기타 - 기타,이륜,남,62세,경상,승용,남,69세,상해없음
2018062200100189,2018년 6월 22일 09시,금요일,전라북도 정읍시 수성동,경상사고,0,0,1,0,차대차 - 측면충돌,교차로운행방법위반,건조,맑음,교차로 - 교차로안,승용,남,71세,상해없음,승용,남,49세,경상
2018062200100213,2018년 6월 22일 10시,금요일,전라북도 전주시 완산구 평화동2가,중상사고,0,1,0,0,차대사람 - 기타,안전운전불이행,건조,맑음,교차로 - 교차로안,승용,여,32세,상해없음,보행자,여,90세 이상,중상
2018062200100214,2018년 6월 22일 10시,금요일,전라북도 부안군 부안읍,경상사고,0,0,1,0,차대사람 - 기타,안전운전불이행,건조,맑음,기타 - 기타,화물,남,83세,상해없음,보행자,여,76세,경상
2018062200100241,2018년 6월 22일 11시,금요일,전라북도 군산시 산북동,경상사고,0,0,1,0,차대차 - 측면충돌,안전거리미확보,건조,맑음,단일로 - 기타,화물,남,26세,상해없음,이륜,남,71세,경상
2018062200100242,2018년 6월 22일 11시,금요일,전라북도 완주군 삼례읍,중상사고,0,1,0,0,차대차 - 측면충돌,안전운전불이행,건조,맑음,교차로 - 교차로횡단보도내,승용,여,47세,상해없음,자전거,남,52세,중상
2018062200100267,2018년 6월 22일 12시,금요일,전라북도 전주시 완산구 평화동1가,중상사고,0,1,0,0,차대사람 - 횡단중,보행자보호의무위반,건조,맑음,단일로 - 기타,승용,남,57세,상해없음,보행자,여,82세,중상
2018062200100268,2018년 6월 22일 12시,금요일,전라북도 남원시 운봉읍,중상사고,0,1,0,0,차대차 - 측면충돌,안전운전불이행,건조,맑음,단일로 - 기타,농기계,남,83세,중상,승용,여,36세,상해없음
2018062200100307,2018년 6월 22일 13시,금요일,전라북도 전주시 완산구 효자동3가,중상사고,0,1,0,0,차대차 - 측면충돌,신호위반,건조,맑음,교차로 - 교차로안,승용,남,80세,상해없음,이륜,남,37세,중상
2018062200100308,2018년 6월 22일 13시,금요일,전라북도 김제시 신풍동,중상사고,0,1,0,0,차대차 - 정면충돌,교차로운행방법위반,건조,맑음,교차로 - 교차로안,특수,남,56세,상해없음,원동기,남,73세,중상
2018062200100357,2018년 6월 22일 14시,금요일,전라북도 전주시 덕진구 송천동1가,경상사고,0,0,1,0,차대차 - 기타,안전운전불이행,건조,맑음,단일로 - 기타,승용,여,42세,상해없음,승용,여,54세,경상
2018062200100397,2018년 6월 22일 15시,금요일,전라북도 전주시 완산구 삼천동1가,경상사고,0,0,6,0,차대차 - 추돌,안전운전불이행,건조,맑음,교차로 - 교차로부근,화물,남,56세,상해없음,승용,남,63세,경상
2018062200100398,2018년 6월 22일 15시,금요일,전라북도 전주시 덕진구 진북동,경상사고,0,0,1,0,차대차 - 측면충돌,신호위반,건조,맑음,교차로 - 교차로안,승용,여,71세,상해없음,승용,여,33세,경상
2018062200100399,2018년 6월 22일 15시,금요일,전라북도 군산시 조촌동,경상사고,0,0,3,0,차대차 - 측면충돌,안전운전불이행,건조,맑음,단일로 - 기타,화물,남,58세,상해없음,승용,남,38세,경상
2018062200100449,2018년 6월 22일 16시,금요일,전라북도 임실군 임실읍,경상사고,0,0,1,0,차대차 - 측면충돌,교차로운행방법위반,건조,맑음,교차로 - 교차로안,승용,남,58세,상해없음,화물,남,35세,경상
2018062200100506,2018년 6월 22일 17시,금요일,전라북도 전주시 덕진구 우아동3가,경상사고,0,0,1,0,차대차 - 측면충돌,안전거리미확보,건조,맑음,교차로 - 교차로부근,승용,남,28세,상해없음,승합,남,55세,경상
2018062200100507,2018년 6월 22일 17시,금요일,전라북도 군산시 지곡동,경상사고,0,0,1,0,차대차 - 추돌,안전운전불이행,건조,맑음,단일로 - 기타,승용,남,37세,상해없음,승용,여,34세,경상
2018062200100508,2018년 6월 22일 17시,금요일,전라북도 익산시 영등동,경상사고,0,0,2,0,차대차 - 측면충돌,교차로운행방법위반,건조,맑음,교차로 - 교차로안,승용,남,58세,상해없음,원동기,여,57세,경상
2018062200100559,2018년 6월 22일 18시,금요일,전라북도 전주시 덕진구 덕진동1가,경상사고,0,0,2,0,차대사람 - 횡단중,안전운전불이행,건조,맑음,교차로 - 교차로부근,이륜,남,26세,상해없음,보행자,여,22세,경상
2018062200100608,2018년 6월 22일 19시,금요일,전라북도 전주시 완산구 중노송동,경상사고,0,0,2,0,차대차 - 추돌,안전거리미확보,건조,맑음,단일로 - 기타,승용,남,29세,상해없음,승용,여,53세,경상
2018062200100609,2018년 6월 22일 19시,금요일,전라북도 전주시 완산구 평화동2가,경상사고,0,0,1,0,차대차 - 측면충돌,안전운전불이행,건조,맑음,단일로 - 기타,승용,여,56세,상해없음,이륜,남,44세,경상
2018062200100610,2018년 6월 22일 19시,금요일,전라북도 전주시 완산구 효자동2가,경상사고,0,0,1,0,차대차 - 추돌,안전운전불이행,건조,맑음,단일로 - 기타,승용,남,40세,상해없음,승용,남,48세,경상
2018062200100654,2018년 6월 22일 20시,금요일,전라북도 군산시 경암동,중상사고,0,1,0,0,차대차 - 측면충돌,중앙선침범,건조,맑음,단일로 - 기타,승용,남,59세,상해없음,원동기,남,23세,중상
2018062200100655,2018년 6월 22일 20시,금요일,전라북도 익산시 오산면,사망사고,1,0,0,0,차대차 - 정면충돌,기타,건조,맑음,교차로 - 교차로안,승용,남,40세,상해없음,자전거,남,70세,사망
2018062200100700,2018년 6월 22일 21시,금요일,전라북도 전주시 완산구 중화산동2가,경상사고,0,0,2,0,차대차 - 추돌,안전거리미확보,건조,맑음,단일로 - 기타,승용,남,64세,상해없음,승용,남,28세,경상
2018062200100757,2018년 6월 22일 23시,금요일,전라북도 전주시 완산구 삼천동2가,경상사고,0,0,1,0,차대차 - 측면충돌,중앙선침범,건조,맑음,단일로 - 기타,승용,여,50세,상해없음,승용,남,22세,경상
2018062300100017,2018년 6월 23일 00시,토요일,전라북도 전주시 완산구 중화산동2가,경상사고,0,0,1,0,차대차 - 기타,직진우회전진행방해,건조,맑음,교차로 - 교차로안,승용,남,40세,상해없음,승용,남,49세,경상
2018062300100018,2018년 6월 23일 00시,토요일,전라북도 전주시 덕진구 인후동1가,중상사고,0,1,3,0,차대차 - 추돌,안전운전불이행,건조,맑음,교차로 - 교차로부근,승용,여,46세,상해없음,이륜,남,67세,중상
2018062300100032,2018년 6월 23일 01시,토요일,전라북도 전주시 덕진구 금암동,경상사고,0,0,2,0,차대차 - 추돌,안전운전불이행,건조,맑음,교차로 - 교차로부근,승용,남,61세,상해없음,화물,남,64세,경상
2018062300100095,2018년 6월 23일 06시,토요일,전라북도 무주군 적상면,중상사고,0,1,2,0,차대차 - 측면충돌,안전운전불이행,건조,맑음,교차로 - 교차로안,화물,남,69세,경상,화물,여,67세,경상
2018062300100147,2018년 6월 23일 09시,토요일,전라북도 군산시 대명동,경상사고,0,0,1,0,차대차 - 기타,안전운전불이행,건조,맑음,단일로 - 기타,승용,남,25세,상해없음,자전거,남,74세,경상
2018062300100148,2018년 6월 23일 09시,토요일,전라북도 임실군 임실읍,경상사고,0,0,1,0,차대차 - 측면충돌,안전운전불이행,건조,맑음,교차로 - 교차로부근,승용,남,47세,상해없음,승용,남,62세,경상
2018062300100149,2018년 6월 23일 09시,토요일,전라북도 임실군 오수면,중상사고,0,1,1,0,차대차 - 정면충돌,중앙선침범,건조,맑음,단일로 - 기타,화물,남,58세,중상,건설기계,남,36세,경상
2018062300100176,2018년 6월 23일 10시,토요일,전라북도 전주시 완산구 효자동2가,중상사고,0,1,0,0,차대차 - 기타,안전운전불이행,건조,맑음,교차로 - 교차로횡단보도내,승용,남,28세,상해없음,자전거,남,7세,중상
2018062300100177,2018년 6월 23일 10시,토요일,전라북도 전주시 완산구 중노송동,경상사고,0,0,1,0,차대차 - 기타,신호위반,건조,맑음,교차로 - 교차로안,승용,남,71세,상해없음,승용,남,65세,경상
2018062300100178,2018년 6월 23일 10시,토요일,전라북도 익산시 부송동,경상사고,0,0,1,0,차대차 - 측면충돌,안전운전불이행,건조,맑음,교차로 - 교차로안,승용,여,34세,상해없음,화물,남,67세,경상
2018062300100219,2018년 6월 23일 11시,토요일,전라북도 고창군 고창읍,경상사고,0,0,1,0,차대사람 - 횡단중,보행자보호의무위반,건조,맑음,교차로 - 교차로안,승용,여,52세,상해없음,보행자,여,75세,경상
2018062300100257,2018년 6월 23일 12시,토요일,전라북도 전주시 덕진구 팔복동2가,중상사고,0,2,0,0,차대차 - 기타,신호위반,건조,맑음,교차로 - 교차로안,승용,남,38세,상해없음,승용,남,40세,중상
2018062300100372,2018년 6월 23일 15시,토요일,전라북도 남원시 도통동,경상사고,0,0,1,0,차대차 - 기타,중앙선침범,건조,맑음,교차로 - 교차로부근,자전거,남,11세,경상,원동기,남,37세,상해없음
2018062300100373,2018년 6월 23일 15시,토요일,전라북도 장수군 천천면,경상사고,0,0,1,0,차량단독 - 전도전복 - 전도,안전운전불이행,건조,맑음,단일로 - 기타,이륜,남,76세,경상,미분류,미분류,미분류,미분류
2018062300100409,2018년 6월 23일 16시,토요일,전라북도 정읍시 북면,경상사고,0,0,3,0,차대차 - 측면충돌,교차로운행방법위반,건조,맑음,교차로 - 교차로안,승용,여,51세,경상,승용,남,43세,경상
2018062300100493,2018년 6월 23일 19시,토요일,전라북도 전주시 덕진구 송천동2가,경상사고,0,0,2,0,차대차 - 측면충돌,안전운전불이행,건조,맑음,교차로 - 교차로부근,승용,남,50세,상해없음,승용,남,24세,경상
2018062300100519,2018년 6월 23일 20시,토요일,전라북도 전주시 완산구 용복동,중상사고,0,1,4,0,차대차 - 정면충돌,안전운전불이행,건조,맑음,교차로 - 교차로안,승용,남,48세,경상,승합,남,70세,경상
2018062300100550,2018년 6월 23일 21시,토요일,전라북도 전주시 완산구 서신동,경상사고,0,0,7,0,차대차 - 추돌,안전운전불이행,건조,맑음,교차로 - 교차로부근,승용,남,54세,상해없음,승용,남,50세,경상
2018062300100551,2018년 6월 23일 21시,토요일,전라북도 익산시 영등동,사망사고,1,0,0,0,차대차 - 기타,교차로운행방법위반,건조,맑음,교차로 - 교차로안,승용,남,39세,상해없음,이륜,남,20세,사망
2018062300100598,2018년 6월 23일 23시,토요일,전라북도 군산시 문화동,경상사고,0,0,4,0,차대차 - 추돌,안전거리미확보,건조,맑음,교차로 - 교차로안,승용,남,49세,상해없음,승용,남,55세,경상
2018062400100055,2018년 6월 24일 04시,일요일,전라북도 군산시 산북동,중상사고,0,1,0,0,차량단독 - 도로외이탈 - 추락,안전운전불이행,건조,맑음,교차로 - 교차로부근,승용,남,24세,상해없음,,,,
2018062400100118,2018년 6월 24일 09시,일요일,전라북도 정읍시 시기동,경상사고,0,0,5,0,차대차 - 정면충돌,중앙선침범,건조,맑음,교차로 - 교차로부근,승용,여,58세,경상,승용,남,40세,경상
2018062400100133,2018년 6월 24일 10시,일요일,전라북도 임실군 강진면,경상사고,0,0,1,0,차대차 - 측면충돌,교차로운행방법위반,건조,맑음,교차로 - 교차로안,승용,남,59세,상해없음,이륜,남,83세,경상
2018062400100193,2018년 6월 24일 13시,일요일,전라북도 정읍시 연지동,경상사고,0,0,2,0,차대차 - 측면충돌,직진우회전진행방해,건조,맑음,교차로 - 교차로안,승용,남,27세,상해없음,승용,남,64세,경상
2018062400100194,2018년 6월 24일 13시,일요일,전라북도 부안군 줄포면,경상사고,0,0,3,0,차대차 - 측면충돌,신호위반,건조,맑음,교차로 - 교차로안,승용,남,22세,경상,승용,남,56세,경상
2018062400100247,2018년 6월 24일 15시,일요일,전라북도 전주시 덕진구 동산동,경상사고,0,0,1,0,차대사람 - 횡단중,기타,건조,맑음,단일로 - 기타,승용,남,27세,상해없음,보행자,여,8세,경상
2018062400100248,2018년 6월 24일 15시,일요일,전라북도 전주시 덕진구 송천동1가,경상사고,0,0,2,0,차대차 - 추돌,안전거리미확보,건조,맑음,교차로 - 교차로부근,승용,여,32세,기타불명,승용,여,50세,경상
2018062400100249,2018년 6월 24일 15시,일요일,전라북도 군산시 경장동,경상사고,0,0,1,0,차대차 - 측면충돌,교차로운행방법위반,건조,맑음,교차로 - 교차로안,승용,남,70세,상해없음,화물,남,43세,상해없음
2018062400100278,2018년 6월 24일 16시,일요일,전라북도 부안군 보안면,중상사고,0,1,0,0,차량단독 - 기타,안전운전불이행,건조,맑음,단일로 - 기타,원동기,남,54세,중상,,,,
2018062400100308,2018년 6월 24일 17시,일요일,전라북도 순창군 적성면,사망사고,1,0,0,0,차대차 - 측면충돌,안전운전불이행,건조,맑음,단일로 - 기타,화물,남,51세,상해없음,자전거,남,79세,사망
2018062400100340,2018년 6월 24일 18시,일요일,전라북도 군산시 사정동,중상사고,0,1,0,0,차대사람 - 기타,안전운전불이행,건조,맑음,단일로 - 기타,승용,남,48세,상해없음,보행자,남,58세,중상
2018062400100409,2018년 6월 24일 21시,일요일,전라북도 익산시 창인동1가,경상사고,0,0,1,0,차대사람 - 기타,안전운전불이행,건조,맑음,단일로 - 기타,승용,남,32세,상해없음,보행자,남,43세,경상
2018062400100448,2018년 6월 24일 23시,일요일,전라북도 전주시 완산구 중앙동3가,경상사고,0,0,2,0,차대차 - 기타,안전운전불이행,건조,맑음,단일로 - 기타,승용,남,58세,상해없음,승용,남,58세,경상
2018062400100449,2018년 6월 24일 23시,일요일,전라북도 익산시 신동,경상사고,0,0,1,0,차대차 - 측면충돌,안전운전불이행,건조,맑음,교차로 - 교차로안,승용,남,55세,상해없음,이륜,남,26세,경상
2018062500100008,2018년 6월 25일 00시,월요일,전라북도 전주시 덕진구 우아동3가,경상사고,0,0,1,0,차대차 - 기타,교차로운행방법위반,건조,맑음,교차로 - 교차로안,승용,남,51세,상해없음,승용,여,52세,경상
2018062500100061,2018년 6월 25일 06시,월요일,전라북도 전주시 덕진구 팔복동2가,경상사고,0,0,1,0,차대차 - 기타,교차로운행방법위반,건조,맑음,교차로 - 교차로안,승용,남,81세,상해없음,승합,남,58세,경상
2018062500100124,2018년 6월 25일 08시,월요일,전라북도 전주시 덕진구 장동,경상사고,0,0,1,0,차대차 - 측면충돌,안전운전불이행,건조,맑음,교차로 - 교차로안,승용,남,28세,상해없음,자전거,남,35세,경상
2018062500100125,2018년 6월 25일 08시,월요일,전라북도 전주시 덕진구 송천동2가,경상사고,0,0,1,0,차대사람 - 횡단중,보행자보호의무위반,건조,맑음,단일로 - 기타,화물,남,44세,상해없음,보행자,남,75세,경상
2018062500100126,2018년 6월 25일 08시,월요일,전라북도 익산시 부송동,경상사고,0,0,1,0,차대차 - 기타,안전운전불이행,건조,맑음,교차로 - 교차로안,승용,여,53세,상해없음,개인형이동수단(PM),남,67세,경상
2018062500100127,2018년 6월 25일 08시,월요일,전라북도 고창군 심원면,중상사고,0,1,0,0,차대차 - 측면충돌,불법유턴,건조,맑음,교차로 - 교차로안,승용,남,30세,상해없음,이륜,남,36세,중상
2018062500100232,2018년 6월 25일 11시,월요일,전라북도 전주시 완산구 중앙동3가,중상사고,0,1,0,0,차대사람 - 횡단중,신호위반,건조,맑음,기타 - 기타,승용,남,78세,상해없음,보행자,남,65세,중상
2018062500100275,2018년 6월 25일 12시,월요일,전라북도 정읍시 상동,중상사고,0,1,0,0,차대차 - 측면충돌,직진우회전진행방해,건조,맑음,교차로 - 교차로안,화물,여,46세,상해없음,자전거,여,75세,중상
2018062500100276,2018년 6월 25일 12시,월요일,전라북도 부안군 보안면,중상사고,0,1,3,0,차대차 - 추돌,안전운전불이행,건조,맑음,단일로 - 기타,화물,남,63세,상해없음,승용,남,76세,중상
2018062500100277,2018년 6월 25일 12시,월요일,전라북도 임실군 관촌면,중상사고,0,1,2,0,차대차 - 측면충돌,교차로운행방법위반,건조,맑음,교차로 - 교차로안,승용,여,63세,상해없음,승용,여,59세,중상
2018062500100278,2018년 6월 25일 12시,월요일,전라북도 무주군 무풍면,사망사고,1,0,0,0,차량단독 - 전도전복 - 전도,안전운전불이행,건조,맑음,단일로 - 기타,화물,남,65세,사망,미분류,미분류,미분류,미분류
2018062500100317,2018년 6월 25일 13시,월요일,전라북도 전주시 완산구 서노송동,사망사고,1,0,0,0,차대사람 - 기타,안전운전불이행,건조,맑음,단일로 - 기타,화물,남,65세,상해없음,보행자,여,81세,사망
2018062500100318,2018년 6월 25일 13시,월요일,전라북도 정읍시 상평동,경상사고,0,0,1,0,차대차 - 추돌,안전거리미확보,건조,맑음,교차로 - 교차로부근,화물,남,49세,상해없음,승용,여,55세,경상
2018062500100319,2018년 6월 25일 13시,월요일,전라북도 남원시 운봉읍,중상사고,0,1,0,0,차대사람 - 기타,안전운전불이행,건조,맑음,기타 - 기타,화물,여,51세,상해없음,보행자,여,70세,중상
2018062500100361,2018년 6월 25일 14시,월요일,전라북도 전주시 완산구 남노송동,경상사고,0,0,1,0,차대차 - 기타,안전운전불이행,건조,맑음,교차로 - 교차로안,승용,여,58세,상해없음,승용,여,27세,경상
2018062500100362,2018년 6월 25일 14시,월요일,전라북도 전주시 덕진구 팔복동2가,경상사고,0,0,1,0,차대차 - 측면충돌,안전운전불이행,건조,맑음,교차로 - 교차로안,승용,남,58세,상해없음,승용,여,20세,경상
2018062500100363,2018년 6월 25일 14시,월요일,전라북도 전주시 덕진구 반월동,경상사고,0,0,1,0,차대차 - 측면충돌,안전거리미확보,건조,맑음,교차로 - 교차로부근,승용,여,66세,상해없음,승용,여,33세,경상
2018062500100405,2018년 6월 25일 15시,월요일,전라북도 전주시 덕진구 만성동,경상사고,0,0,1,0,차대차 - 측면충돌,안전운전불이행,건조,맑음,교차로 - 교차로안,건설기계,남,54세,상해없음,승용,여,59세,경상
2018062500100406,2018년 6월 25일 15시,월요일,전라북도 군산시 산북동,경상사고,0,0,1,0,차대차 - 측면충돌,직진우회전진행방해,건조,맑음,교차로 - 교차로안,승용,남,47세,상해없음,이륜,여,68세,경상
2018062500100454,2018년 6월 25일 16시,월요일,전라북도 정읍시 정우면,중상사고,0,1,1,0,차대차 - 기타,안전운전불이행,건조,맑음,단일로 - 기타,건설기계,남,62세,경상,화물,남,43세,중상
2018062500100496,2018년 6월 25일 17시,월요일,전라북도 완주군 봉동읍,경상사고,0,0,1,0,차대차 - 추돌,안전거리미확보,건조,맑음,교차로 - 교차로부근,이륜,남,17세,경상,화물,남,62세,상해없음
2018062500100544,2018년 6월 25일 18시,월요일,전라북도 정읍시 상동,경상사고,0,0,1,0,차대차 - 측면충돌,신호위반,건조,맑음,교차로 - 교차로안,승용,남,29세,상해없음,특수,남,42세,경상
2018062500100583,2018년 6월 25일 19시,월요일,전라북도 완주군 봉동읍,경상사고,0,0,1,0,차대차 - 측면충돌,직진우회전진행방해,건조,맑음,교차로 - 교차로안,자전거,남,55세,경상,승용,남,37세,상해없음
2018062500100614,2018년 6월 25일 20시,월요일,전라북도 전주시 완산구 전동,경상사고,0,0,1,0,차대차 - 측면충돌,신호위반,건조,맑음,교차로 - 교차로안,이륜,남,48세,상해없음,승용,남,29세,경상
2018062500100615,2018년 6월 25일 20시,월요일,전라북도 익산시 여산면,중상사고,0,1,1,0,차대사람 - 차도통행중,안전운전불이행,건조,맑음,단일로 - 기타,화물,남,68세,상해없음,보행자,여,54세,경상
2018062500100616,2018년 6월 25일 20시,월요일,전라북도 익산시 황등면,경상사고,0,0,1,0,차대사람 - 횡단중,안전운전불이행,건조,맑음,교차로 - 교차로부근,승용,남,31세,상해없음,보행자,여,20세,경상
2018062500100672,2018년 6월 25일 22시,월요일,전라북도 군산시 나운동,사망사고,1,0,0,0,차대사람 - 횡단중,안전운전불이행,건조,맑음,단일로 - 기타,화물,남,44세,상해없음,보행자,여,54세,사망
2018062600100030,2018년 6월 26일 02시,화요일,전라북도 완주군 고산면,중상사고,0,1,0,0,차량단독 - 공작물충돌,안전운전불이행,건조,맑음,교차로 - 교차로부근,승용,남,22세,상해없음,,,,
2018062600100031,2018년 6월 26일 02시,화요일,전라북도 정읍시 입암면,사망사고,1,0,1,0,차대차 - 추돌,안전운전불이행,건조,맑음,단일로 - 기타,화물,남,42세,사망,화물,남,46세,경상
2018062600100049,2018년 6월 26일 04시,화요일,전라북도 완주군 소양면,사망사고,1,4,3,0,차대차 - 추돌,안전운전불이행,건조,맑음,단일로 - 기타,화물,남,61세,사망,화물,남,71세,경상
2018062600100061,2018년 6월 26일 05시,화요일,전라북도 전주시 덕진구 덕진동1가,경상사고,0,0,1,0,차대사람 - 기타,안전운전불이행,젖음/습기,비,교차로 - 교차로부근,승용,남,50세,상해없음,보행자,남,24세,경상
2018062600100062,2018년 6월 26일 05시,화요일,전라북도 무주군 적상면,중상사고,0,1,0,0,차량단독 - 공작물충돌,안전운전불이행,젖음/습기,비,단일로 - 기타,화물,남,72세,중상,,,,
2018062600100075,2018년 6월 26일 06시,화요일,전라북도 익산시 마동,경상사고,0,0,1,0,차대차 - 측면충돌,신호위반,건조,맑음,교차로 - 교차로안,승용,남,23세,상해없음,승용,여,36세,경상
2018062600100096,2018년 6월 26일 07시,화요일,전라북도 익산시 마동,중상사고,0,1,4,0,차대차 - 측면충돌,중앙선침범,건조,맑음,교차로 - 교차로부근,승합,남,65세,상해없음,승용,여,62세,경상
2018062600100097,2018년 6월 26일 07시,화요일,전라북도 완주군 용진읍,중상사고,0,1,0,0,차대차 - 측면충돌,안전운전불이행,건조,맑음,교차로 - 교차로안,승용,남,29세,상해없음,승용,여,48세,중상
2018062600100189,2018년 6월 26일 09시,화요일,전라북도 익산시 금마면,경상사고,0,0,1,0,차대사람 - 횡단중,보행자보호의무위반,건조,맑음,교차로 - 교차로안,화물,남,63세,상해없음,보행자,여,59세,경상
2018062600100190,2018년 6월 26일 09시,화요일,전라북도 김제시 만경읍,중상사고,0,1,1,0,차대차 - 측면충돌,신호위반,건조,맑음,교차로 - 교차로안,화물,남,75세,상해없음,승용,남,78세,경상
2018062600100191,2018년 6월 26일 09시,화요일,전라북도 진안군 안천면,경상사고,0,0,3,0,차대차 - 측면충돌,직진우회전진행방해,젖음/습기,비,교차로 - 교차로안,승용,남,67세,상해없음,승용,남,52세,경상
2018062600100224,2018년 6월 26일 10시,화요일,전라북도 전주시 덕진구 인후동1가,경상사고,0,0,1,0,차대차 - 측면충돌,직진우회전진행방해,건조,맑음,교차로 - 교차로안,승용,남,52세,상해없음,화물,남,45세,경상
2018062600100251,2018년 6월 26일 11시,화요일,전라북도 군산시 옥도면,중상사고,0,2,1,0,차대차 - 추돌,안전거리미확보,건조,맑음,교차로 - 교차로안,승용,남,65세,중상,승용,남,59세,경상
2018062600100279,2018년 6월 26일 12시,화요일,전라북도 김제시 요촌동,경상사고,0,0,2,0,차대차 - 측면충돌,차로위반,건조,맑음,교차로 - 교차로안,승용,여,32세,상해없음,화물,남,50세,경상
2018062600100330,2018년 6월 26일 14시,화요일,전라북도 남원시 쌍교동,중상사고,0,1,0,0,차대차 - 측면충돌,안전운전불이행,젖음/습기,비,교차로 - 교차로부근,화물,남,77세,상해없음,자전거,남,77세,중상
2018062600100367,2018년 6월 26일 15시,화요일,전라북도 군산시 문화동,중상사고,0,1,0,0,차대차 - 측면충돌,교차로운행방법위반,건조,맑음,교차로 - 교차로안,승용,남,67세,상해없음,이륜,여,44세,중상
2018062600100369,2018년 6월 26일 15시,화요일,전라북도 장수군 계북면,중상사고,0,6,8,0,차대차 - 측면충돌,차로위반,건조,맑음,단일로 - 기타,특수,남,48세,상해없음,승합,남,37세,중상
2018062600100480,2018년 6월 26일 18시,화요일,전라북도 완주군 소양면,중상사고,0,1,0,0,차대차 - 추돌,안전운전불이행,건조,맑음,단일로 - 기타,이륜,남,62세,상해없음,승용,여,40세,상해없음
2018062600100513,2018년 6월 26일 19시,화요일,전라북도 익산시 임상동,중상사고,0,1,0,0,차대차 - 추돌,안전운전불이행,건조,맑음,단일로 - 기타,승용,남,29세,상해없음,화물,남,55세,중상
2018062600100548,2018년 6월 26일 20시,화요일,전라북도 완주군 삼례읍,경상사고,0,0,1,0,차대차 - 추돌,안전운전불이행,건조,맑음,단일로 - 기타,승용,남,55세,상해없음,승용,남,53세,경상
2018062600100618,2018년 6월 26일 22시,화요일,전라북도 정읍시 정우면,중상사고,0,1,0,0,차대차 - 기타,차로위반,젖음/습기,비,단일로 - 기타,승용,여,44세,상해없음,승용,남,43세,중상
2018062600100642,2018년 6월 26일 23시,화요일,전라북도 전주시 덕진구 반월동,경상사고,0,0,1,0,차대차 - 추돌,안전운전불이행,젖음/습기,비,교차로 - 교차로부근,승용,남,18세,상해없음,승용,여,52세,경상
2018062600100643,2018년 6월 26일 23시,화요일,전라북도 군산시 신풍동,경상사고,0,0,1,0,차대차 - 정면충돌,안전운전불이행,젖음/습기,비,교차로 - 교차로안,승용,여,33세,상해없음,승용,여,58세,경상
2018062700100011,2018년 6월 27일 00시,수요일,전라북도 전주시 완산구 중화산동2가,경상사고,0,0,1,0,차대사람 - 기타,안전운전불이행,젖음/습기,비,교차로 - 교차로부근,승용,남,36세,상해없음,보행자,남,24세,경상
2018062700100021,2018년 6월 27일 01시,수요일,전라북도 전주시 덕진구 금암동,중상사고,0,1,1,0,차대사람 - 횡단중,안전운전불이행,젖음/습기,비,단일로 - 기타,승용,여,26세,상해없음,보행자,남,19세,중상
2018062700100031,2018년 6월 27일 02시,수요일,전라북도 정읍시 하북동,경상사고,0,0,1,0,차량단독 - 공작물충돌,안전운전불이행,젖음/습기,비,단일로 - 기타,승용,남,59세,경상,,,,
2018062700100113,2018년 6월 27일 08시,수요일,전라북도 익산시 마동,경상사고,0,0,1,0,차대차 - 기타,직진우회전진행방해,건조,맑음,교차로 - 교차로안,승용,남,63세,상해없음,승용,여,41세,경상
2018062700100171,2018년 6월 27일 10시,수요일,전라북도 정읍시 연지동,경상사고,0,0,1,0,차대차 - 측면충돌,신호위반,건조,맑음,교차로 - 교차로안,화물,남,74세,상해없음,승용,여,51세,경상
2018062700100172,2018년 6월 27일 10시,수요일,전라북도 순창군 복흥면,경상사고,0,0,2,0,차대차 - 측면충돌,안전운전불이행,건조,맑음,단일로 - 기타,승용,남,67세,경상,화물,여,60세,경상
2018062700100240,2018년 6월 27일 13시,수요일,전라북도 김제시 진봉면,경상사고,0,0,1,0,차대차 - 측면충돌,기타,건조,맑음,교차로 - 교차로안,승용,여,56세,상해없음,화물,남,68세,경상
2018062700100328,2018년 6월 27일 16시,수요일,전라북도 군산시 임피면,경상사고,0,0,2,0,차대차 - 기타,신호위반,건조,맑음,교차로 - 교차로안,승용,여,45세,상해없음,원동기,남,83세,경상