사고번호,사고일시,요일,시군구,사고내용,사망자수,중상자수,경상자수,부상신고자수,사고유형,법규위반,노면상태,기상상태,도로형태,가해운전자 차종,가해운전자 성별,가해운전자 연령,가해운전자 상해정도,피해운전자 차종,피해운전자 성별,피해운전자 연령,피해운전자 상해정도
2018062700100329,2018년 6월 27일 16시,수요일,전라북도 정읍시 시기동,경상사고,0,0,1,0,차대차 - 후진중충돌,안전운전불이행,건조,맑음,교차로 - 교차로부근,승용,여,45세,상해없음,승용,여,45세,경상
2018062700100372,2018년 6월 27일 17시,수요일,전라북도 군산시 삼학동,중상사고,0,1,0,0,차대사람 - 기타,안전운전불이행,건조,맑음,교차로 - 교차로안,승용,남,58세,상해없음,보행자,남,58세,중상
2018062700100422,2018년 6월 27일 18시,수요일,전라북도 익산시 부송동,경상사고,0,0,1,0,차대사람 - 길가장자리구역통행중,안전운전불이행,건조,맑음,단일로 - 기타,화물,남,55세,기타불명,보행자,여,53세,경상
2018062700100506,2018년 6월 27일 21시,수요일,전라북도 전주시 완산구 효자동3가,경상사고,0,0,5,0,차대차 - 추돌,안전운전불이행,젖음/습기,흐림,단일로 - 기타,승용,남,53세,상해없음,승용,여,52세,경상
2018062700100507,2018년 6월 27일 21시,수요일,전라북도 정읍시 상동,중상사고,0,1,1,0,차대차 - 추돌,안전운전불이행,건조,흐림,단일로 - 기타,승용,남,24세,상해없음,승용,여,39세,경상
2018062700100539,2018년 6월 27일 22시,수요일,전라북도 전주시 덕진구 우아동3가,경상사고,0,0,1,0,차대사람 - 횡단중,안전운전불이행,건조,흐림,단일로 - 기타,승용,남,28세,상해없음,보행자,여,62세,경상
2018062800100006,2018년 6월 28일 00시,목요일,전라북도 익산시 왕궁면,경상사고,0,0,2,0,차대차 - 기타,안전거리미확보,건조,맑음,단일로 - 기타,화물,남,53세,경상,승용,남,57세,경상
2018062800100019,2018년 6월 28일 01시,목요일,전라북도 전주시 덕진구 우아동3가,경상사고,0,0,3,0,차대차 - 추돌,안전거리미확보,건조,흐림,교차로 - 교차로부근,승용,남,58세,상해없음,승용,남,57세,경상
2018062800100072,2018년 6월 28일 06시,목요일,전라북도 군산시 내초동,경상사고,0,0,2,0,차대차 - 추돌,안전운전불이행,건조,맑음,교차로 - 교차로부근,승용,남,22세,상해없음,승용,남,32세,경상
2018062800100197,2018년 6월 28일 10시,목요일,전라북도 익산시 창인동1가,경상사고,0,0,1,0,차대사람 - 보도통행중,안전운전불이행,건조,맑음,교차로 - 교차로부근,승용,여,45세,상해없음,보행자,남,77세,경상
2018062800100198,2018년 6월 28일 10시,목요일,전라북도 남원시 송동면,중상사고,0,1,2,0,차대차 - 측면충돌,교차로운행방법위반,건조,맑음,교차로 - 교차로안,화물,남,43세,상해없음,화물,남,40세,경상
2018062800100226,2018년 6월 28일 11시,목요일,전라북도 전주시 덕진구 덕진동1가,경상사고,0,0,1,0,차대차 - 추돌,안전거리미확보,건조,기타,단일로 - 기타,승용,남,69세,상해없음,승용,여,55세,경상
2018062800100249,2018년 6월 28일 12시,목요일,전라북도 임실군 관촌면,경상사고,0,0,4,0,차대차 - 추돌,안전운전불이행,건조,흐림,단일로 - 기타,승용,남,43세,상해없음,승용,남,38세,경상
2018062800100270,2018년 6월 28일 13시,목요일,전라북도 임실군 강진면,경상사고,0,0,1,0,차대차 - 측면충돌,안전운전불이행,건조,흐림,단일로 - 기타,승용,여,43세,상해없음,승용,남,38세,경상
2018062800100297,2018년 6월 28일 14시,목요일,전라북도 익산시 중앙동1가,중상사고,0,1,1,0,차대차 - 측면충돌,신호위반,건조,맑음,교차로 - 교차로안,승용,남,37세,경상,이륜,남,31세,중상
2018062800100298,2018년 6월 28일 14시,목요일,전라북도 부안군 행안면,중상사고,0,1,2,0,차대차 - 측면충돌,과속,건조,맑음,교차로 - 교차로부근,승용,남,27세,경상,화물,남,58세,중상
2018062800100353,2018년 6월 28일 16시,목요일,전라북도 정읍시 연지동,중상사고,0,1,0,0,차대사람 - 횡단중,보행자보호의무위반,건조,맑음,단일로 - 기타,승용,남,71세,상해없음,보행자,여,6세,중상
2018062800100432,2018년 6월 28일 18시,목요일,전라북도 전주시 완산구 삼천동1가,중상사고,0,1,0,0,차대사람 - 횡단중,안전운전불이행,젖음/습기,비,교차로 - 교차로안,승용,여,31세,상해없음,보행자,여,53세,중상
2018062800100434,2018년 6월 28일 18시,목요일,전라북도 고창군 고창읍,사망사고,1,0,0,0,차대사람 - 횡단중,안전운전불이행,건조,맑음,교차로 - 교차로안,화물,남,61세,상해없음,보행자,남,80세,사망
2018062800100469,2018년 6월 28일 19시,목요일,전라북도 정읍시 상동,경상사고,0,0,3,0,차대차 - 추돌,안전거리미확보,건조,맑음,교차로 - 교차로안,승용,남,58세,상해없음,승용,남,53세,경상
2018062800100502,2018년 6월 28일 20시,목요일,전라북도 전주시 완산구 서신동,중상사고,0,1,0,0,차대사람 - 횡단중,안전운전불이행,젖음/습기,흐림,단일로 - 기타,승용,남,30세,상해없음,보행자,여,54세,중상
2018062800100503,2018년 6월 28일 20시,목요일,전라북도 군산시 미룡동,경상사고,0,0,1,0,차대사람 - 기타,안전운전불이행,건조,맑음,단일로 - 기타,승용,남,48세,상해없음,보행자,남,44세,경상
2018062800100536,2018년 6월 28일 21시,목요일,전라북도 익산시 어양동,경상사고,0,0,1,0,차대차 - 측면충돌,신호위반,건조,맑음,교차로 - 교차로안,이륜,남,24세,상해없음,이륜,남,32세,경상
2018062900100011,2018년 6월 29일 00시,금요일,전라북도 익산시 영등동,경상사고,0,0,1,0,차대차 - 정면충돌,중앙선침범,건조,맑음,단일로 - 기타,승용,남,24세,상해없음,승용,남,58세,경상
2018062900100053,2018년 6월 29일 05시,금요일,전라북도 장수군 장계면,중상사고,0,2,2,0,차량단독 - 공작물충돌,안전운전불이행,건조,맑음,단일로 - 기타,승합,남,36세,상해없음,,,,
2018062900100080,2018년 6월 29일 07시,금요일,전라북도 김제시 만경읍,경상사고,0,0,1,0,차대차 - 측면충돌,신호위반,건조,맑음,교차로 - 교차로안,승용,여,30세,상해없음,승용,남,27세,경상
2018062900100115,2018년 6월 29일 08시,금요일,전라북도 장수군 장수읍,중상사고,0,1,0,0,차대차 - 기타,안전운전불이행,기타,맑음,교차로 - 교차로부근,승용,여,51세,상해없음,원동기,남,79세,중상
2018062900100148,2018년 6월 29일 09시,금요일,전라북도 전주시 덕진구 진북동,경상사고,0,0,1,0,차대차 - 측면충돌,안전운전불이행,건조,맑음,교차로 - 교차로부근,승용,남,32세,상해없음,이륜,여,66세,경상
2018062900100203,2018년 6월 29일 11시,금요일,전라북도 전주시 완산구 중화산동1가,경상사고,0,0,2,0,차대사람 - 기타,보행자보호의무위반,건조,맑음,기타 - 기타,승용,여,64세,상해없음,보행자,여,29세,경상
2018062900100269,2018년 6월 29일 13시,금요일,전라북도 익산시 영등동,경상사고,0,0,1,0,차대차 - 측면충돌,중앙선침범,건조,맑음,단일로 - 기타,승용,여,55세,상해없음,승용,여,39세,경상
2018062900100303,2018년 6월 29일 14시,금요일,전라북도 익산시 송학동,경상사고,0,0,1,0,차대사람 - 기타,보행자보호의무위반,건조,맑음,교차로 - 교차로안,승용,여,41세,상해없음,보행자,여,57세,경상
2018062900100342,2018년 6월 29일 15시,금요일,전라북도 김제시 갈공동,중상사고,0,1,0,0,차대차 - 측면충돌,안전운전불이행,건조,맑음,교차로 - 교차로안,건설기계,남,46세,상해없음,이륜,남,65세,중상
2018062900100380,2018년 6월 29일 16시,금요일,전라북도 정읍시 태인면,경상사고,0,0,1,0,차대차 - 측면충돌,안전운전불이행,건조,맑음,단일로 - 기타,화물,남,58세,상해없음,승용,남,31세,경상
2018062900100381,2018년 6월 29일 16시,금요일,전라북도 김제시 금구면,중상사고,0,1,1,0,차대차 - 측면충돌,직진우회전진행방해,건조,맑음,교차로 - 교차로안,승합,남,55세,상해없음,화물,남,55세,경상
2018062900100422,2018년 6월 29일 17시,금요일,전라북도 전주시 완산구 평화동2가,부상신고사고,0,0,0,1,차대사람 - 횡단중,안전운전불이행,건조,맑음,단일로 - 기타,화물,남,50세,상해없음,보행자,남,7세,부상신고
2018062900100423,2018년 6월 29일 17시,금요일,전라북도 군산시 옥산면,중상사고,0,1,0,0,차대차 - 측면충돌,안전운전불이행,건조,맑음,단일로 - 기타,건설기계,남,59세,상해없음,승용,남,28세,중상
2018062900100471,2018년 6월 29일 18시,금요일,전라북도 전주시 덕진구 금암동,경상사고,0,0,2,0,차대차 - 측면충돌,신호위반,건조,흐림,교차로 - 교차로안,승용,여,63세,상해없음,승용,남,28세,경상
2018062900100472,2018년 6월 29일 18시,금요일,전라북도 김제시 요촌동,중상사고,0,1,0,0,차대차 - 측면충돌,교차로운행방법위반,건조,맑음,교차로 - 교차로안,승용,남,41세,상해없음,이륜,남,16세,중상
2018062900100578,2018년 6월 29일 21시,금요일,전라북도 전주시 완산구 평화동2가,중상사고,0,1,1,0,차대차 - 측면충돌,교차로운행방법위반,건조,맑음,교차로 - 교차로안,승용,여,59세,상해없음,이륜,남,19세,경상
2018062900100579,2018년 6월 29일 21시,금요일,전라북도 남원시 대산면,사망사고,1,0,0,0,차대차 - 기타,과속,건조,흐림,단일로 - 기타,승용,남,26세,상해없음,승용,남,56세,사망
2018062900100637,2018년 6월 29일 23시,금요일,전라북도 남원시 화정동,사망사고,1,0,0,0,차대차 - 추돌,안전운전불이행,건조,흐림,단일로 - 기타,화물,남,54세,사망,화물,남,56세,상해없음
2018063000100036,2018년 6월 30일 01시,토요일,전라북도 군산시 수송동,경상사고,0,0,1,0,차대차 - 측면충돌,신호위반,건조,맑음,교차로 - 교차로안,승용,남,63세,상해없음,승용,남,72세,경상
2018063000100101,2018년 6월 30일 07시,토요일,전라북도 익산시 마동,중상사고,0,1,0,0,차대사람 - 횡단중,신호위반,건조,맑음,교차로 - 교차로부근,승합,남,50세,상해없음,보행자,여,82세,중상
2018063000100160,2018년 6월 30일 10시,토요일,전라북도 익산시 마동,경상사고,0,0,1,0,차대사람 - 기타,안전운전불이행,건조,맑음,교차로 - 교차로안,승용,여,58세,상해없음,보행자,여,65세,경상
2018063000100161,2018년 6월 30일 10시,토요일,전라북도 김제시 교동,경상사고,0,0,2,0,차대차 - 추돌,안전운전불이행,건조,맑음,단일로 - 기타,승용,여,46세,상해없음,승용,여,62세,경상
2018063000100189,2018년 6월 30일 11시,토요일,전라북도 정읍시 이평면,중상사고,0,1,2,0,차대차 - 기타,중앙선침범,건조,흐림,기타 - 기타,화물,남,73세,경상,화물,남,77세,중상
2018063000100221,2018년 6월 30일 12시,토요일,전라북도 군산시 조촌동,경상사고,0,0,1,0,차대차 - 기타,교차로운행방법위반,건조,맑음,교차로 - 교차로안,승용,남,49세,상해없음,승용,여,49세,경상
2018063000100250,2018년 6월 30일 13시,토요일,전라북도 남원시 월락동,중상사고,0,1,3,0,차대차 - 측면충돌,안전운전불이행,젖음/습기,비,교차로 - 교차로안,승용,여,48세,상해없음,화물,남,71세,경상
2018063000100318,2018년 6월 30일 15시,토요일,전라북도 전주시 덕진구 팔복동1가,경상사고,0,0,2,0,차대차 - 측면충돌,신호위반,젖음/습기,비,교차로 - 교차로안,승합,남,68세,상해없음,화물,남,73세,경상
2018063000100319,2018년 6월 30일 15시,토요일,전라북도 전주시 덕진구 금암동,경상사고,0,0,1,0,차대차 - 측면충돌,신호위반,건조,맑음,교차로 - 교차로안,승용,남,65세,상해없음,승용,남,28세,경상
2018063000100320,2018년 6월 30일 15시,토요일,전라북도 익산시 부송동,경상사고,0,0,1,0,차대사람 - 보도통행중,보행자보호의무위반,젖음/습기,비,교차로 - 교차로횡단보도내,승용,남,38세,상해없음,보행자,남,6세,경상
2018063000100351,2018년 6월 30일 16시,토요일,전라북도 남원시 금동,경상사고,0,0,1,0,차대사람 - 기타,안전운전불이행,젖음/습기,흐림,단일로 - 기타,승용,여,48세,상해없음,보행자,여,61세,경상
2018063000100386,2018년 6월 30일 17시,토요일,전라북도 고창군 고창읍,경상사고,0,0,1,0,차대차 - 측면충돌,직진우회전진행방해,건조,흐림,교차로 - 교차로안,화물,남,70세,상해없음,이륜,남,82세,경상
2018063000100447,2018년 6월 30일 19시,토요일,전라북도 익산시 현영동,중상사고,0,1,0,0,차량단독 - 전도전복 - 전도,안전운전불이행,건조,맑음,교차로 - 교차로부근,승용,남,28세,기타불명,미분류,미분류,미분류,미분류
2018070100100029,2018년 7월 1일 01시,일요일,전라북도 전주시 완산구 다가동4가,경상사고,0,0,2,0,차대차 - 기타,안전운전불이행,건조,맑음,교차로 - 교차로안,승용,남,60세,상해없음,승용,남,38세,경상
2018070100100109,2018년 7월 1일 08시,일요일,전라북도 군산시 미룡동,경상사고,0,0,1,0,차대차 - 측면충돌,안전운전불이행,젖음/습기,비,교차로 - 교차로안,승용,남,65세,상해없음,자전거,남,64세,경상
2018070100100110,2018년 7월 1일 08시,일요일,전라북도 군산시 나운동,경상사고,0,0,1,0,차대차 - 추돌,안전운전불이행,젖음/습기,비,교차로 - 교차로부근,승용,남,22세,상해없음,화물,남,63세,경상
2018070100100146,2018년 7월 1일 11시,일요일,전라북도 군산시 수송동,중상사고,0,1,1,0,차대차 - 측면충돌,신호위반,젖음/습기,비,교차로 - 교차로안,이륜,남,36세,중상,화물,남,45세,경상
2018070100100147,2018년 7월 1일 11시,일요일,전라북도 부안군 동진면,중상사고,0,2,1,0,차량단독 - 전도전복 - 전도,안전운전불이행,건조,맑음,단일로 - 기타,승용,여,54세,경상,미분류,미분류,미분류,미분류
2018070100100228,2018년 7월 1일 15시,일요일,전라북도 남원시 주천면,경상사고,0,0,3,0,차대차 - 기타,신호위반,건조,맑음,교차로 - 교차로안,승용,여,52세,경상,승용,남,46세,경상
2018070100100229,2018년 7월 1일 15시,일요일,전라북도 고창군 대산면,사망사고,1,0,0,0,차량단독 - 도로외이탈 - 추락,안전운전불이행,젖음/습기,비,단일로 - 기타,이륜,남,68세,사망,,,,
2018070100100230,2018년 7월 1일 15시,일요일,전라북도 부안군 행안면,중상사고,0,1,1,0,차대차 - 측면충돌,안전운전불이행,젖음/습기,비,교차로 - 교차로부근,승용,남,47세,중상,승용,남,59세,경상
2018070100100277,2018년 7월 1일 17시,일요일,전라북도 전주시 덕진구 송천동1가,경상사고,0,0,1,0,차대차 - 측면충돌,안전거리미확보,젖음/습기,비,단일로 - 기타,승용,남,56세,상해없음,승용,남,43세,경상
2018070100100278,2018년 7월 1일 17시,일요일,전라북도 익산시 어양동,경상사고,0,0,1,0,차대차 - 측면충돌,직진우회전진행방해,젖음/습기,비,교차로 - 교차로안,승용,남,37세,상해없음,자전거,남,13세,경상
2018070100100279,2018년 7월 1일 17시,일요일,전라북도 익산시 남중동,경상사고,0,0,2,0,차대차 - 측면충돌,신호위반,젖음/습기,비,교차로 - 교차로안,승용,남,65세,상해없음,승용,여,25세,경상
2018070100100305,2018년 7월 1일 18시,일요일,전라북도 정읍시 정우면,중상사고,0,1,0,0,차대차 - 측면충돌,직진우회전진행방해,젖음/습기,비,교차로 - 교차로안,농기계,남,64세,상해없음,원동기,남,69세,중상
2018070100100341,2018년 7월 1일 19시,일요일,전라북도 군산시 수송동,경상사고,0,0,1,0,차대차 - 기타,안전거리미확보,젖음/습기,비,교차로 - 교차로안,승용,남,49세,상해없음,원동기,남,26세,상해없음
2018070100100342,2018년 7월 1일 19시,일요일,전라북도 군산시 문화동,경상사고,0,0,1,0,차대차 - 기타,신호위반,젖음/습기,비,교차로 - 교차로안,승용,여,47세,상해없음,승용,여,49세,경상
2018070100100343,2018년 7월 1일 19시,일요일,전라북도 익산시 신동,경상사고,0,0,2,0,차대차 - 측면충돌,신호위반,젖음/습기,비,교차로 - 교차로안,승용,남,30세,상해없음,승용,남,71세,경상
2018070100100381,2018년 7월 1일 20시,일요일,전라북도 전주시 완산구 삼천동1가,경상사고,0,0,2,0,차대사람 - 기타,안전운전불이행,젖음/습기,비,교차로 - 교차로부근,승용,여,59세,상해없음,보행자,여,43세,경상
2018070100100382,2018년 7월 1일 20시,일요일,전라북도 전주시 완산구 태평동,경상사고,0,0,3,0,차대차 - 측면충돌,교차로운행방법위반,젖음/습기,비,교차로 - 교차로안,승용,남,52세,상해없음,승용,남,65세,경상
2018070100100383,2018년 7월 1일 20시,일요일,전라북도 익산시 남중동,중상사고,0,1,0,0,차대사람 - 기타,안전운전불이행,젖음/습기,비,단일로 - 기타,승용,여,43세,상해없음,보행자,여,66세,중상
2018070100100457,2018년 7월 1일 22시,일요일,전라북도 전주시 완산구 효자동3가,경상사고,0,0,1,0,차대차 - 측면충돌,교차로운행방법위반,젖음/습기,비,교차로 - 교차로안,승용,여,44세,상해없음,승용,여,21세,경상
2018070100100458,2018년 7월 1일 22시,일요일,전라북도 전주시 덕진구 여의동,경상사고,0,0,1,0,차대차 - 측면충돌,안전거리미확보,젖음/습기,비,교차로 - 교차로부근,승용,남,70세,상해없음,승용,남,43세,경상
2018070100100485,2018년 7월 1일 23시,일요일,전라북도 전주시 완산구 석구동,경상사고,0,0,1,0,차대사람 - 기타,안전운전불이행,젖음/습기,비,단일로 - 기타,승용,남,59세,상해없음,보행자,남,54세,경상
2018070200100050,2018년 7월 2일 03시,월요일,전라북도 익산시 신동,경상사고,0,0,2,0,차대차 - 측면충돌,차로위반,젖음/습기,맑음,단일로 - 기타,기타불명,기타불명,미분류,기타불명,승용,남,33세,경상
2018070200100123,2018년 7월 2일 08시,월요일,전라북도 정읍시 이평면,중상사고,0,1,0,0,차대차 - 측면충돌,신호위반,젖음/습기,비,교차로 - 교차로안,승용,여,32세,상해없음,이륜,남,75세,중상
2018070200100185,2018년 7월 2일 10시,월요일,전라북도 전주시 덕진구 진북동,경상사고,0,0,1,0,차대차 - 측면충돌,안전운전불이행,건조,흐림,교차로 - 교차로안,승용,남,65세,상해없음,승용,남,59세,경상
2018070200100212,2018년 7월 2일 11시,월요일,전라북도 익산시 영등동,경상사고,0,0,2,0,차대차 - 측면충돌,직진우회전진행방해,건조,흐림,교차로 - 교차로안,승용,남,67세,상해없음,승용,남,57세,상해없음
2018070200100213,2018년 7월 2일 11시,월요일,전라북도 정읍시 연지동,중상사고,0,1,0,0,차대사람 - 차도통행중,안전운전불이행,젖음/습기,비,단일로 - 기타,승용,여,67세,상해없음,보행자,남,59세,중상
2018070200100261,2018년 7월 2일 13시,월요일,전라북도 김제시 금구면,경상사고,0,0,1,0,차대차 - 측면충돌,신호위반,젖음/습기,비,교차로 - 교차로안,화물,남,73세,상해없음,승용,남,52세,경상
2018070200100332,2018년 7월 2일 15시,월요일,전라북도 익산시 영등동,중상사고,0,1,0,0,차대사람 - 횡단중,안전운전불이행,건조,맑음,단일로 - 기타,승용,남,24세,상해없음,보행자,남,57세,중상
2018070200100409,2018년 7월 2일 17시,월요일,전라북도 익산시 팔봉동,중상사고,0,1,0,0,차대차 - 측면충돌,신호위반,젖음/습기,비,교차로 - 교차로안,화물,남,79세,상해없음,승용,여,53세,중상
2018070200100410,2018년 7월 2일 17시,월요일,전라북도 남원시 보절면,사망사고,1,0,0,0,차량단독 - 공작물충돌,안전운전불이행,건조,맑음,단일로 - 기타,이륜,남,74세,사망,,,,
2018070200100411,2018년 7월 2일 17시,월요일,전라북도 완주군 용진읍,중상사고,0,1,0,0,차대사람 - 횡단중,중앙선침범,젖음/습기,흐림,단일로 - 기타,화물,남,42세,상해없음,보행자,여,52세,중상
2018070200100453,2018년 7월 2일 18시,월요일,전라북도 군산시 나운동,중상사고,0,1,0,0,차대사람 - 횡단중,안전운전불이행,젖음/습기,비,단일로 - 기타,승용,여,33세,상해없음,보행자,여,13세,중상
2018070200100572,2018년 7월 2일 21시,월요일,전라북도 군산시 산북동,중상사고,0,1,0,0,차대사람 - 차도통행중,안전운전불이행,젖음/습기,흐림,단일로 - 기타,승용,여,43세,상해없음,보행자,여,60세,중상
2018070300100044,2018년 7월 3일 03시,화요일,전라북도 정읍시 시기동,경상사고,0,0,1,0,차대차 - 측면충돌,안전운전불이행,젖음/습기,흐림,교차로 - 교차로안,승용,남,51세,상해없음,승용,남,57세,경상
2018070300100065,2018년 7월 3일 06시,화요일,전라북도 전주시 완산구 평화동1가,중상사고,0,1,0,0,차대사람 - 횡단중,안전운전불이행,건조,맑음,단일로 - 기타,승용,남,63세,상해없음,보행자,남,37세,중상
2018070300100066,2018년 7월 3일 06시,화요일,전라북도 전주시 덕진구 호성동1가,경상사고,0,0,1,0,차대차 - 정면충돌,중앙선침범,건조,맑음,단일로 - 기타,승용,남,32세,상해없음,승용,남,70세,경상
2018070300100078,2018년 7월 3일 07시,화요일,전라북도 임실군 임실읍,경상사고,0,0,2,0,차대차 - 측면충돌,교차로운행방법위반,건조,맑음,교차로 - 교차로안,화물,남,49세,상해없음,승용,남,53세,경상
2018070300100106,2018년 7월 3일 08시,화요일,전라북도 군산시 나운동,중상사고,0,1,0,0,차대차 - 측면충돌,신호위반,건조,맑음,교차로 - 교차로안,승용,여,54세,상해없음,자전거,여,44세,중상
2018070300100107,2018년 7월 3일 08시,화요일,전라북도 익산시 신동,경상사고,0,0,1,0,차대사람 - 기타,안전운전불이행,건조,맑음,단일로 - 기타,승용,남,56세,기타불명,보행자,남,48세,경상
2018070300100108,2018년 7월 3일 08시,화요일,전라북도 익산시 신용동,경상사고,0,0,1,0,차대사람 - 차도통행중,안전운전불이행,건조,맑음,교차로 - 교차로부근,승용,남,49세,기타불명,보행자,여,20세,경상
2018070300100109,2018년 7월 3일 08시,화요일,전라북도 부안군 동진면,경상사고,0,0,2,0,차대차 - 측면충돌,신호위반,건조,맑음,교차로 - 교차로안,승용,남,55세,경상,승용,여,55세,경상
2018070300100152,2018년 7월 3일 09시,화요일,전라북도 익산시 여산면,경상사고,0,0,1,0,차대차 - 측면충돌,안전운전불이행,건조,맑음,교차로 - 교차로안,승용,남,59세,상해없음,이륜,여,69세,경상
2018070300100153,2018년 7월 3일 09시,화요일,전라북도 정읍시 칠보면,경상사고,0,0,1,0,차대차 - 측면충돌,안전운전불이행,건조,맑음,교차로 - 교차로부근,승용,남,32세,상해없음,이륜,남,75세,경상
2018070300100178,2018년 7월 3일 10시,화요일,전라북도 군산시 대야면,중상사고,0,1,0,0,차대차 - 정면충돌,중앙선침범,건조,맑음,단일로 - 기타,승용,남,81세,상해없음,이륜,남,68세,중상
2018070300100179,2018년 7월 3일 10시,화요일,전라북도 부안군 동진면,중상사고,0,1,0,0,차대사람 - 길가장자리구역통행중,안전운전불이행,건조,맑음,단일로 - 기타,화물,여,44세,상해없음,보행자,여,84세,중상
2018070300100200,2018년 7월 3일 11시,화요일,전라북도 전주시 완산구 서노송동,경상사고,0,0,1,0,차대차 - 측면충돌,직진우회전진행방해,건조,맑음,교차로 - 교차로안,승용,여,37세,상해없음,승용,남,48세,경상
2018070300100223,2018년 7월 3일 12시,화요일,전라북도 완주군 봉동읍,중상사고,0,1,0,0,차대차 - 정면충돌,교차로운행방법위반,건조,맑음,교차로 - 교차로안,화물,남,65세,상해없음,이륜,남,24세,중상
2018070300100256,2018년 7월 3일 13시,화요일,전라북도 군산시 나운동,경상사고,0,0,2,0,차대사람 - 기타,안전운전불이행,건조,맑음,단일로 - 기타,자전거,남,31세,경상,보행자,남,66세,경상
2018070300100257,2018년 7월 3일 13시,화요일,전라북도 남원시 사매면,경상사고,0,0,1,0,차대차 - 기타,안전운전불이행,건조,맑음,단일로 - 기타,이륜,남,41세,경상,승용,남,66세,상해없음
2018070300100282,2018년 7월 3일 14시,화요일,전라북도 완주군 삼례읍,사망사고,1,4,1,0,차량단독 - 공작물충돌,안전운전불이행,건조,맑음,단일로 - 기타,승합,남,68세,중상,,,,
2018070300100320,2018년 7월 3일 15시,화요일,전라북도 전주시 덕진구 덕진동1가,경상사고,0,0,2,0,차대차 - 기타,안전거리미확보,건조,맑음,단일로 - 기타,승용,남,35세,상해없음,승합,남,58세,경상
2018070300100354,2018년 7월 3일 16시,화요일,전라북도 전주시 덕진구 팔복동1가,중상사고,0,1,1,0,차대차 - 측면충돌,교차로운행방법위반,건조,맑음,교차로 - 교차로안,승용,여,44세,상해없음,화물,남,61세,중상
2018070300100355,2018년 7월 3일 16시,화요일,전라북도 전주시 덕진구 전미동1가,경상사고,0,0,1,0,차대차 - 측면충돌,안전운전불이행,건조,맑음,교차로 - 교차로안,승용,남,71세,상해없음,이륜,남,38세,경상
2018070300100394,2018년 7월 3일 17시,화요일,전라북도 군산시 나운동,경상사고,0,0,1,0,차대사람 - 기타,안전운전불이행,건조,맑음,단일로 - 기타,승용,여,51세,상해없음,보행자,남,6세,경상
2018070300100431,2018년 7월 3일 18시,화요일,전라북도 전주시 덕진구 만성동,중상사고,0,1,0,0,차대차 - 측면충돌,안전운전불이행,건조,맑음,교차로 - 교차로횡단보도내,승용,여,29세,상해없음,자전거,남,81세,중상
2018070300100460,2018년 7월 3일 19시,화요일,전라북도 전주시 덕진구 진북동,경상사고,0,0,1,0,차대차 - 측면충돌,안전운전불이행,건조,맑음,교차로 - 교차로안,승용,여,50세,기타불명,승용,여,34세,경상
2018070300100492,2018년 7월 3일 20시,화요일,전라북도 정읍시 용계동,경상사고,0,0,3,0,차대차 - 측면충돌,신호위반,건조,맑음,교차로 - 교차로안,승용,남,60세,상해없음,화물,여,63세,경상
2018070300100493,2018년 7월 3일 20시,화요일,전라북도 김제시 서암동,경상사고,0,0,1,0,차대사람 - 횡단중,안전운전불이행,건조,맑음,교차로 - 교차로안,승용,남,34세,상해없음,보행자,남,46세,경상
2018070300100528,2018년 7월 3일 21시,화요일,전라북도 익산시 어양동,경상사고,0,0,3,0,차대차 - 측면충돌,신호위반,건조,맑음,교차로 - 교차로안,승용,여,47세,경상,승용,남,45세,경상
2018070300100555,2018년 7월 3일 22시,화요일,전라북도 군산시 대야면,사망사고,1,0,0,0,차대사람 - 기타,안전운전불이행,건조,맑음,단일로 - 기타,화물,남,64세,상해없음,보행자,남,82세,사망
2018070300100575,2018년 7월 3일 23시,화요일,전라북도 완주군 봉동읍,경상사고,0,0,2,0,차대차 - 추돌,안전운전불이행,건조,맑음,교차로 - 교차로부근,승용,남,30세,상해없음,승용,남,25세,경상
2018070400100142,2018년 7월 4일 09시,수요일,전라북도 고창군 공음면,중상사고,0,1,0,0,차대차 - 측면충돌,직진우회전진행방해,건조,맑음,교차로 - 교차로안,이륜,남,69세,중상,승합,남,56세,상해없음
2018070400100255,2018년 7월 4일 13시,수요일,전라북도 무주군 무주읍,경상사고,0,0,1,0,차대차 - 측면충돌,안전운전불이행,건조,맑음,단일로 - 기타,농기계,남,46세,경상,승용,여,57세,상해없음
2018070400100323,2018년 7월 4일 15시,수요일,전라북도 전주시 덕진구 진북동,경상사고,0,0,1,0,차대차 - 측면충돌,안전거리미확보,건조,맑음,단일로 - 기타,승용,남,50세,상해없음,승용,남,44세,경상
2018070400100355,2018년 7월 4일 16시,수요일,전라북도 전주시 완산구 중화산동2가,경상사고,0,0,2,0,차대차 - 추돌,차로위반,건조,맑음,교차로 - 교차로부근,승용,남,59세,상해없음,승용,남,37세,경상
2018070400100356,2018년 7월 4일 16시,수요일,전라북도 전주시 덕진구 금암동,사망사고,1,0,0,0,차대차 - 측면충돌,신호위반,건조,맑음,교차로 - 교차로안,이륜,남,73세,사망,승용,여,26세,상해없음
2018070400100357,2018년 7월 4일 16시,수요일,전라북도 군산시 동흥남동,경상사고,0,0,2,0,차대차 - 정면충돌,중앙선침범,건조,맑음,단일로 - 기타,승용,남,31세,상해없음,승용,여,45세,경상
2018070400100358,2018년 7월 4일 16시,수요일,전라북도 군산시 서수면,부상신고사고,0,0,0,2,차대차 - 기타,중앙선침범,건조,맑음,단일로 - 기타,화물,남,36세,상해없음,승용,남,60세,부상신고