사고번호,사고일시,요일,시군구,사고내용,사망자수,중상자수,경상자수,부상신고자수,사고유형,법규위반,노면상태,기상상태,도로형태,가해운전자 차종,가해운전자 성별,가해운전자 연령,가해운전자 상해정도,피해운전자 차종,피해운전자 성별,피해운전자 연령,피해운전자 상해정도
2018070400100359,2018년 7월 4일 16시,수요일,전라북도 익산시 인화동1가,중상사고,0,1,1,0,차대차 - 측면충돌,중앙선침범,건조,맑음,교차로 - 교차로안,승용,남,72세,상해없음,자전거,남,58세,중상
2018070400100360,2018년 7월 4일 16시,수요일,전라북도 무주군 무주읍,중상사고,0,1,1,0,차량단독 - 전도전복 - 전도,안전운전불이행,건조,맑음,단일로 - 기타,원동기,남,55세,중상,미분류,미분류,미분류,미분류
2018070400100461,2018년 7월 4일 18시,수요일,전라북도 남원시 도통동,경상사고,0,0,1,0,차대차 - 기타,신호위반,건조,맑음,교차로 - 교차로부근,승용,여,40세,상해없음,자전거,남,5세,경상
2018070400100521,2018년 7월 4일 20시,수요일,전라북도 전주시 덕진구 금암동,경상사고,0,0,1,0,차대차 - 측면충돌,안전운전불이행,젖음/습기,흐림,단일로 - 기타,승용,남,59세,상해없음,승용,여,36세,경상
2018070400100551,2018년 7월 4일 21시,수요일,전라북도 정읍시 상동,경상사고,0,0,1,0,차대사람 - 횡단중,보행자보호의무위반,건조,맑음,교차로 - 교차로횡단보도내,승용,남,63세,상해없음,보행자,남,13세,경상
2018070500100015,2018년 7월 5일 01시,목요일,전라북도 전주시 덕진구 금암동,경상사고,0,0,2,0,차대차 - 추돌,안전운전불이행,건조,맑음,단일로 - 기타,승용,남,45세,상해없음,승용,남,57세,경상
2018070500100031,2018년 7월 5일 03시,목요일,전라북도 고창군 고창읍,경상사고,0,0,1,0,차량단독 - 공작물충돌,안전운전불이행,건조,흐림,단일로 - 기타,화물,남,40세,경상,,,,
2018070500100060,2018년 7월 5일 06시,목요일,전라북도 장수군 장계면,중상사고,0,1,0,0,차대사람 - 기타,안전운전불이행,젖음/습기,비,단일로 - 기타,화물,남,76세,상해없음,보행자,여,79세,중상
2018070500100341,2018년 7월 5일 15시,목요일,전라북도 군산시 임피면,경상사고,0,0,2,0,차대차 - 추돌,과속,건조,맑음,단일로 - 기타,화물,남,30세,경상,승용,남,20세,기타불명
2018070500100372,2018년 7월 5일 16시,목요일,전라북도 군산시 조촌동,중상사고,0,1,0,0,차대차 - 기타,안전거리미확보,건조,맑음,교차로 - 교차로부근,승용,여,53세,상해없음,이륜,남,65세,중상
2018070500100373,2018년 7월 5일 16시,목요일,전라북도 익산시 팔봉동,경상사고,0,0,1,0,차대차 - 측면충돌,직진우회전진행방해,건조,맑음,교차로 - 교차로안,화물,남,39세,상해없음,승용,남,76세,경상
2018070500100415,2018년 7월 5일 17시,목요일,전라북도 전주시 덕진구 덕진동2가,경상사고,0,0,3,1,차대차 - 측면충돌,신호위반,건조,맑음,교차로 - 교차로안,승용,남,53세,상해없음,승용,여,48세,경상
2018070500100416,2018년 7월 5일 17시,목요일,전라북도 정읍시 옹동면,중상사고,0,1,1,0,차대차 - 정면충돌,안전운전불이행,건조,맑음,단일로 - 기타,화물,남,18세,경상,승용,남,80세,중상
2018070500100456,2018년 7월 5일 18시,목요일,전라북도 익산시 모현동1가,경상사고,0,0,2,0,차대사람 - 기타,안전운전불이행,건조,맑음,단일로 - 기타,승용,여,41세,상해없음,보행자,여,43세,경상
2018070500100457,2018년 7월 5일 18시,목요일,전라북도 김제시 검산동,중상사고,0,2,1,0,차대차 - 측면충돌,신호위반,건조,맑음,교차로 - 교차로안,승용,남,51세,상해없음,승용,남,66세,중상
2018070500100489,2018년 7월 5일 19시,목요일,전라북도 군산시 해망동,사망사고,1,0,0,0,차량단독 - 공작물충돌,안전운전불이행,건조,맑음,단일로 - 터널,이륜,남,62세,사망,,,,
2018070500100490,2018년 7월 5일 19시,목요일,전라북도 익산시 춘포면,중상사고,0,1,0,0,차대차 - 측면충돌,안전운전불이행,건조,맑음,단일로 - 기타,자전거,남,51세,상해없음,자전거,남,79세,중상
2018070500100554,2018년 7월 5일 21시,목요일,전라북도 전주시 덕진구 반월동,경상사고,0,0,1,0,차대차 - 측면충돌,신호위반,건조,흐림,교차로 - 교차로안,승용,여,49세,상해없음,승용,남,29세,경상
2018070500100555,2018년 7월 5일 21시,목요일,전라북도 익산시 모현동1가,중상사고,0,1,0,0,차대차 - 측면충돌,안전운전불이행,건조,맑음,단일로 - 기타,승용,남,67세,상해없음,자전거,남,34세,중상
2018070500100556,2018년 7월 5일 21시,목요일,전라북도 무주군 무주읍,경상사고,0,0,3,0,차대차 - 측면충돌,교차로운행방법위반,건조,맑음,교차로 - 교차로안,화물,남,79세,상해없음,승용,남,22세,경상
2018070600100115,2018년 7월 6일 08시,금요일,전라북도 순창군 동계면,중상사고,0,1,0,0,차대사람 - 횡단중,안전운전불이행,건조,맑음,단일로 - 기타,승용,남,70세,상해없음,보행자,여,77세,중상
2018070600100132,2018년 7월 6일 09시,금요일,전라북도 김제시 백구면,사망사고,1,2,0,0,차대차 - 추돌,과속,건조,맑음,단일로 - 기타,승용,남,65세,중상,승용,여,49세,중상
2018070600100133,2018년 7월 6일 09시,금요일,전라북도 부안군 부안읍,중상사고,0,1,0,0,차대차 - 추돌,안전운전불이행,건조,맑음,교차로 - 교차로부근,원동기,남,84세,중상,화물,남,66세,상해없음
2018070600100249,2018년 7월 6일 13시,금요일,전라북도 전주시 완산구 동서학동,경상사고,0,0,1,0,차대사람 - 횡단중,보행자보호의무위반,건조,맑음,교차로 - 교차로횡단보도내,승용,여,26세,상해없음,보행자,남,67세,경상
2018070600100285,2018년 7월 6일 14시,금요일,전라북도 순창군 구림면,경상사고,0,0,1,0,차대차 - 측면충돌,안전운전불이행,건조,맑음,단일로 - 기타,화물,남,75세,상해없음,승용,여,27세,경상
2018070600100315,2018년 7월 6일 15시,금요일,전라북도 전주시 덕진구 금암동,경상사고,0,0,1,0,차대사람 - 횡단중,보행자보호의무위반,젖음/습기,비,교차로 - 교차로안,화물,남,64세,상해없음,보행자,남,74세,경상
2018070600100357,2018년 7월 6일 16시,금요일,전라북도 전주시 덕진구 우아동3가,경상사고,0,0,1,0,차대차 - 정면충돌,중앙선침범,기타,흐림,단일로 - 기타,승용,여,24세,상해없음,승용,남,59세,경상
2018070600100411,2018년 7월 6일 17시,금요일,전라북도 김제시 검산동,경상사고,0,0,2,0,차대차 - 측면충돌,직진우회전진행방해,건조,맑음,교차로 - 교차로안,승용,남,28세,경상,승용,남,59세,경상
2018070600100455,2018년 7월 6일 18시,금요일,전라북도 군산시 경장동,경상사고,0,0,1,0,차대차 - 기타,안전거리미확보,건조,맑음,기타 - 기타,승용,남,63세,상해없음,승합,여,65세,경상
2018070600100456,2018년 7월 6일 18시,금요일,전라북도 군산시 옥산면,경상사고,0,0,1,0,차대차 - 추돌,안전거리미확보,건조,맑음,교차로 - 교차로부근,승용,남,35세,상해없음,승용,남,53세,경상
2018070600100492,2018년 7월 6일 19시,금요일,전라북도 익산시 모현동1가,경상사고,0,0,1,0,차대차 - 측면충돌,직진우회전진행방해,건조,맑음,교차로 - 교차로안,이륜,여,62세,상해없음,승용,여,62세,경상
2018070600100493,2018년 7월 6일 19시,금요일,전라북도 남원시 조산동,중상사고,0,1,0,0,차대차 - 측면충돌,직진우회전진행방해,건조,맑음,교차로 - 교차로안,화물,남,42세,상해없음,자전거,여,7세,중상
2018070600100545,2018년 7월 6일 21시,금요일,전라북도 완주군 소양면,중상사고,0,1,0,0,차대차 - 추돌,안전거리미확보,건조,맑음,단일로 - 기타,승용,남,48세,상해없음,자전거,남,57세,중상
2018070700100012,2018년 7월 7일 00시,토요일,전라북도 전주시 덕진구 우아동2가,경상사고,0,0,2,0,차대차 - 추돌,안전운전불이행,건조,맑음,단일로 - 기타,승용,남,50세,상해없음,승용,남,57세,경상
2018070700100013,2018년 7월 7일 00시,토요일,전라북도 정읍시 농소동,중상사고,0,3,2,0,차대차 - 추돌,안전운전불이행,건조,맑음,교차로 - 교차로부근,승용,남,19세,중상,승용,남,42세,중상
2018070700100037,2018년 7월 7일 01시,토요일,전라북도 전주시 완산구 중화산동2가,경상사고,0,0,5,0,차대차 - 측면충돌,차로위반,건조,맑음,기타 - 기타,승용,남,58세,상해없음,승용,남,24세,경상
2018070700100195,2018년 7월 7일 10시,토요일,전라북도 군산시 명산동,경상사고,0,0,1,0,차대차 - 측면충돌,중앙선침범,건조,맑음,교차로 - 교차로횡단보도내,자전거,여,68세,경상,승용,남,70세,상해없음
2018070700100196,2018년 7월 7일 10시,토요일,전라북도 정읍시 상동,경상사고,0,0,1,0,차대차 - 측면충돌,직진우회전진행방해,건조,맑음,교차로 - 교차로안,원동기,여,69세,경상,승용,여,46세,상해없음
2018070700100263,2018년 7월 7일 12시,토요일,전라북도 군산시 옥도면,중상사고,0,1,0,0,차대사람 - 횡단중,안전운전불이행,건조,맑음,단일로 - 기타,원동기,남,63세,상해없음,보행자,여,55세,중상
2018070700100299,2018년 7월 7일 13시,토요일,전라북도 전주시 덕진구 송천동2가,중상사고,0,1,0,0,차대차 - 측면충돌,안전운전불이행,건조,맑음,교차로 - 교차로부근,승용,남,32세,상해없음,이륜,남,41세,중상
2018070700100482,2018년 7월 7일 18시,토요일,전라북도 정읍시 부전동,경상사고,0,0,1,0,차대차 - 추돌,안전운전불이행,건조,맑음,단일로 - 기타,승용,남,27세,상해없음,화물,남,58세,경상
2018070700100534,2018년 7월 7일 19시,토요일,전라북도 군산시 지곡동,경상사고,0,0,1,0,차대사람 - 차도통행중,안전운전불이행,건조,맑음,교차로 - 교차로안,승용,남,34세,상해없음,보행자,남,14세,경상
2018070700100559,2018년 7월 7일 20시,토요일,전라북도 김제시 검산동,경상사고,0,0,2,0,차대사람 - 차도통행중,안전운전불이행,건조,맑음,단일로 - 기타,자전거,남,13세,경상,보행자,남,66세,경상
2018070700100586,2018년 7월 7일 21시,토요일,전라북도 전주시 덕진구 송천동2가,경상사고,0,0,4,0,차대차 - 추돌,안전운전불이행,건조,흐림,단일로 - 기타,승용,남,41세,상해없음,승용,남,22세,경상
2018070700100639,2018년 7월 7일 23시,토요일,전라북도 전주시 덕진구 금암동,경상사고,0,0,1,0,차대차 - 기타,안전거리미확보,건조,맑음,단일로 - 기타,승용,남,61세,상해없음,승용,남,55세,상해없음
2018070700100640,2018년 7월 7일 23시,토요일,전라북도 군산시 미원동,중상사고,0,1,0,0,차대사람 - 보도통행중,중앙선침범,건조,맑음,단일로 - 지하차도(도로)내,화물,남,57세,상해없음,보행자,남,2세,중상
2018070800100011,2018년 7월 8일 00시,일요일,전라북도 익산시 여산면,중상사고,0,1,0,0,차대사람 - 차도통행중,중앙선침범,건조,맑음,단일로 - 기타,화물,남,38세,상해없음,보행자,남,18세,중상
2018070800100028,2018년 7월 8일 01시,일요일,전라북도 전주시 덕진구 진북동,경상사고,0,0,1,0,차대차 - 측면충돌,신호위반,건조,흐림,교차로 - 교차로안,승용,여,29세,상해없음,승용,남,51세,경상
2018070800100029,2018년 7월 8일 01시,일요일,전라북도 전주시 덕진구 산정동,사망사고,1,0,0,0,차대차 - 기타,과속,건조,흐림,교차로 - 교차로횡단보도내,승용,남,27세,상해없음,자전거,남,31세,사망
2018070800100056,2018년 7월 8일 06시,일요일,전라북도 남원시 인월면,사망사고,1,0,0,0,차대차 - 측면충돌,안전운전불이행,건조,맑음,단일로 - 기타,사륜오토바이(ATV),남,76세,사망,화물,여,50세,상해없음
2018070800100150,2018년 7월 8일 12시,일요일,전라북도 전주시 완산구 삼천동1가,중상사고,0,1,0,0,차대사람 - 차도통행중,안전운전불이행,건조,맑음,교차로 - 교차로부근,화물,남,78세,상해없음,보행자,여,82세,중상
2018070800100151,2018년 7월 8일 12시,일요일,전라북도 완주군 운주면,경상사고,0,0,2,0,차대차 - 정면충돌,직진우회전진행방해,건조,맑음,교차로 - 교차로안,승용,남,43세,경상,화물,남,51세,경상
2018070800100178,2018년 7월 8일 13시,일요일,전라북도 정읍시 하북동,경상사고,0,0,2,0,차대차 - 추돌,안전운전불이행,건조,맑음,단일로 - 기타,승용,남,42세,경상,화물,남,42세,상해없음
2018070800100207,2018년 7월 8일 14시,일요일,전라북도 김제시 검산동,중상사고,0,1,0,0,차대사람 - 횡단중,안전운전불이행,건조,맑음,교차로 - 교차로안,승용,여,53세,상해없음,보행자,남,67세,중상
2018070800100337,2018년 7월 8일 18시,일요일,전라북도 전주시 완산구 효자동1가,경상사고,0,0,7,0,차대차 - 추돌,안전거리미확보,건조,맑음,단일로 - 기타,승용,남,63세,상해없음,승용,남,49세,경상
2018070800100338,2018년 7월 8일 18시,일요일,전라북도 익산시 영등동,중상사고,0,1,0,0,차대차 - 후진중충돌,안전운전불이행,건조,맑음,단일로 - 기타,승용,여,58세,상해없음,이륜,남,30세,중상
2018070800100369,2018년 7월 8일 19시,일요일,전라북도 정읍시 상동,경상사고,0,0,1,0,차대차 - 측면충돌,안전운전불이행,건조,맑음,단일로 - 기타,승용,남,48세,상해없음,승용,남,33세,경상
2018070800100412,2018년 7월 8일 21시,일요일,전라북도 전주시 완산구 동완산동,부상신고사고,0,0,0,1,차대차 - 기타,차로위반,건조,맑음,단일로 - 기타,승용,여,48세,상해없음,이륜,남,29세,부상신고
2018070800100413,2018년 7월 8일 21시,일요일,전라북도 완주군 용진읍,중상사고,0,1,0,0,차대차 - 정면충돌,신호위반,건조,맑음,교차로 - 교차로안,승용,여,56세,상해없음,이륜,남,17세,중상
2018070800100448,2018년 7월 8일 23시,일요일,전라북도 전주시 완산구 효자동3가,경상사고,0,0,1,0,차대차 - 기타,안전거리미확보,건조,맑음,단일로 - 기타,승용,남,48세,상해없음,이륜,남,23세,경상
2018070900100039,2018년 7월 9일 05시,월요일,전라북도 전주시 완산구 효자동3가,중상사고,0,1,0,0,차대차 - 정면충돌,신호위반,건조,맑음,교차로 - 교차로안,승용,남,27세,상해없음,승용,남,71세,중상
2018070900100062,2018년 7월 9일 07시,월요일,전라북도 군산시 금암동,중상사고,0,1,2,0,차대차 - 추돌,안전운전불이행,젖음/습기,비,교차로 - 교차로부근,화물,남,60세,상해없음,승용,남,52세,중상
2018070900100063,2018년 7월 9일 07시,월요일,전라북도 김제시 검산동,경상사고,0,0,3,0,차대차 - 측면충돌,안전거리미확보,건조,맑음,단일로 - 기타,화물,남,57세,상해없음,승용,남,37세,경상
2018070900100120,2018년 7월 9일 09시,월요일,전라북도 익산시 모현동2가,경상사고,0,0,1,0,차대차 - 측면충돌,신호위반,젖음/습기,비,교차로 - 교차로안,승용,여,29세,상해없음,승용,남,33세,경상
2018070900100216,2018년 7월 9일 13시,월요일,전라북도 정읍시 이평면,경상사고,0,0,2,0,차대차 - 기타,안전운전불이행,건조,흐림,교차로 - 교차로안,승용,여,62세,상해없음,승용,남,26세,경상
2018070900100340,2018년 7월 9일 17시,월요일,전라북도 군산시 나운동,경상사고,0,0,1,0,차대차 - 기타,차로위반,건조,맑음,단일로 - 기타,승용,남,40세,상해없음,이륜,남,18세,경상
2018070900100385,2018년 7월 9일 18시,월요일,전라북도 전주시 덕진구 금암동,경상사고,0,0,1,0,차대차 - 측면충돌,안전거리미확보,건조,맑음,단일로 - 기타,승용,남,62세,상해없음,승용,남,44세,경상
2018070900100483,2018년 7월 9일 21시,월요일,전라북도 전주시 덕진구 진북동,경상사고,0,0,2,0,차대차 - 기타,안전운전불이행,건조,맑음,단일로 - 기타,승용,남,46세,상해없음,승용,남,38세,경상
2018070900100484,2018년 7월 9일 21시,월요일,전라북도 군산시 소룡동,사망사고,1,0,0,0,차대사람 - 횡단중,안전운전불이행,건조,맑음,교차로 - 교차로안,승합,남,56세,상해없음,보행자,남,57세,사망
2018071000100060,2018년 7월 10일 05시,화요일,전라북도 전주시 덕진구 송천동1가,경상사고,0,0,1,0,차대차 - 측면충돌,직진우회전진행방해,건조,맑음,교차로 - 교차로안,화물,남,35세,상해없음,승용,여,66세,경상
2018071000100206,2018년 7월 10일 11시,화요일,전라북도 김제시 공덕면,경상사고,0,0,1,0,차대차 - 측면충돌,안전운전불이행,건조,맑음,단일로 - 기타,승용,여,55세,상해없음,특수,남,37세,상해없음
2018071000100223,2018년 7월 10일 12시,화요일,전라북도 전주시 덕진구 덕진동2가,경상사고,0,0,2,0,차대차 - 측면충돌,안전거리미확보,건조,맑음,단일로 - 기타,승용,남,27세,상해없음,승용,여,56세,경상
2018071000100287,2018년 7월 10일 14시,화요일,전라북도 전주시 덕진구 송천동1가,경상사고,0,0,2,0,차대사람 - 보도통행중,보행자보호의무위반,건조,맑음,교차로 - 교차로횡단보도내,승용,여,52세,상해없음,보행자,남,44세,경상
2018071000100361,2018년 7월 10일 16시,화요일,전라북도 군산시 개정면,중상사고,0,2,0,0,차대차 - 기타,교차로운행방법위반,건조,맑음,교차로 - 교차로안,건설기계,남,59세,상해없음,승용,여,40세,중상
2018071000100399,2018년 7월 10일 17시,화요일,전라북도 익산시 부송동,경상사고,0,0,1,0,차대차 - 측면충돌,신호위반,건조,맑음,교차로 - 교차로안,승용,여,39세,상해없음,승용,남,63세,경상
2018071000100434,2018년 7월 10일 18시,화요일,전라북도 익산시 부송동,사망사고,1,0,0,0,차량단독 - 공작물충돌,안전운전불이행,건조,맑음,단일로 - 기타,승용,남,27세,사망,,,,
2018071000100478,2018년 7월 10일 19시,화요일,전라북도 익산시 모현동1가,경상사고,0,0,2,0,차대차 - 추돌,안전운전불이행,건조,맑음,교차로 - 교차로부근,승용,남,57세,상해없음,승용,남,31세,경상
2018071000100529,2018년 7월 10일 21시,화요일,전라북도 전주시 완산구 전동,경상사고,0,0,1,0,차대사람 - 보도통행중,신호위반,건조,맑음,단일로 - 기타,승용,남,66세,상해없음,보행자,여,49세,경상
2018071000100601,2018년 7월 10일 23시,화요일,전라북도 전주시 덕진구 인후동1가,경상사고,0,0,1,0,차대차 - 기타,신호위반,건조,맑음,교차로 - 교차로안,승용,남,64세,상해없음,자전거,여,18세,경상
2018071000100602,2018년 7월 10일 23시,화요일,전라북도 군산시 나운동,경상사고,0,0,1,0,차대차 - 기타,차로위반,건조,맑음,단일로 - 기타,승용,남,31세,상해없음,이륜,남,23세,경상
2018071100100113,2018년 7월 11일 08시,수요일,전라북도 전주시 완산구 전동3가,경상사고,0,0,1,0,차대사람 - 길가장자리구역통행중,안전운전불이행,건조,맑음,단일로 - 기타,승용,남,56세,상해없음,보행자,여,58세,경상
2018071100100114,2018년 7월 11일 08시,수요일,전라북도 군산시 수송동,경상사고,0,0,3,0,차대차 - 측면충돌,직진우회전진행방해,건조,맑음,교차로 - 교차로안,승용,남,70세,경상,승용,여,46세,경상
2018071100100115,2018년 7월 11일 08시,수요일,전라북도 익산시 신흥동,경상사고,0,0,1,0,차대차 - 측면충돌,안전운전불이행,건조,맑음,단일로 - 기타,승합,여,42세,상해없음,자전거,남,78세,경상
2018071100100165,2018년 7월 11일 09시,수요일,전라북도 전주시 덕진구 금암동,경상사고,0,0,1,0,차대차 - 기타,안전운전불이행,건조,맑음,교차로 - 교차로안,승용,남,64세,상해없음,승용,남,42세,경상
2018071100100166,2018년 7월 11일 09시,수요일,전라북도 정읍시 소성면,경상사고,0,0,2,0,차대차 - 측면충돌,신호위반,건조,맑음,교차로 - 교차로안,승용,남,21세,상해없음,화물,남,67세,경상
2018071100100203,2018년 7월 11일 10시,수요일,전라북도 전주시 완산구 평화동1가,경상사고,0,0,1,0,차대사람 - 기타,안전운전불이행,건조,맑음,교차로 - 교차로부근,승용,여,34세,상해없음,보행자,여,60세,경상
2018071100100247,2018년 7월 11일 12시,수요일,전라북도 전주시 덕진구 팔복동3가,경상사고,0,0,6,0,차대차 - 추돌,안전운전불이행,건조,맑음,단일로 - 기타,승용,여,67세,기타불명,화물,남,45세,경상
2018071100100276,2018년 7월 11일 13시,수요일,전라북도 부안군 동진면,중상사고,0,1,0,0,차대차 - 측면충돌,교차로운행방법위반,건조,맑음,교차로 - 교차로안,승용,여,63세,상해없음,원동기,남,80세,중상
2018071100100506,2018년 7월 11일 19시,수요일,전라북도 전주시 덕진구 송천동1가,경상사고,0,0,1,0,차대차 - 추돌,안전운전불이행,건조,맑음,교차로 - 교차로부근,승합,남,54세,상해없음,승용,남,24세,경상
2018071100100507,2018년 7월 11일 19시,수요일,전라북도 익산시 팔봉동,중상사고,0,1,0,0,차대차 - 측면충돌,안전운전불이행,건조,맑음,교차로 - 교차로안,화물,남,49세,상해없음,원동기,남,40세,중상
2018071100100508,2018년 7월 11일 19시,수요일,전라북도 완주군 봉동읍,사망사고,1,1,0,0,차대차 - 추돌,안전운전불이행,건조,맑음,교차로 - 교차로부근,승용,여,64세,중상,원동기,남,29세,사망
2018071100100545,2018년 7월 11일 20시,수요일,전라북도 부안군 부안읍,경상사고,0,0,1,0,차대차 - 기타,안전운전불이행,건조,맑음,단일로 - 기타,이륜,남,57세,경상,승용,남,48세,상해없음
2018071100100597,2018년 7월 11일 22시,수요일,전라북도 전주시 덕진구 송천동2가,경상사고,0,0,1,0,차대차 - 측면충돌,안전운전불이행,건조,맑음,단일로 - 기타,승용,남,25세,상해없음,자전거,남,20세,경상
2018071100100598,2018년 7월 11일 22시,수요일,전라북도 정읍시 하북동,경상사고,0,0,1,0,차대차 - 추돌,안전운전불이행,건조,맑음,교차로 - 교차로안,승용,남,37세,상해없음,자전거,남,54세,경상
2018071200100049,2018년 7월 12일 03시,목요일,전라북도 정읍시 수성동,경상사고,0,0,1,0,차량단독 - 공작물충돌,안전운전불이행,건조,맑음,단일로 - 기타,승용,남,21세,경상,,,,
2018071200100074,2018년 7월 12일 06시,목요일,전라북도 완주군 용진읍,사망사고,1,0,0,0,차대사람 - 길가장자리구역통행중,안전운전불이행,건조,맑음,단일로 - 기타,승용,남,35세,상해없음,보행자,여,73세,사망
2018071200100158,2018년 7월 12일 09시,목요일,전라북도 전주시 덕진구 송천동2가,경상사고,0,0,1,0,차대차 - 측면충돌,안전운전불이행,건조,맑음,교차로 - 교차로안,화물,남,37세,상해없음,화물,남,52세,경상
2018071200100159,2018년 7월 12일 09시,목요일,전라북도 임실군 임실읍,중상사고,0,1,0,0,차대차 - 추돌,안전운전불이행,건조,맑음,단일로 - 기타,승용,남,53세,상해없음,농기계,남,79세,중상
2018071200100216,2018년 7월 12일 11시,목요일,전라북도 남원시 보절면,경상사고,0,0,1,0,차대차 - 측면충돌,교차로운행방법위반,건조,맑음,교차로 - 교차로안,건설기계,남,52세,상해없음,건설기계,남,46세,경상
2018071200100247,2018년 7월 12일 12시,목요일,전라북도 군산시 서흥남동,경상사고,0,0,2,0,차대차 - 측면충돌,안전운전불이행,건조,맑음,교차로 - 교차로안,화물,남,63세,경상,화물,남,51세,경상
2018071200100248,2018년 7월 12일 12시,목요일,전라북도 군산시 소룡동,경상사고,0,0,1,0,차대사람 - 기타,안전운전불이행,건조,맑음,단일로 - 기타,승용,남,62세,상해없음,보행자,여,71세,경상
2018071200100312,2018년 7월 12일 14시,목요일,전라북도 군산시 옥산면,중상사고,0,1,0,0,차대차 - 측면충돌,신호위반,건조,맑음,교차로 - 교차로안,건설기계,남,65세,기타불명,화물,남,61세,중상
2018071200100384,2018년 7월 12일 16시,목요일,전라북도 익산시 함열읍,경상사고,0,0,1,0,차대사람 - 횡단중,안전운전불이행,건조,맑음,교차로 - 교차로안,승용,여,48세,상해없음,보행자,여,73세,경상
2018071200100385,2018년 7월 12일 16시,목요일,전라북도 남원시 주생면,중상사고,0,1,0,0,차대차 - 추돌,안전운전불이행,건조,맑음,단일로 - 기타,승용,남,44세,상해없음,승용,여,37세,중상
2018071200100416,2018년 7월 12일 17시,목요일,전라북도 전주시 덕진구 송천동2가,경상사고,0,0,1,0,차대차 - 측면충돌,직진우회전진행방해,건조,맑음,교차로 - 교차로안,화물,남,56세,상해없음,승용,남,62세,경상
2018071200100417,2018년 7월 12일 17시,목요일,전라북도 군산시 대명동,경상사고,0,0,1,0,차대차 - 측면충돌,신호위반,건조,맑음,교차로 - 교차로안,승용,남,44세,상해없음,이륜,남,46세,경상
2018071200100418,2018년 7월 12일 17시,목요일,전라북도 군산시 미장동,경상사고,0,0,1,0,차대차 - 추돌,안전운전불이행,건조,맑음,교차로 - 교차로부근,승용,남,79세,상해없음,승용,여,34세,경상
2018071200100461,2018년 7월 12일 18시,목요일,전라북도 전주시 덕진구 덕진동2가,경상사고,0,0,1,0,차대차 - 측면충돌,안전거리미확보,건조,맑음,교차로 - 교차로안,승용,남,35세,상해없음,기타불명,남,24세,경상
2018071200100462,2018년 7월 12일 18시,목요일,전라북도 김제시 황산면,중상사고,0,1,1,0,차대차 - 측면충돌,직진우회전진행방해,건조,맑음,교차로 - 교차로안,화물,남,67세,상해없음,화물,남,70세,경상
2018071200100501,2018년 7월 12일 19시,목요일,전라북도 전주시 완산구 색장동,경상사고,0,0,1,0,차대차 - 측면충돌,신호위반,건조,맑음,교차로 - 교차로안,화물,남,54세,상해없음,화물,남,46세,경상
2018071200100502,2018년 7월 12일 19시,목요일,전라북도 전주시 덕진구 인후동1가,경상사고,0,0,1,0,차대사람 - 기타,안전운전불이행,건조,맑음,단일로 - 기타,승용,남,26세,상해없음,보행자,여,35세,경상
2018071200100503,2018년 7월 12일 19시,목요일,전라북도 전주시 덕진구 우아동3가,경상사고,0,0,1,0,차대사람 - 기타,안전운전불이행,건조,맑음,단일로 - 기타,승용,여,23세,기타불명,보행자,여,59세,경상
2018071200100527,2018년 7월 12일 20시,목요일,전라북도 군산시 미룡동,경상사고,0,0,1,0,차대차 - 측면충돌,신호위반,건조,맑음,교차로 - 교차로안,승용,남,49세,상해없음,승용,여,48세,경상
2018071200100528,2018년 7월 12일 20시,목요일,전라북도 정읍시 수성동,경상사고,0,0,2,0,차대차 - 측면충돌,직진우회전진행방해,건조,맑음,교차로 - 교차로안,승용,남,27세,경상,승용,남,32세,경상
2018071300100035,2018년 7월 13일 03시,금요일,전라북도 전주시 완산구 다가동3가,경상사고,0,0,1,0,차대차 - 기타,안전거리미확보,건조,맑음,교차로 - 교차로부근,승용,남,24세,상해없음,화물,남,60세,경상
2018071300100084,2018년 7월 13일 07시,금요일,전라북도 전주시 덕진구 진북동,경상사고,0,0,2,0,차대차 - 측면충돌,안전거리미확보,건조,맑음,단일로 - 기타,승용,남,65세,상해없음,승용,여,70세,경상
2018071300100085,2018년 7월 13일 07시,금요일,전라북도 순창군 순창읍,경상사고,0,0,1,0,차대차 - 기타,안전운전불이행,건조,맑음,교차로 - 교차로안,이륜,남,83세,경상,승용,남,26세,상해없음
2018071300100117,2018년 7월 13일 08시,금요일,전라북도 전주시 완산구 중화산동2가,경상사고,0,0,1,0,차대차 - 측면충돌,중앙선침범,건조,맑음,단일로 - 기타,승용,여,59세,상해없음,화물,남,44세,경상
2018071300100118,2018년 7월 13일 08시,금요일,전라북도 군산시 수송동,경상사고,0,0,2,0,차대차 - 추돌,안전운전불이행,건조,맑음,교차로 - 교차로부근,승용,여,20세,상해없음,승용,남,71세,경상
2018071300100119,2018년 7월 13일 08시,금요일,전라북도 정읍시 북면,경상사고,0,0,1,0,차대차 - 측면충돌,직진우회전진행방해,건조,맑음,교차로 - 교차로안,이륜,남,75세,경상,승용,남,38세,상해없음
2018071300100252,2018년 7월 13일 12시,금요일,전라북도 전주시 덕진구 덕진동1가,경상사고,0,0,2,0,차대차 - 추돌,안전운전불이행,건조,맑음,교차로 - 교차로부근,승용,여,55세,상해없음,승용,여,27세,경상
2018071300100253,2018년 7월 13일 12시,금요일,전라북도 군산시 송풍동,경상사고,0,0,2,0,차대차 - 측면충돌,중앙선침범,건조,맑음,단일로 - 기타,승용,남,48세,상해없음,승용,여,25세,경상