사고번호,사고일시,요일,시군구,사고내용,사망자수,중상자수,경상자수,부상신고자수,사고유형,법규위반,노면상태,기상상태,도로형태,가해운전자 차종,가해운전자 성별,가해운전자 연령,가해운전자 상해정도,피해운전자 차종,피해운전자 성별,피해운전자 연령,피해운전자 상해정도
2018072000100057,2018년 7월 20일 05시,금요일,전라북도 김제시 만경읍,경상사고,0,0,1,0,차대차 - 정면충돌,안전운전불이행,건조,맑음,단일로 - 기타,승용,남,45세,상해없음,승용,남,78세,경상
2018072000100070,2018년 7월 20일 06시,금요일,전라북도 김제시 금구면,경상사고,0,0,1,0,차대차 - 측면충돌,신호위반,건조,맑음,교차로 - 교차로안,승용,여,61세,상해없음,승용,남,35세,경상
2018072000100097,2018년 7월 20일 07시,금요일,전라북도 전주시 덕진구 우아동3가,경상사고,0,0,1,0,차대사람 - 차도통행중,안전운전불이행,건조,맑음,단일로 - 기타,기타불명,기타불명,미분류,기타불명,보행자,여,64세,경상
2018072000100135,2018년 7월 20일 08시,금요일,전라북도 익산시 송학동,사망사고,1,0,0,0,차대차 - 측면충돌,안전운전불이행,건조,맑음,단일로 - 기타,화물,남,51세,상해없음,자전거,남,13세,사망
2018072000100136,2018년 7월 20일 08시,금요일,전라북도 임실군 임실읍,중상사고,0,1,0,0,차대차 - 측면충돌,안전운전불이행,건조,맑음,교차로 - 교차로안,자전거,여,15세,중상,승용,남,34세,상해없음
2018072000100137,2018년 7월 20일 08시,금요일,전라북도 무주군 무주읍,경상사고,0,0,1,0,차대차 - 측면충돌,직진우회전진행방해,건조,맑음,교차로 - 교차로안,승용,남,59세,상해없음,승용,남,67세,경상
2018072000100184,2018년 7월 20일 09시,금요일,전라북도 전주시 덕진구 우아동2가,경상사고,0,0,2,0,차대차 - 측면충돌,직진우회전진행방해,건조,맑음,교차로 - 교차로안,승용,여,59세,상해없음,승용,남,38세,경상
2018072000100215,2018년 7월 20일 10시,금요일,전라북도 남원시 송동면,중상사고,0,1,0,0,차대차 - 측면충돌,교차로운행방법위반,건조,맑음,교차로 - 교차로안,화물,남,67세,상해없음,승용,남,71세,중상
2018072000100292,2018년 7월 20일 12시,금요일,전라북도 전주시 덕진구 금암동,경상사고,0,0,1,0,차대사람 - 횡단중,보행자보호의무위반,건조,맑음,기타 - 기타,승용,남,32세,상해없음,보행자,남,62세,경상
2018072000100334,2018년 7월 20일 13시,금요일,전라북도 전주시 덕진구 반월동,중상사고,0,1,0,0,차대사람 - 횡단중,신호위반,건조,맑음,교차로 - 교차로안,승용,남,30세,상해없음,보행자,남,7세,중상
2018072000100365,2018년 7월 20일 14시,금요일,전라북도 전주시 덕진구 송천동1가,중상사고,0,1,0,0,차대사람 - 기타,안전운전불이행,건조,맑음,주차장 - 주차장,승용,여,44세,상해없음,보행자,여,57세,중상
2018072000100366,2018년 7월 20일 14시,금요일,전라북도 정읍시 수성동,중상사고,0,1,1,0,차대차 - 측면충돌,직진우회전진행방해,건조,맑음,교차로 - 교차로안,승용,남,75세,상해없음,승용,남,64세,경상
2018072000100457,2018년 7월 20일 16시,금요일,전라북도 전주시 완산구 서신동,경상사고,0,0,1,0,차대차 - 추돌,안전거리미확보,건조,맑음,교차로 - 교차로부근,승용,남,47세,상해없음,승용,남,74세,상해없음
2018072000100458,2018년 7월 20일 16시,금요일,전라북도 전주시 덕진구 인후동1가,중상사고,0,1,0,0,차대차 - 기타,안전운전불이행,건조,맑음,교차로 - 교차로부근,승용,남,62세,상해없음,승용,남,59세,상해없음
2018072000100459,2018년 7월 20일 16시,금요일,전라북도 전주시 덕진구 인후동1가,경상사고,0,0,1,0,차대차 - 측면충돌,신호위반,건조,맑음,교차로 - 교차로안,화물,남,59세,상해없음,이륜,남,72세,경상
2018072000100460,2018년 7월 20일 16시,금요일,전라북도 남원시 동충동,중상사고,0,1,0,0,차대차 - 기타,안전운전불이행,건조,맑음,교차로 - 교차로안,승용,남,64세,상해없음,자전거,여,73세,중상
2018072000100583,2018년 7월 20일 18시,금요일,전라북도 전주시 덕진구 중동,경상사고,0,0,5,0,차대차 - 추돌,안전운전불이행,건조,맑음,단일로 - 기타,승용,남,25세,상해없음,승용,남,50세,경상
2018072000100584,2018년 7월 20일 18시,금요일,전라북도 군산시 선양동,경상사고,0,0,1,0,차대차 - 후진중충돌,안전운전불이행,건조,맑음,기타 - 기타,승용,남,34세,상해없음,자전거,여,75세,경상
2018072000100585,2018년 7월 20일 18시,금요일,전라북도 남원시 향교동,경상사고,0,0,1,0,차대차 - 측면충돌,안전운전불이행,건조,맑음,단일로 - 기타,승용,남,35세,상해없음,이륜,남,53세,경상
2018072000100671,2018년 7월 20일 20시,금요일,전라북도 군산시 오식도동,경상사고,0,0,1,0,차대차 - 추돌,안전운전불이행,건조,맑음,교차로 - 교차로부근,승용,남,56세,상해없음,승용,남,46세,경상
2018072000100723,2018년 7월 20일 21시,금요일,전라북도 익산시 남중동,경상사고,0,0,1,0,차대차 - 후진중충돌,안전운전불이행,건조,맑음,교차로 - 교차로안,화물,남,26세,상해없음,이륜,남,38세,경상
2018072000100758,2018년 7월 20일 22시,금요일,전라북도 부안군 상서면,경상사고,0,0,1,0,차량단독 - 공작물충돌,안전운전불이행,건조,맑음,단일로 - 기타,승용,여,49세,경상,,,,
2018072000100787,2018년 7월 20일 23시,금요일,전라북도 전주시 완산구 서노송동,중상사고,0,2,0,0,차대사람 - 기타,안전운전불이행,건조,맑음,교차로 - 교차로부근,승용,남,25세,상해없음,보행자,남,45세,중상
2018072100100016,2018년 7월 21일 00시,토요일,전라북도 전주시 덕진구 덕진동1가,경상사고,0,0,1,0,차대사람 - 기타,안전운전불이행,건조,맑음,단일로 - 기타,승용,남,24세,상해없음,보행자,남,21세,경상
2018072100100058,2018년 7월 21일 03시,토요일,전라북도 부안군 부안읍,경상사고,0,0,1,0,차량단독 - 공작물충돌,안전운전불이행,건조,맑음,단일로 - 기타,승용,남,26세,경상,,,,
2018072100100160,2018년 7월 21일 09시,토요일,전라북도 전주시 완산구 효자동2가,중상사고,0,2,1,0,차대차 - 측면충돌,안전운전불이행,건조,맑음,교차로 - 교차로안,승용,남,53세,상해없음,화물,남,53세,중상
2018072100100219,2018년 7월 21일 11시,토요일,전라북도 전주시 완산구 효자동3가,경상사고,0,0,1,0,차대차 - 측면충돌,신호위반,건조,맑음,교차로 - 교차로안,승용,여,41세,상해없음,화물,남,44세,경상
2018072100100258,2018년 7월 21일 12시,토요일,전라북도 부안군 백산면,중상사고,0,1,0,0,차대차 - 측면충돌,직진우회전진행방해,건조,맑음,교차로 - 교차로안,승용,남,43세,상해없음,원동기,남,82세,중상
2018072100100259,2018년 7월 21일 12시,토요일,전라북도 순창군 팔덕면,경상사고,0,0,1,0,차대차 - 측면충돌,신호위반,건조,맑음,교차로 - 교차로안,승용,여,42세,상해없음,승합,남,57세,상해없음
2018072100100293,2018년 7월 21일 13시,토요일,전라북도 전주시 덕진구 진북동,경상사고,0,0,2,0,차대차 - 측면충돌,안전거리미확보,건조,맑음,단일로 - 기타,승용,남,44세,상해없음,승용,남,57세,경상
2018072100100294,2018년 7월 21일 13시,토요일,전라북도 부안군 변산면,경상사고,0,0,2,0,차대차 - 측면충돌,직진우회전진행방해,건조,맑음,교차로 - 교차로안,승용,남,40세,상해없음,승용,남,69세,경상
2018072100100335,2018년 7월 21일 14시,토요일,전라북도 익산시 신흥동,경상사고,0,0,5,0,차대차 - 측면충돌,신호위반,건조,맑음,교차로 - 교차로안,승용,여,73세,상해없음,승용,여,54세,경상
2018072100100336,2018년 7월 21일 14시,토요일,전라북도 무주군 설천면,경상사고,0,0,1,0,차대사람 - 횡단중,안전운전불이행,건조,맑음,주차장 - 주차장,사륜오토바이(ATV),남,63세,상해없음,보행자,남,10세,경상
2018072100100371,2018년 7월 21일 15시,토요일,전라북도 전주시 완산구 경원동2가,경상사고,0,0,3,0,차대차 - 측면충돌,안전운전불이행,건조,맑음,단일로 - 기타,승용,남,22세,상해없음,승용,남,28세,경상
2018072100100372,2018년 7월 21일 15시,토요일,전라북도 익산시 인화동2가,경상사고,0,0,1,0,차대차 - 기타,직진우회전진행방해,건조,맑음,교차로 - 교차로안,화물,남,52세,상해없음,이륜,남,42세,경상
2018072100100373,2018년 7월 21일 15시,토요일,전라북도 부안군 부안읍,경상사고,0,0,3,0,차대차 - 측면충돌,신호위반,건조,맑음,교차로 - 교차로안,승용,남,53세,상해없음,승용,여,57세,경상
2018072100100434,2018년 7월 21일 17시,토요일,전라북도 군산시 조촌동,경상사고,0,0,1,0,차대사람 - 기타,안전운전불이행,건조,맑음,주차장 - 주차장,승용,여,38세,상해없음,보행자,여,33세,경상
2018072100100508,2018년 7월 21일 19시,토요일,전라북도 군산시 미룡동,경상사고,0,0,1,0,차대차 - 추돌,안전거리미확보,건조,맑음,단일로 - 기타,자전거,남,23세,경상,이륜,남,53세,기타불명
2018072100100509,2018년 7월 21일 19시,토요일,전라북도 고창군 고수면,중상사고,0,2,5,0,차대차 - 기타,교차로운행방법위반,건조,맑음,교차로 - 교차로안,승용,남,36세,경상,승용,남,49세,중상
2018072100100539,2018년 7월 21일 20시,토요일,전라북도 군산시 나운동,경상사고,0,0,2,0,차대차 - 추돌,안전거리미확보,건조,맑음,단일로 - 기타,승용,남,50세,상해없음,승용,남,60세,상해없음
2018072100100540,2018년 7월 21일 20시,토요일,전라북도 정읍시 시기동,중상사고,0,2,0,0,차대차 - 측면충돌,신호위반,건조,맑음,교차로 - 교차로안,승합,남,64세,상해없음,승용,남,21세,중상
2018072100100571,2018년 7월 21일 21시,토요일,전라북도 순창군 순창읍,경상사고,0,0,1,0,차대차 - 기타,직진우회전진행방해,건조,맑음,단일로 - 기타,승용,남,27세,상해없음,이륜,남,18세,경상
2018072200100014,2018년 7월 22일 00시,일요일,전라북도 전주시 완산구 서신동,중상사고,0,1,0,0,차대차 - 측면충돌,신호위반,건조,맑음,교차로 - 교차로안,승용,남,31세,상해없음,승용,남,45세,중상
2018072200100102,2018년 7월 22일 08시,일요일,전라북도 군산시 나운동,중상사고,0,1,0,0,차대사람 - 보도통행중,기타,건조,맑음,교차로 - 교차로부근,이륜,남,23세,상해없음,보행자,여,74세,중상
2018072200100121,2018년 7월 22일 09시,일요일,전라북도 익산시 삼기면,경상사고,0,0,1,0,차대차 - 측면충돌,신호위반,건조,맑음,교차로 - 교차로안,승용,여,60세,상해없음,승용,남,68세,경상
2018072200100122,2018년 7월 22일 09시,일요일,전라북도 진안군 상전면,중상사고,0,1,2,0,차대차 - 정면충돌,직진우회전진행방해,건조,맑음,교차로 - 교차로횡단보도내,승용,여,47세,경상,승용,남,51세,중상
2018072200100158,2018년 7월 22일 11시,일요일,전라북도 부안군 부안읍,경상사고,0,0,1,0,차대차 - 측면충돌,안전운전불이행,건조,맑음,교차로 - 교차로안,원동기,남,36세,경상,승용,여,57세,상해없음
2018072200100159,2018년 7월 22일 11시,일요일,전라북도 임실군 덕치면,경상사고,0,0,1,0,차대차 - 측면충돌,직진우회전진행방해,건조,맑음,교차로 - 교차로안,승합,남,69세,상해없음,화물,남,51세,경상
2018072200100188,2018년 7월 22일 12시,일요일,전라북도 무주군 무주읍,경상사고,0,0,1,0,차량단독 - 전도전복 - 전복,안전운전불이행,건조,맑음,단일로 - 기타,승합,남,60세,경상,미분류,미분류,미분류,미분류
2018072200100252,2018년 7월 22일 14시,일요일,전라북도 전주시 완산구 중화산동2가,경상사고,0,0,2,0,차대차 - 추돌,안전운전불이행,건조,맑음,단일로 - 기타,승용,남,33세,상해없음,승용,남,29세,경상
2018072200100292,2018년 7월 22일 15시,일요일,전라북도 임실군 관촌면,경상사고,0,0,3,0,차대차 - 추돌,안전운전불이행,건조,맑음,단일로 - 기타,승용,남,59세,상해없음,승용,여,47세,경상
2018072200100348,2018년 7월 22일 17시,일요일,전라북도 완주군 동상면,경상사고,0,0,1,0,차대사람 - 횡단중,안전운전불이행,건조,맑음,단일로 - 기타,승용,남,33세,상해없음,보행자,남,7세,경상
2018072200100375,2018년 7월 22일 18시,일요일,전라북도 완주군 구이면,중상사고,0,1,0,0,차대사람 - 횡단중,안전운전불이행,건조,맑음,단일로 - 기타,승용,남,48세,상해없음,보행자,남,5세,중상
2018072200100408,2018년 7월 22일 19시,일요일,전라북도 전주시 덕진구 송천동1가,경상사고,0,0,1,0,차대차 - 추돌,안전운전불이행,건조,맑음,교차로 - 교차로부근,승용,남,63세,상해없음,승합,남,49세,경상
2018072200100440,2018년 7월 22일 20시,일요일,전라북도 고창군 고수면,중상사고,0,1,0,0,차량단독 - 기타,안전운전불이행,건조,맑음,단일로 - 기타,이륜,남,60세,중상,,,,
2018072200100469,2018년 7월 22일 21시,일요일,전라북도 군산시 소룡동,경상사고,0,0,1,0,차대사람 - 기타,안전운전불이행,건조,맑음,단일로 - 기타,승용,남,53세,상해없음,보행자,남,42세,경상
2018072200100498,2018년 7월 22일 22시,일요일,전라북도 익산시 마동,경상사고,0,0,1,0,차대차 - 측면충돌,안전운전불이행,건조,맑음,교차로 - 교차로안,승용,여,20세,상해없음,이륜,남,22세,경상
2018072300100037,2018년 7월 23일 04시,월요일,전라북도 전주시 덕진구 인후동1가,중상사고,0,1,1,0,차대차 - 측면충돌,안전거리미확보,건조,맑음,단일로 - 기타,승용,여,52세,상해없음,이륜,남,18세,중상
2018072300100047,2018년 7월 23일 05시,월요일,전라북도 정읍시 송산동,중상사고,0,1,1,0,차대사람 - 보도통행중,안전운전불이행,건조,맑음,단일로 - 기타,원동기,남,74세,경상,보행자,남,76세,중상
2018072300100073,2018년 7월 23일 07시,월요일,전라북도 전주시 완산구 효자동3가,중상사고,0,1,0,0,차대사람 - 기타,안전운전불이행,건조,맑음,단일로 - 기타,화물,남,35세,상해없음,보행자,여,17세,중상
2018072300100113,2018년 7월 23일 08시,월요일,전라북도 군산시 수송동,경상사고,0,0,2,0,차대차 - 측면충돌,직진우회전진행방해,건조,맑음,교차로 - 교차로안,승용,남,47세,경상,승용,여,51세,경상
2018072300100218,2018년 7월 23일 11시,월요일,전라북도 남원시 금동,경상사고,0,0,1,0,차대차 - 정면충돌,안전운전불이행,건조,맑음,단일로 - 기타,이륜,남,81세,경상,승용,남,55세,상해없음
2018072300100276,2018년 7월 23일 13시,월요일,전라북도 군산시 미장동,중상사고,0,1,0,0,차대차 - 측면충돌,안전운전불이행,건조,맑음,교차로 - 교차로부근,이륜,남,53세,중상,승용,여,54세,상해없음
2018072300100314,2018년 7월 23일 14시,월요일,전라북도 전주시 덕진구 덕진동2가,경상사고,0,0,1,0,차대차 - 추돌,안전운전불이행,건조,맑음,단일로 - 기타,승용,남,68세,상해없음,특수,남,52세,경상
2018072300100348,2018년 7월 23일 15시,월요일,전라북도 전주시 완산구 평화동2가,경상사고,0,0,2,0,차대차 - 측면충돌,중앙선침범,건조,맑음,단일로 - 기타,승용,남,68세,상해없음,화물,남,37세,경상
2018072300100524,2018년 7월 23일 19시,월요일,전라북도 전주시 완산구 서서학동,경상사고,0,0,1,0,차대차 - 측면충돌,교차로운행방법위반,건조,맑음,교차로 - 교차로안,승용,남,68세,기타불명,이륜,남,77세,경상
2018072300100525,2018년 7월 23일 19시,월요일,전라북도 남원시 수지면,경상사고,0,0,2,0,차대차 - 추돌,안전거리미확보,건조,맑음,단일로 - 기타,화물,남,51세,상해없음,승용,남,36세,경상
2018072300100551,2018년 7월 23일 20시,월요일,전라북도 익산시 영등동,경상사고,0,0,1,0,차대차 - 측면충돌,안전거리미확보,건조,맑음,교차로 - 교차로안,승용,남,64세,상해없음,화물,남,55세,경상
2018072300100609,2018년 7월 23일 22시,월요일,전라북도 군산시 소룡동,경상사고,0,0,1,0,차대차 - 기타,안전운전불이행,건조,맑음,교차로 - 교차로안,승용,여,33세,상해없음,승용,남,44세,경상
2018072400100065,2018년 7월 24일 06시,화요일,전라북도 군산시 경암동,사망사고,1,0,0,0,차대차 - 측면충돌,신호위반,건조,맑음,교차로 - 교차로횡단보도내,승용,남,47세,상해없음,자전거,남,81세,사망
2018072400100081,2018년 7월 24일 07시,화요일,전라북도 전주시 완산구 서신동,경상사고,0,0,2,0,차대차 - 추돌,안전운전불이행,건조,맑음,교차로 - 교차로부근,승합,남,51세,상해없음,화물,남,33세,경상
2018072400100119,2018년 7월 24일 08시,화요일,전라북도 익산시 망성면,경상사고,0,0,1,0,차대차 - 측면충돌,직진우회전진행방해,건조,맑음,교차로 - 교차로안,승용,여,56세,상해없음,승용,남,55세,경상
2018072400100169,2018년 7월 24일 09시,화요일,전라북도 전주시 완산구 효자동1가,중상사고,0,1,0,0,차대사람 - 횡단중,보행자보호의무위반,건조,맑음,교차로 - 교차로안,승합,여,40세,상해없음,보행자,여,65세,중상
2018072400100170,2018년 7월 24일 09시,화요일,전라북도 전주시 덕진구 우아동2가,경상사고,0,0,1,0,차대차 - 측면충돌,직진우회전진행방해,건조,맑음,교차로 - 교차로안,승용,여,34세,상해없음,승용,여,55세,경상
2018072400100275,2018년 7월 24일 12시,화요일,전라북도 완주군 삼례읍,사망사고,1,1,0,0,차량단독 - 공작물충돌,안전운전불이행,건조,맑음,교차로 - 교차로안,화물,남,56세,사망,,,,
2018072400100353,2018년 7월 24일 14시,화요일,전라북도 전주시 덕진구 산정동,경상사고,0,0,2,0,차대차 - 추돌,안전운전불이행,건조,맑음,단일로 - 기타,승용,남,76세,상해없음,승용,남,47세,경상
2018072400100354,2018년 7월 24일 14시,화요일,전라북도 전주시 덕진구 인후동1가,경상사고,0,0,2,0,차대차 - 측면충돌,신호위반,건조,맑음,교차로 - 교차로안,승용,남,56세,상해없음,승용,여,57세,경상
2018072400100355,2018년 7월 24일 14시,화요일,전라북도 정읍시 태인면,중상사고,0,1,0,0,차대차 - 후진중충돌,안전운전불이행,건조,맑음,주차장 - 주차장,화물,남,28세,상해없음,이륜,여,74세,중상
2018072400100426,2018년 7월 24일 16시,화요일,전라북도 전주시 덕진구 금암동,경상사고,0,0,4,0,차대차 - 기타,안전거리미확보,건조,맑음,단일로 - 기타,승용,여,33세,상해없음,승합,남,43세,상해없음
2018072400100427,2018년 7월 24일 16시,화요일,전라북도 군산시 미룡동,경상사고,0,0,1,0,차대차 - 측면충돌,중앙선침범,건조,맑음,단일로 - 기타,자전거,여,21세,경상,승용,남,22세,상해없음
2018072400100428,2018년 7월 24일 16시,화요일,전라북도 완주군 소양면,경상사고,0,0,1,0,차량단독 - 전도전복 - 전도,안전운전불이행,건조,맑음,단일로 - 기타,이륜,남,17세,경상,미분류,미분류,미분류,미분류
2018072400100476,2018년 7월 24일 17시,화요일,전라북도 전주시 완산구 평화동1가,경상사고,0,0,1,0,차대사람 - 횡단중,보행자보호의무위반,건조,맑음,교차로 - 교차로부근,화물,남,51세,상해없음,보행자,여,53세,경상
2018072400100597,2018년 7월 24일 20시,화요일,전라북도 완주군 용진읍,중상사고,0,2,0,0,차대차 - 추돌,안전운전불이행,건조,맑음,단일로 - 기타,승용,여,58세,상해없음,이륜,남,62세,중상
2018072400100674,2018년 7월 24일 23시,화요일,전라북도 전주시 완산구 상림동,경상사고,0,0,1,0,차대차 - 추돌,안전운전불이행,건조,맑음,교차로 - 교차로부근,승용,남,23세,상해없음,승용,여,37세,경상
2018072500100089,2018년 7월 25일 07시,수요일,전라북도 김제시 갈공동,경상사고,0,0,1,0,차대차 - 추돌,안전운전불이행,건조,맑음,단일로 - 기타,화물,남,56세,상해없음,승용,남,48세,경상
2018072500100117,2018년 7월 25일 08시,수요일,전라북도 전주시 덕진구 고랑동,경상사고,0,0,2,0,차대차 - 추돌,안전운전불이행,건조,맑음,단일로 - 기타,승용,남,57세,상해없음,승용,남,24세,경상
2018072500100118,2018년 7월 25일 08시,수요일,전라북도 군산시 대야면,중상사고,0,1,2,0,차대차 - 기타,안전운전불이행,건조,맑음,단일로 - 기타,화물,남,31세,상해없음,승용,남,28세,중상
2018072500100119,2018년 7월 25일 08시,수요일,전라북도 고창군 아산면,중상사고,0,1,0,0,차대차 - 측면충돌,신호위반,건조,맑음,교차로 - 교차로안,승용,남,27세,상해없음,승용,여,46세,중상
2018072500100120,2018년 7월 25일 08시,수요일,전라북도 완주군 용진읍,경상사고,0,0,1,0,차대차 - 추돌,안전거리미확보,건조,맑음,단일로 - 기타,건설기계,남,66세,상해없음,승용,여,38세,경상
2018072500100182,2018년 7월 25일 10시,수요일,전라북도 전주시 완산구 평화동1가,중상사고,0,1,0,0,차대차 - 정면충돌,안전운전불이행,건조,맑음,교차로 - 교차로안,화물,남,49세,상해없음,승용,남,38세,중상
2018072500100318,2018년 7월 25일 14시,수요일,전라북도 남원시 도통동,경상사고,0,0,1,0,차대차 - 기타,신호위반,건조,맑음,교차로 - 교차로안,원동기,남,77세,경상,승용,여,63세,상해없음
2018072500100319,2018년 7월 25일 14시,수요일,전라북도 무주군 무풍면,중상사고,0,1,0,0,차대차 - 측면충돌,안전운전불이행,건조,맑음,교차로 - 교차로안,승용,남,52세,상해없음,승용,여,43세,중상
2018072500100355,2018년 7월 25일 15시,수요일,전라북도 전주시 덕진구 송천동2가,경상사고,0,0,1,0,차대차 - 측면충돌,교차로운행방법위반,건조,맑음,교차로 - 교차로부근,승용,남,49세,상해없음,승용,여,31세,경상
2018072500100356,2018년 7월 25일 15시,수요일,전라북도 남원시 금지면,경상사고,0,0,1,0,차량단독 - 도로외이탈 - 추락,안전운전불이행,건조,맑음,교차로 - 교차로부근,화물,남,62세,경상,,,,
2018072500100391,2018년 7월 25일 16시,수요일,전라북도 순창군 금과면,부상신고사고,0,0,0,1,차량단독 - 기타,안전운전불이행,건조,맑음,단일로 - 기타,승용,남,72세,부상신고,,,,
2018072500100432,2018년 7월 25일 17시,수요일,전라북도 전주시 완산구 효자동2가,경상사고,0,0,1,0,차대차 - 추돌,안전운전불이행,건조,맑음,교차로 - 교차로부근,승용,여,49세,기타불명,승용,여,48세,경상
2018072500100433,2018년 7월 25일 17시,수요일,전라북도 전주시 덕진구 송천동2가,경상사고,0,0,2,0,차대사람 - 횡단중,신호위반,건조,맑음,교차로 - 교차로횡단보도내,화물,남,36세,상해없음,보행자,여,12세,경상
2018072500100470,2018년 7월 25일 18시,수요일,전라북도 군산시 서흥남동,경상사고,0,0,2,0,차대차 - 측면충돌,신호위반,건조,맑음,교차로 - 교차로안,승용,남,49세,상해없음,승용,여,45세,경상
2018072500100471,2018년 7월 25일 18시,수요일,전라북도 부안군 진서면,경상사고,0,0,1,0,차대차 - 측면충돌,안전운전불이행,건조,맑음,단일로 - 기타,원동기,남,39세,경상,화물,남,50세,상해없음
2018072500100472,2018년 7월 25일 18시,수요일,전라북도 임실군 오수면,중상사고,0,1,1,0,차대차 - 측면충돌,안전운전불이행,건조,맑음,교차로 - 교차로안,화물,남,42세,기타불명,화물,남,41세,상해없음
2018072500100553,2018년 7월 25일 20시,수요일,전라북도 익산시 영등동,경상사고,0,0,2,0,차대차 - 추돌,안전거리미확보,건조,맑음,단일로 - 기타,화물,남,44세,상해없음,승용,여,39세,경상
2018072500100579,2018년 7월 25일 21시,수요일,전라북도 군산시 나운동,중상사고,0,1,0,0,차대차 - 측면충돌,안전운전불이행,건조,맑음,교차로 - 교차로부근,화물,남,59세,상해없음,이륜,남,41세,중상
2018072500100580,2018년 7월 25일 21시,수요일,전라북도 정읍시 신월동,중상사고,0,1,2,0,차대차 - 추돌,안전운전불이행,건조,맑음,단일로 - 기타,승용,남,34세,경상,화물,남,48세,경상
2018072500100581,2018년 7월 25일 21시,수요일,전라북도 완주군 삼례읍,경상사고,0,0,1,0,차대사람 - 길가장자리구역통행중,안전운전불이행,건조,맑음,단일로 - 기타,승용,남,22세,상해없음,보행자,여,66세,경상
2018072500100610,2018년 7월 25일 22시,수요일,전라북도 전주시 덕진구 산정동,경상사고,0,0,1,0,차대차 - 추돌,안전운전불이행,건조,맑음,단일로 - 기타,승용,남,44세,상해없음,승용,남,29세,경상
2018072500100642,2018년 7월 25일 23시,수요일,전라북도 김제시 신풍동,중상사고,0,1,0,0,차대사람 - 기타,안전운전불이행,건조,맑음,단일로 - 기타,승용,여,53세,상해없음,보행자,남,56세,중상
2018072600100129,2018년 7월 26일 08시,목요일,전라북도 군산시 문화동,중상사고,0,1,0,0,차대사람 - 횡단중,신호위반,건조,맑음,교차로 - 교차로횡단보도내,승용,남,76세,상해없음,보행자,여,80세,중상
2018072600100130,2018년 7월 26일 08시,목요일,전라북도 익산시 팔봉동,경상사고,0,0,1,0,차대차 - 측면충돌,안전운전불이행,건조,맑음,교차로 - 교차로안,화물,남,27세,상해없음,승용,여,56세,경상
2018072600100168,2018년 7월 26일 09시,목요일,전라북도 무주군 설천면,중상사고,0,1,0,0,차대차 - 측면충돌,안전운전불이행,건조,맑음,단일로 - 지하차도(도로)내,화물,남,36세,상해없음,사륜오토바이(ATV),남,72세,중상
2018072600100198,2018년 7월 26일 10시,목요일,전라북도 전주시 완산구 다가동1가,경상사고,0,0,1,0,차량단독 - 기타,안전운전불이행,건조,맑음,단일로 - 기타,승합,남,58세,상해없음,,,,
2018072600100199,2018년 7월 26일 10시,목요일,전라북도 익산시 왕궁면,경상사고,0,0,4,0,차대차 - 추돌,안전운전불이행,건조,맑음,단일로 - 기타,건설기계,남,48세,상해없음,승합,남,54세,경상
2018072600100259,2018년 7월 26일 12시,목요일,전라북도 전주시 덕진구 호성동1가,경상사고,0,0,1,0,차대차 - 측면충돌,안전거리미확보,건조,맑음,교차로 - 교차로안,승용,여,65세,기타불명,승합,남,55세,경상
2018072600100260,2018년 7월 26일 12시,목요일,전라북도 군산시 중동,중상사고,0,1,0,0,차대차 - 기타,안전운전불이행,건조,맑음,단일로 - 기타,원동기,남,55세,중상,승합,여,35세,상해없음
2018072600100261,2018년 7월 26일 12시,목요일,전라북도 남원시 아영면,사망사고,1,0,2,0,차대차 - 측면충돌,중앙선침범,건조,맑음,단일로 - 기타,화물,남,70세,사망,승용,남,66세,경상
2018072600100262,2018년 7월 26일 12시,목요일,전라북도 완주군 삼례읍,경상사고,0,0,1,0,차대차 - 기타,교차로운행방법위반,건조,맑음,교차로 - 교차로안,화물,남,57세,상해없음,승용,남,49세,상해없음
2018072600100319,2018년 7월 26일 14시,목요일,전라북도 익산시 중앙동2가,경상사고,0,0,1,0,차대차 - 추돌,안전운전불이행,건조,맑음,단일로 - 기타,승용,여,46세,상해없음,화물,남,66세,경상
2018072600100356,2018년 7월 26일 15시,목요일,전라북도 전주시 덕진구 덕진동1가,경상사고,0,0,1,0,차대차 - 측면충돌,안전거리미확보,건조,맑음,단일로 - 기타,화물,여,52세,상해없음,승용,여,26세,경상
2018072600100387,2018년 7월 26일 16시,목요일,전라북도 익산시 남중동,경상사고,0,0,1,0,차대사람 - 횡단중,안전운전불이행,건조,맑음,단일로 - 기타,이륜,남,20세,상해없음,보행자,여,46세,경상
2018072600100422,2018년 7월 26일 17시,목요일,전라북도 전주시 덕진구 덕진동1가,경상사고,0,0,1,0,차대차 - 추돌,안전운전불이행,건조,맑음,단일로 - 기타,승용,남,63세,상해없음,승용,남,44세,경상
2018072600100423,2018년 7월 26일 17시,목요일,전라북도 정읍시 시기동,중상사고,0,1,0,0,차대차 - 측면충돌,직진우회전진행방해,건조,맑음,교차로 - 교차로안,승용,여,35세,상해없음,이륜,여,77세,중상
2018072600100503,2018년 7월 26일 19시,목요일,전라북도 군산시 수송동,경상사고,0,0,1,0,차대차 - 측면충돌,신호위반,건조,맑음,교차로 - 교차로부근,승용,여,19세,상해없음,승용,남,27세,경상
2018072600100530,2018년 7월 26일 20시,목요일,전라북도 전주시 완산구 효자동3가,경상사고,0,0,1,0,차대차 - 측면충돌,안전운전불이행,건조,맑음,교차로 - 교차로안,승합,남,51세,상해없음,이륜,남,59세,경상