사고번호,사고일시,요일,시군구,사고내용,사망자수,중상자수,경상자수,부상신고자수,사고유형,법규위반,노면상태,기상상태,도로형태,가해운전자 차종,가해운전자 성별,가해운전자 연령,가해운전자 상해정도,피해운전자 차종,피해운전자 성별,피해운전자 연령,피해운전자 상해정도
2018072600100531,2018년 7월 26일 20시,목요일,전라북도 전주시 덕진구 진북동,사망사고,1,0,0,0,차대사람 - 차도통행중,중앙선침범,건조,맑음,단일로 - 기타,승용,남,30세,상해없음,보행자,여,83세,사망
2018072600100532,2018년 7월 26일 20시,목요일,전라북도 익산시 인화동2가,중상사고,0,1,0,0,차대차 - 측면충돌,신호위반,건조,맑음,교차로 - 교차로횡단보도내,승용,남,36세,상해없음,자전거,여,52세,중상
2018072600100533,2018년 7월 26일 20시,목요일,전라북도 정읍시 상동,경상사고,0,0,1,0,차대사람 - 기타,안전운전불이행,건조,맑음,기타 - 기타,승용,남,53세,상해없음,보행자,남,49세,경상
2018072600100606,2018년 7월 26일 23시,목요일,전라북도 전주시 덕진구 인후동1가,경상사고,0,0,1,0,차대사람 - 횡단중,안전운전불이행,건조,맑음,교차로 - 교차로횡단보도내,승용,여,40세,상해없음,보행자,남,59세,경상
2018072700100030,2018년 7월 27일 02시,금요일,전라북도 익산시 마동,중상사고,0,1,0,0,차대사람 - 횡단중,과속,건조,맑음,단일로 - 기타,승용,남,55세,상해없음,보행자,여,41세,중상
2018072700100123,2018년 7월 27일 08시,금요일,전라북도 전주시 덕진구 인후동1가,경상사고,0,0,1,0,차대사람 - 기타,안전운전불이행,건조,맑음,교차로 - 교차로부근,기타불명,기타불명,미분류,기타불명,보행자,남,62세,경상
2018072700100124,2018년 7월 27일 08시,금요일,전라북도 익산시 신동,경상사고,0,0,1,0,차대차 - 측면충돌,안전운전불이행,건조,맑음,교차로 - 교차로안,승용,여,46세,상해없음,이륜,남,61세,경상
2018072700100165,2018년 7월 27일 09시,금요일,전라북도 남원시 금지면,경상사고,0,0,1,0,차대차 - 측면충돌,교차로운행방법위반,건조,맑음,교차로 - 교차로부근,건설기계,남,56세,상해없음,화물,남,67세,경상
2018072700100211,2018년 7월 27일 10시,금요일,전라북도 전주시 덕진구 동산동,경상사고,0,0,1,0,차대차 - 기타,중앙선침범,건조,맑음,단일로 - 기타,승용,남,54세,상해없음,자전거,남,51세,경상
2018072700100212,2018년 7월 27일 10시,금요일,전라북도 정읍시 수성동,경상사고,0,0,1,0,차대차 - 측면충돌,신호위반,건조,맑음,교차로 - 교차로안,승용,여,28세,상해없음,승용,남,66세,경상
2018072700100240,2018년 7월 27일 11시,금요일,전라북도 정읍시 송산동,중상사고,0,2,8,0,차대차 - 기타,신호위반,건조,맑음,교차로 - 교차로안,화물,남,71세,상해없음,화물,남,62세,경상
2018072700100430,2018년 7월 27일 16시,금요일,전라북도 익산시 모현동1가,경상사고,0,0,1,0,차대사람 - 횡단중,안전운전불이행,건조,맑음,교차로 - 교차로부근,승용,여,76세,상해없음,보행자,여,63세,경상
2018072700100431,2018년 7월 27일 16시,금요일,전라북도 김제시 하동,사망사고,1,0,0,0,차대차 - 측면충돌,불법유턴,건조,맑음,단일로 - 기타,이륜,남,83세,사망,승용,남,42세,상해없음
2018072700100432,2018년 7월 27일 16시,금요일,전라북도 김제시 봉남면,경상사고,0,0,2,0,차대차 - 측면충돌,중앙선침범,건조,맑음,단일로 - 기타,승용,여,38세,경상,건설기계,남,59세,경상
2018072700100433,2018년 7월 27일 16시,금요일,전라북도 순창군 순창읍,중상사고,0,1,0,0,차대차 - 측면충돌,안전운전불이행,건조,맑음,단일로 - 기타,승용,남,53세,상해없음,이륜,남,71세,상해없음
2018072700100434,2018년 7월 27일 16시,금요일,전라북도 장수군 번암면,중상사고,0,1,0,0,차대사람 - 횡단중,안전운전불이행,건조,맑음,기타 - 기타,화물,여,30세,상해없음,보행자,남,56세,중상
2018072700100469,2018년 7월 27일 17시,금요일,전라북도 전주시 덕진구 인후동1가,경상사고,0,0,2,0,차대차 - 측면충돌,교차로운행방법위반,건조,맑음,교차로 - 교차로안,승용,여,33세,상해없음,승용,남,48세,경상
2018072700100470,2018년 7월 27일 17시,금요일,전라북도 익산시 어양동,중상사고,0,1,0,0,차대차 - 측면충돌,신호위반,건조,맑음,교차로 - 교차로안,승용,남,56세,상해없음,승용,남,50세,중상
2018072700100471,2018년 7월 27일 17시,금요일,전라북도 정읍시 산외면,경상사고,0,0,1,0,차량단독 - 전도전복 - 전도,안전운전불이행,건조,맑음,기타 - 기타,이륜,남,61세,경상,미분류,미분류,미분류,미분류
2018072700100472,2018년 7월 27일 17시,금요일,전라북도 정읍시 상동,경상사고,0,0,4,1,차대차 - 기타,직진우회전진행방해,건조,맑음,교차로 - 교차로안,승용,남,40세,경상,승용,남,68세,부상신고
2018072700100527,2018년 7월 27일 18시,금요일,전라북도 김제시 금산면,중상사고,0,2,0,0,차대차 - 정면충돌,중앙선침범,건조,맑음,단일로 - 기타,승용,여,71세,상해없음,승용,여,58세,중상
2018072700100563,2018년 7월 27일 19시,금요일,전라북도 전주시 완산구 서신동,중상사고,0,1,0,0,차대차 - 측면충돌,불법유턴,건조,맑음,단일로 - 기타,승합,여,64세,상해없음,이륜,남,18세,중상
2018072700100564,2018년 7월 27일 19시,금요일,전라북도 전주시 완산구 중화산동2가,중상사고,0,1,1,0,차대차 - 측면충돌,안전운전불이행,건조,맑음,교차로 - 교차로안,이륜,남,34세,중상,승용,남,60세,경상
2018072700100565,2018년 7월 27일 19시,금요일,전라북도 정읍시 시기동,부상신고사고,0,0,0,1,차대차 - 측면충돌,신호위반,건조,맑음,교차로 - 교차로안,자전거,여,73세,부상신고,승용,남,40세,상해없음
2018072700100613,2018년 7월 27일 20시,금요일,전라북도 전주시 완산구 평화동1가,중상사고,0,1,1,0,차대사람 - 횡단중,보행자보호의무위반,건조,맑음,교차로 - 교차로부근,화물,남,68세,상해없음,보행자,남,35세,중상
2018072700100615,2018년 7월 27일 20시,금요일,전라북도 정읍시 태인면,경상사고,0,0,2,0,차대차 - 측면충돌,안전운전불이행,건조,맑음,교차로 - 교차로부근,승용,남,25세,경상,승용,남,50세,경상
2018072700100656,2018년 7월 27일 21시,금요일,전라북도 전주시 완산구 경원동3가,경상사고,0,0,5,0,차대차 - 추돌,안전운전불이행,건조,맑음,교차로 - 교차로부근,승용,남,23세,상해없음,승용,남,45세,경상
2018072700100657,2018년 7월 27일 21시,금요일,전라북도 전주시 완산구 색장동,중상사고,0,1,1,0,차대차 - 추돌,안전운전불이행,건조,맑음,단일로 - 기타,승용,남,49세,상해없음,승용,여,46세,경상
2018072700100693,2018년 7월 27일 22시,금요일,전라북도 익산시 모현동1가,경상사고,0,0,1,0,차대차 - 측면충돌,안전운전불이행,건조,맑음,단일로 - 기타,승용,남,61세,상해없음,사륜오토바이(ATV),남,27세,경상
2018072700100694,2018년 7월 27일 22시,금요일,전라북도 익산시 모현동1가,경상사고,0,0,1,0,차대사람 - 횡단중,안전운전불이행,건조,맑음,교차로 - 교차로안,승용,남,47세,상해없음,보행자,남,51세,경상
2018072700100723,2018년 7월 27일 23시,금요일,전라북도 전주시 완산구 풍남동1가,경상사고,0,0,1,0,차대차 - 후진중충돌,안전운전불이행,건조,맑음,단일로 - 기타,화물,남,58세,상해없음,승용,남,23세,경상
2018072800100053,2018년 7월 28일 02시,토요일,전라북도 전주시 완산구 평화동1가,경상사고,0,0,3,0,차대차 - 측면충돌,차로위반,건조,맑음,교차로 - 교차로안,승용,남,40세,상해없음,승용,남,47세,경상
2018072800100099,2018년 7월 28일 06시,토요일,전라북도 김제시 만경읍,경상사고,0,0,1,0,차대차 - 측면충돌,안전운전불이행,건조,맑음,단일로 - 기타,화물,남,56세,상해없음,이륜,남,86세,경상
2018072800100116,2018년 7월 28일 07시,토요일,전라북도 부안군 보안면,경상사고,0,0,1,0,차대차 - 측면충돌,직진우회전진행방해,건조,맑음,단일로 - 기타,원동기,남,71세,경상,화물,남,64세,상해없음
2018072800100131,2018년 7월 28일 08시,토요일,전라북도 군산시 나운동,경상사고,0,0,1,0,차대차 - 추돌,안전운전불이행,건조,맑음,교차로 - 교차로부근,승용,남,63세,상해없음,승용,여,21세,경상
2018072800100157,2018년 7월 28일 09시,토요일,전라북도 군산시 옥산면,경상사고,0,0,1,0,차대차 - 측면충돌,신호위반,건조,맑음,교차로 - 교차로안,화물,남,53세,상해없음,승합,남,51세,경상
2018072800100158,2018년 7월 28일 09시,토요일,전라북도 군산시 월명동,경상사고,0,0,1,0,차대사람 - 차도통행중,안전운전불이행,건조,맑음,단일로 - 기타,승용,여,52세,상해없음,보행자,남,46세,경상
2018072800100190,2018년 7월 28일 10시,토요일,전라북도 군산시 문화동,중상사고,0,1,0,0,차대차 - 기타,안전운전불이행,건조,맑음,단일로 - 기타,승용,남,59세,상해없음,자전거,남,66세,중상
2018072800100226,2018년 7월 28일 11시,토요일,전라북도 익산시 금강동,중상사고,0,1,1,0,차대차 - 측면충돌,중앙선침범,건조,맑음,단일로 - 기타,승용,여,37세,상해없음,화물,남,57세,경상
2018072800100268,2018년 7월 28일 12시,토요일,전라북도 정읍시 시기동,중상사고,0,1,0,0,차대차 - 측면충돌,중앙선침범,건조,맑음,단일로 - 기타,승용,남,73세,상해없음,승합,여,50세,상해없음
2018072800100269,2018년 7월 28일 12시,토요일,전라북도 임실군 오수면,경상사고,0,0,1,0,차대사람 - 횡단중,교차로운행방법위반,건조,맑음,교차로 - 교차로안,승용,여,56세,상해없음,보행자,여,69세,경상
2018072800100337,2018년 7월 28일 14시,토요일,전라북도 전주시 덕진구 팔복동2가,중상사고,0,1,0,0,차대차 - 측면충돌,신호위반,건조,맑음,교차로 - 교차로횡단보도내,승용,여,23세,상해없음,이륜,여,53세,중상
2018072800100338,2018년 7월 28일 14시,토요일,전라북도 군산시 나운동,경상사고,0,0,1,0,차대차 - 기타,안전운전불이행,건조,맑음,단일로 - 기타,자전거,남,16세,경상,승용,여,42세,상해없음
2018072800100339,2018년 7월 28일 14시,토요일,전라북도 남원시 죽항동,중상사고,0,1,1,0,차대차 - 측면충돌,신호위반,건조,맑음,교차로 - 교차로안,승용,여,57세,상해없음,승용,남,61세,경상
2018072800100370,2018년 7월 28일 15시,토요일,전라북도 전주시 완산구 중화산동2가,경상사고,0,0,2,0,차대차 - 측면충돌,신호위반,건조,맑음,교차로 - 교차로안,승용,남,78세,상해없음,승용,여,58세,경상
2018072800100371,2018년 7월 28일 15시,토요일,전라북도 완주군 용진읍,경상사고,0,0,1,0,차대차 - 측면충돌,신호위반,건조,맑음,교차로 - 교차로안,승용,남,81세,상해없음,승용,여,31세,경상
2018072800100420,2018년 7월 28일 17시,토요일,전라북도 완주군 소양면,중상사고,0,1,1,0,차대차 - 정면충돌,중앙선침범,젖음/습기,비,단일로 - 기타,승용,남,41세,상해없음,승용,남,49세,경상
2018072800100458,2018년 7월 28일 18시,토요일,전라북도 김제시 용지면,중상사고,0,1,0,0,차대사람 - 기타,안전운전불이행,젖음/습기,비,단일로 - 기타,승합,남,58세,상해없음,보행자,여,82세,중상
2018072800100459,2018년 7월 28일 18시,토요일,전라북도 남원시 쌍교동,중상사고,0,1,0,0,차대사람 - 차도통행중,안전운전불이행,건조,맑음,단일로 - 기타,승용,남,45세,상해없음,보행자,여,10세,중상
2018072800100480,2018년 7월 28일 19시,토요일,전라북도 남원시 산동면,중상사고,0,1,0,0,차대차 - 측면충돌,교차로운행방법위반,건조,맑음,교차로 - 교차로안,화물,남,48세,상해없음,화물,여,59세,중상
2018072800100510,2018년 7월 28일 20시,토요일,전라북도 전주시 덕진구 인후동1가,경상사고,0,0,3,0,차대차 - 기타,신호위반,건조,맑음,교차로 - 교차로안,이륜,남,18세,상해없음,승용,여,48세,경상
2018072800100570,2018년 7월 28일 22시,토요일,전라북도 전주시 완산구 중화산동2가,중상사고,0,1,1,0,차대차 - 기타,안전운전불이행,건조,맑음,교차로 - 교차로부근,승용,여,49세,상해없음,승용,남,49세,경상
2018072800100571,2018년 7월 28일 22시,토요일,전라북도 군산시 나운동,경상사고,0,0,1,0,차대사람 - 횡단중,신호위반,건조,맑음,교차로 - 교차로안,승용,남,50세,상해없음,보행자,남,24세,경상
2018072800100572,2018년 7월 28일 22시,토요일,전라북도 익산시 모현동2가,경상사고,0,0,3,0,차대차 - 측면충돌,신호위반,건조,맑음,교차로 - 교차로안,승용,남,63세,경상,승용,남,55세,경상
2018072800100573,2018년 7월 28일 22시,토요일,전라북도 고창군 고창읍,경상사고,0,0,1,0,차대사람 - 길가장자리구역통행중,안전운전불이행,건조,맑음,단일로 - 기타,특수,남,61세,상해없음,보행자,여,47세,경상
2018072800100593,2018년 7월 28일 23시,토요일,전라북도 전주시 완산구 효자동3가,경상사고,0,0,2,0,차대차 - 정면충돌,안전운전불이행,건조,맑음,교차로 - 교차로부근,승용,남,37세,상해없음,승용,남,39세,경상
2018072800100594,2018년 7월 28일 23시,토요일,전라북도 정읍시 시기동,중상사고,0,1,0,0,차대차 - 측면충돌,직진우회전진행방해,건조,맑음,교차로 - 교차로안,승용,여,49세,상해없음,승용,여,59세,중상
2018072900100008,2018년 7월 29일 00시,일요일,전라북도 전주시 덕진구 우아동3가,경상사고,0,0,1,0,차대차 - 측면충돌,신호위반,건조,맑음,교차로 - 교차로안,승합,남,27세,상해없음,화물,남,51세,경상
2018072900100024,2018년 7월 29일 01시,일요일,전라북도 전주시 완산구 평화동1가,경상사고,0,0,1,0,차대차 - 추돌,안전운전불이행,건조,맑음,단일로 - 기타,승용,여,52세,상해없음,승용,남,65세,경상
2018072900100038,2018년 7월 29일 02시,일요일,전라북도 전주시 완산구 효자동3가,경상사고,0,0,1,0,차대차 - 측면충돌,신호위반,건조,맑음,교차로 - 교차로안,승용,남,25세,상해없음,화물,남,46세,경상
2018072900100039,2018년 7월 29일 02시,일요일,전라북도 정읍시 상동,중상사고,0,1,2,0,차량단독 - 공작물충돌,안전운전불이행,건조,맑음,단일로 - 기타,승용,남,23세,상해없음,,,,
2018072900100068,2018년 7월 29일 05시,일요일,전라북도 김제시 요촌동,경상사고,0,0,2,0,차대차 - 측면충돌,신호위반,건조,맑음,교차로 - 교차로안,승합,여,58세,상해없음,승용,남,57세,경상
2018072900100076,2018년 7월 29일 06시,일요일,전라북도 전주시 덕진구 덕진동1가,중상사고,0,3,2,0,차대차 - 기타,중앙선침범,건조,맑음,단일로 - 기타,승용,남,20세,상해없음,승용,남,37세,경상
2018072900100157,2018년 7월 29일 11시,일요일,전라북도 전주시 덕진구 금암동,경상사고,0,0,1,0,차대차 - 측면충돌,직진우회전진행방해,건조,맑음,교차로 - 교차로안,이륜,남,53세,상해없음,이륜,남,48세,경상
2018072900100182,2018년 7월 29일 12시,일요일,전라북도 완주군 동상면,중상사고,0,1,2,0,차대차 - 기타,안전운전불이행,건조,맑음,단일로 - 기타,승용,여,53세,상해없음,승용,기타불명,기타불명,기타불명
2018072900100303,2018년 7월 29일 16시,일요일,전라북도 익산시 어양동,중상사고,0,1,0,0,차대차 - 측면충돌,안전운전불이행,건조,맑음,교차로 - 교차로횡단보도내,승용,남,54세,상해없음,이륜,남,55세,중상
2018072900100304,2018년 7월 29일 16시,일요일,전라북도 정읍시 신태인읍,경상사고,0,0,1,0,차대차 - 측면충돌,불법유턴,건조,맑음,단일로 - 기타,화물,남,61세,상해없음,화물,남,68세,경상
2018072900100374,2018년 7월 29일 18시,일요일,전라북도 익산시 모현동1가,경상사고,0,0,1,0,차대차 - 측면충돌,안전운전불이행,건조,맑음,단일로 - 기타,승용,여,38세,상해없음,승용,남,37세,경상
2018072900100402,2018년 7월 29일 19시,일요일,전라북도 익산시 어양동,중상사고,0,1,0,0,차대사람 - 차도통행중,안전운전불이행,건조,맑음,단일로 - 기타,이륜,남,53세,상해없음,보행자,여,71세,중상
2018072900100432,2018년 7월 29일 20시,일요일,전라북도 정읍시 장명동,중상사고,0,1,0,0,차대차 - 측면충돌,안전운전불이행,건조,맑음,교차로 - 교차로횡단보도내,자전거,남,83세,중상,승용,남,76세,상해없음
2018072900100433,2018년 7월 29일 20시,일요일,전라북도 부안군 변산면,사망사고,1,3,1,0,차대차 - 정면충돌,중앙선침범,건조,맑음,단일로 - 기타,승용,여,74세,사망,화물,여,61세,중상
2018072900100499,2018년 7월 29일 23시,일요일,전라북도 전주시 덕진구 송천동1가,경상사고,0,0,2,0,차대차 - 추돌,안전운전불이행,건조,맑음,교차로 - 교차로부근,승합,남,54세,상해없음,승용,남,40세,경상
2018073000100025,2018년 7월 30일 02시,월요일,전라북도 전주시 완산구 서신동,경상사고,0,0,3,0,차대차 - 측면충돌,교차로운행방법위반,건조,맑음,교차로 - 교차로안,승용,남,26세,상해없음,승용,남,48세,경상
2018073000100059,2018년 7월 30일 06시,월요일,전라북도 익산시 주현동,경상사고,0,0,1,0,차대차 - 측면충돌,안전운전불이행,건조,맑음,기타 - 기타,승용,남,59세,상해없음,자전거,남,62세,경상
2018073000100077,2018년 7월 30일 07시,월요일,전라북도 군산시 수송동,경상사고,0,0,1,0,차대차 - 추돌,안전운전불이행,건조,맑음,교차로 - 교차로부근,승용,여,44세,상해없음,승용,남,38세,경상
2018073000100112,2018년 7월 30일 08시,월요일,전라북도 군산시 오식도동,사망사고,1,0,1,0,차대차 - 측면충돌,신호위반,건조,맑음,교차로 - 교차로안,승용,남,56세,사망,승용,남,33세,경상
2018073000100113,2018년 7월 30일 08시,월요일,전라북도 군산시 경장동,중상사고,0,1,6,0,차대차 - 추돌,안전운전불이행,건조,맑음,단일로 - 지하차도(도로)내,승용,여,53세,상해없음,승용,여,55세,중상
2018073000100155,2018년 7월 30일 09시,월요일,전라북도 익산시 영등동,중상사고,0,1,0,0,차대차 - 추돌,안전운전불이행,건조,맑음,단일로 - 기타,이륜,남,61세,중상,승용,남,42세,상해없음
2018073000100186,2018년 7월 30일 10시,월요일,전라북도 정읍시 연지동,경상사고,0,0,1,0,차대사람 - 차도통행중,안전운전불이행,건조,맑음,교차로 - 교차로부근,화물,남,40세,상해없음,보행자,여,62세,경상
2018073000100187,2018년 7월 30일 10시,월요일,전라북도 진안군 진안읍,중상사고,0,1,0,0,차대사람 - 횡단중,안전운전불이행,건조,맑음,단일로 - 기타,승용,남,41세,상해없음,보행자,남,85세,중상
2018073000100221,2018년 7월 30일 11시,월요일,전라북도 익산시 망성면,중상사고,0,1,1,0,차대차 - 추돌,안전운전불이행,건조,맑음,단일로 - 기타,화물,남,63세,상해없음,승용,남,79세,중상
2018073000100222,2018년 7월 30일 11시,월요일,전라북도 정읍시 교암동,중상사고,0,1,0,0,차대차 - 측면충돌,직진우회전진행방해,건조,맑음,교차로 - 교차로안,이륜,남,66세,중상,화물,여,53세,상해없음
2018073000100223,2018년 7월 30일 11시,월요일,전라북도 김제시 성덕면,경상사고,0,0,1,0,차대차 - 정면충돌,안전운전불이행,건조,맑음,단일로 - 기타,원동기,남,79세,경상,승용,남,81세,상해없음
2018073000100224,2018년 7월 30일 11시,월요일,전라북도 전주시 덕진구 금상동,경상사고,0,0,4,0,차대차 - 기타,차로위반,건조,맑음,단일로 - 터널,화물,남,63세,상해없음,승용,여,50세,경상
2018073000100274,2018년 7월 30일 12시,월요일,전라북도 전주시 덕진구 금암동,경상사고,0,0,1,0,차대사람 - 기타,안전운전불이행,건조,맑음,단일로 - 기타,승용,여,46세,상해없음,보행자,남,71세,경상
2018073000100347,2018년 7월 30일 14시,월요일,전라북도 전주시 덕진구 우아동3가,중상사고,0,1,0,0,차대차 - 기타,신호위반,건조,맑음,교차로 - 교차로안,화물,남,74세,상해없음,승용,남,59세,중상
2018073000100387,2018년 7월 30일 15시,월요일,전라북도 전주시 덕진구 호성동1가,경상사고,0,0,1,0,차대차 - 기타,신호위반,건조,맑음,교차로 - 교차로안,승용,여,43세,상해없음,승용,여,59세,경상
2018073000100427,2018년 7월 30일 16시,월요일,전라북도 남원시 인월면,경상사고,0,0,2,0,차대차 - 기타,중앙선침범,건조,맑음,단일로 - 기타,승용,남,35세,상해없음,화물,남,61세,경상
2018073000100463,2018년 7월 30일 17시,월요일,전라북도 전주시 덕진구 금암동,경상사고,0,0,1,0,차대차 - 기타,교차로운행방법위반,건조,맑음,교차로 - 교차로부근,승용,남,62세,상해없음,승합,남,52세,경상
2018073000100464,2018년 7월 30일 17시,월요일,전라북도 무주군 무주읍,경상사고,0,0,1,0,차량단독 - 도로외이탈 - 추락,안전운전불이행,건조,맑음,단일로 - 지하차도(도로)내,사륜오토바이(ATV),남,19세,경상,,,,
2018073000100521,2018년 7월 30일 18시,월요일,전라북도 전주시 덕진구 만성동,경상사고,0,0,1,0,차대차 - 측면충돌,신호위반,건조,맑음,교차로 - 교차로안,승용,여,37세,상해없음,화물,남,45세,경상
2018073000100522,2018년 7월 30일 18시,월요일,전라북도 군산시 옥서면,경상사고,0,0,1,0,차대차 - 기타,안전운전불이행,건조,맑음,단일로 - 기타,화물,남,62세,상해없음,농기계,남,70세,경상
2018073000100523,2018년 7월 30일 18시,월요일,전라북도 익산시 중앙동1가,경상사고,0,0,1,0,차대사람 - 횡단중,보행자보호의무위반,건조,맑음,단일로 - 기타,승용,남,62세,상해없음,보행자,남,68세,경상
2018073000100524,2018년 7월 30일 18시,월요일,전라북도 익산시 팔봉동,중상사고,0,1,0,0,차대사람 - 횡단중,안전운전불이행,건조,맑음,교차로 - 교차로부근,승용,여,27세,상해없음,보행자,여,65세,중상
2018073000100591,2018년 7월 30일 20시,월요일,전라북도 전주시 완산구 교동,경상사고,0,0,1,0,차대사람 - 기타,안전운전불이행,건조,맑음,단일로 - 기타,승용,남,54세,상해없음,보행자,여,20세,경상
2018073100100005,2018년 7월 31일 00시,화요일,전라북도 전주시 완산구 효자동3가,경상사고,0,0,1,0,차대차 - 추돌,안전운전불이행,건조,맑음,단일로 - 기타,승용,여,24세,상해없음,승용,여,56세,경상
2018073100100006,2018년 7월 31일 00시,화요일,전라북도 군산시 소룡동,중상사고,0,1,0,0,차대차 - 기타,안전운전불이행,건조,맑음,교차로 - 교차로안,승용,남,57세,상해없음,자전거,남,56세,중상
2018073100100029,2018년 7월 31일 02시,화요일,전라북도 군산시 나운동,중상사고,0,1,0,0,차대사람 - 횡단중,중앙선침범,건조,맑음,단일로 - 기타,승용,남,21세,상해없음,보행자,남,49세,중상
2018073100100049,2018년 7월 31일 05시,화요일,전라북도 군산시 대야면,사망사고,1,0,0,0,차대차 - 기타,과속,건조,맑음,단일로 - 기타,승용,남,61세,상해없음,원동기,남,77세,사망
2018073100100066,2018년 7월 31일 06시,화요일,전라북도 완주군 삼례읍,경상사고,0,0,1,0,차대차 - 측면충돌,중앙선침범,건조,맑음,교차로 - 교차로부근,승용,남,20세,상해없음,승용,남,61세,경상
2018073100100084,2018년 7월 31일 07시,화요일,전라북도 전주시 완산구 중화산동2가,사망사고,1,1,6,0,차대차 - 정면충돌,중앙선침범,건조,맑음,단일로 - 기타,승용,남,37세,상해없음,승용,여,44세,경상
2018073100100112,2018년 7월 31일 08시,화요일,전라북도 전주시 덕진구 우아동3가,경상사고,0,0,1,0,차대차 - 측면충돌,교차로운행방법위반,건조,맑음,교차로 - 교차로안,승용,남,26세,상해없음,화물,남,60세,경상
2018073100100150,2018년 7월 31일 09시,화요일,전라북도 무주군 설천면,중상사고,0,1,0,0,차대차 - 정면충돌,중앙선침범,건조,맑음,단일로 - 기타,화물,남,54세,상해없음,승용,여,52세,중상
2018073100100215,2018년 7월 31일 11시,화요일,전라북도 전주시 덕진구 송천동1가,경상사고,0,0,1,0,차대차 - 측면충돌,안전운전불이행,건조,맑음,단일로 - 기타,승용,남,68세,상해없음,승용,여,31세,경상
2018073100100216,2018년 7월 31일 11시,화요일,전라북도 군산시 옥구읍,경상사고,0,0,2,0,차대차 - 측면충돌,중앙선침범,건조,맑음,단일로 - 기타,화물,남,67세,상해없음,승용,남,36세,경상
2018073100100249,2018년 7월 31일 12시,화요일,전라북도 전주시 덕진구 용정동,중상사고,0,1,1,0,차대차 - 추돌,안전운전불이행,건조,맑음,단일로 - 기타,화물,남,42세,상해없음,승용,여,58세,중상
2018073100100321,2018년 7월 31일 14시,화요일,전라북도 군산시 장미동,중상사고,0,1,0,0,차대차 - 추돌,안전운전불이행,건조,맑음,교차로 - 교차로부근,화물,남,81세,중상,승용,남,51세,상해없음
2018073100100322,2018년 7월 31일 14시,화요일,전라북도 임실군 오수면,경상사고,0,0,3,0,차대차 - 추돌,안전거리미확보,건조,맑음,단일로 - 기타,화물,남,27세,상해없음,승용,남,58세,경상
2018073100100358,2018년 7월 31일 15시,화요일,전라북도 전주시 덕진구 덕진동1가,중상사고,0,1,0,0,차대사람 - 횡단중,보행자보호의무위반,건조,맑음,교차로 - 교차로횡단보도내,화물,남,63세,상해없음,보행자,여,60세,중상
2018073100100359,2018년 7월 31일 15시,화요일,전라북도 전주시 덕진구 덕진동1가,중상사고,0,1,1,0,차대차 - 측면충돌,과속,건조,맑음,단일로 - 기타,승용,남,23세,상해없음,승합,남,57세,경상
2018073100100360,2018년 7월 31일 15시,화요일,전라북도 무주군 부남면,중상사고,0,5,0,0,차대차 - 추돌,과속,건조,맑음,단일로 - 터널,승용,남,27세,중상,화물,남,57세,중상
2018073100100390,2018년 7월 31일 16시,화요일,전라북도 전주시 완산구 삼천동1가,경상사고,0,0,1,0,차대차 - 측면충돌,교차로운행방법위반,건조,맑음,교차로 - 교차로안,승용,남,66세,상해없음,승용,남,55세,경상
2018073100100514,2018년 7월 31일 19시,화요일,전라북도 전주시 덕진구 송천동2가,경상사고,0,0,1,0,차대사람 - 기타,안전운전불이행,건조,맑음,교차로 - 교차로안,승용,남,41세,상해없음,보행자,남,57세,경상
2018073100100544,2018년 7월 31일 20시,화요일,전라북도 남원시 도통동,중상사고,0,1,0,0,차대차 - 측면충돌,불법유턴,건조,맑음,단일로 - 기타,승용,남,54세,상해없음,이륜,남,55세,중상
2018073100100545,2018년 7월 31일 20시,화요일,전라북도 고창군 고수면,중상사고,0,1,0,0,차대차 - 정면충돌,신호위반,건조,맑음,교차로 - 교차로안,승용,여,47세,상해없음,승용,남,36세,중상
2018073100100579,2018년 7월 31일 21시,화요일,전라북도 익산시 평화동,중상사고,0,1,0,0,차대차 - 측면충돌,신호위반,건조,맑음,교차로 - 교차로안,승용,남,76세,상해없음,승용,남,64세,중상
2018073100100580,2018년 7월 31일 21시,화요일,전라북도 완주군 봉동읍,경상사고,0,0,2,0,차대차 - 기타,안전운전불이행,건조,맑음,교차로 - 교차로안,승용,남,38세,상해없음,승용,여,29세,경상
2018073100100605,2018년 7월 31일 22시,화요일,전라북도 전주시 완산구 평화동2가,경상사고,0,0,1,0,차대차 - 기타,안전운전불이행,건조,맑음,단일로 - 기타,이륜,남,27세,상해없음,개인형이동수단(PM),남,59세,경상
2018073100100606,2018년 7월 31일 22시,화요일,전라북도 남원시 어현동,중상사고,0,1,0,0,차대사람 - 기타,안전운전불이행,건조,맑음,주차장 - 주차장,승용,남,42세,상해없음,보행자,남,61세,중상
2018073100100607,2018년 7월 31일 22시,화요일,전라북도 고창군 해리면,중상사고,0,2,0,0,차대차 - 추돌,안전운전불이행,건조,맑음,단일로 - 기타,화물,남,67세,중상,화물,여,53세,기타불명
2018073100100627,2018년 7월 31일 23시,화요일,전라북도 전주시 덕진구 송천동2가,경상사고,0,0,1,0,차대차 - 추돌,안전운전불이행,건조,기타,교차로 - 교차로부근,승용,남,50세,상해없음,승용,여,28세,경상
2018073100100628,2018년 7월 31일 23시,화요일,전라북도 군산시 소룡동,경상사고,0,0,3,0,차대차 - 측면충돌,교차로운행방법위반,건조,맑음,교차로 - 교차로안,화물,남,57세,상해없음,승용,남,26세,경상