사고번호,사고일시,요일,시군구,사고내용,사망자수,중상자수,경상자수,부상신고자수,사고유형,법규위반,노면상태,기상상태,도로형태,가해운전자 차종,가해운전자 성별,가해운전자 연령,가해운전자 상해정도,피해운전자 차종,피해운전자 성별,피해운전자 연령,피해운전자 상해정도
2018080700100230,2018년 8월 7일 12시,화요일,전라북도 군산시 옥구읍,경상사고,0,0,1,0,차대차 - 추돌,안전운전불이행,건조,맑음,주차장 - 주차장,승용,남,60세,상해없음,자전거,남,82세,경상
2018080700100297,2018년 8월 7일 14시,화요일,전라북도 군산시 수송동,경상사고,0,0,1,0,차대사람 - 횡단중,보행자보호의무위반,건조,맑음,교차로 - 교차로횡단보도내,승용,남,23세,상해없음,보행자,남,36세,경상
2018080700100335,2018년 8월 7일 15시,화요일,전라북도 정읍시 옹동면,경상사고,0,0,2,0,차대차 - 추돌,안전운전불이행,건조,맑음,단일로 - 기타,승합,남,58세,상해없음,화물,남,67세,경상
2018080700100407,2018년 8월 7일 17시,화요일,전라북도 익산시 어양동,중상사고,0,1,0,0,차대사람 - 기타,안전운전불이행,건조,맑음,주차장 - 주차장,승용,여,24세,상해없음,보행자,남,6세,중상
2018080700100408,2018년 8월 7일 17시,화요일,전라북도 김제시 요촌동,경상사고,0,0,1,0,차대사람 - 횡단중,안전운전불이행,건조,맑음,교차로 - 교차로안,승용,여,66세,상해없음,보행자,남,62세,경상
2018080700100454,2018년 8월 7일 18시,화요일,전라북도 전주시 덕진구 금암동,경상사고,0,0,1,0,차대차 - 측면충돌,불법유턴,건조,맑음,교차로 - 교차로부근,승용,남,51세,상해없음,원동기,남,25세,경상
2018080700100455,2018년 8월 7일 18시,화요일,전라북도 부안군 부안읍,중상사고,0,2,0,0,차대차 - 추돌,안전운전불이행,건조,맑음,교차로 - 교차로부근,승용,남,25세,상해없음,원동기,남,73세,중상
2018080700100543,2018년 8월 7일 21시,화요일,전라북도 정읍시 북면,경상사고,0,0,3,0,차대차 - 추돌,안전운전불이행,건조,맑음,교차로 - 교차로안,승용,남,56세,상해없음,승용,여,34세,경상
2018080700100568,2018년 8월 7일 22시,화요일,전라북도 익산시 마동,경상사고,0,0,1,0,차대사람 - 횡단중,안전운전불이행,건조,맑음,단일로 - 기타,이륜,남,25세,상해없음,보행자,남,37세,경상
2018080800100058,2018년 8월 8일 06시,수요일,전라북도 군산시 중앙로1가,경상사고,0,0,2,0,차대차 - 기타,교차로운행방법위반,건조,맑음,교차로 - 교차로안,승용,남,52세,상해없음,승용,남,61세,경상
2018080800100074,2018년 8월 8일 07시,수요일,전라북도 익산시 중앙동3가,경상사고,0,0,1,0,차대차 - 측면충돌,직진우회전진행방해,건조,맑음,교차로 - 교차로안,승용,여,56세,상해없음,승용,남,49세,경상
2018080800100105,2018년 8월 8일 08시,수요일,전라북도 군산시 나운동,중상사고,0,1,2,0,차대차 - 추돌,안전거리미확보,건조,맑음,단일로 - 기타,승용,여,60세,경상,승용,남,53세,중상
2018080800100106,2018년 8월 8일 08시,수요일,전라북도 군산시 수송동,경상사고,0,0,1,0,차대차 - 측면충돌,신호위반,건조,맑음,교차로 - 교차로안,승용,남,59세,상해없음,승용,여,48세,경상
2018080800100107,2018년 8월 8일 08시,수요일,전라북도 김제시 백산면,중상사고,0,1,0,0,차대차 - 측면충돌,신호위반,건조,맑음,교차로 - 교차로안,화물,남,26세,상해없음,승용,남,53세,중상
2018080800100146,2018년 8월 8일 09시,수요일,전라북도 군산시 성산면,중상사고,0,1,0,0,차대사람 - 기타,안전운전불이행,건조,맑음,교차로 - 교차로부근,기타불명,기타불명,미분류,기타불명,보행자,남,77세,중상
2018080800100175,2018년 8월 8일 10시,수요일,전라북도 전주시 덕진구 인후동1가,경상사고,0,0,2,0,차대차 - 측면충돌,차로위반,건조,맑음,교차로 - 교차로안,승용,여,43세,상해없음,승용,여,45세,경상
2018080800100226,2018년 8월 8일 12시,수요일,전라북도 전주시 덕진구 팔복동2가,경상사고,0,0,1,0,차대차 - 측면충돌,신호위반,건조,맑음,교차로 - 교차로안,승용,남,53세,상해없음,승용,남,38세,경상
2018080800100227,2018년 8월 8일 12시,수요일,전라북도 정읍시 정우면,중상사고,0,1,1,0,차대차 - 측면충돌,불법유턴,건조,맑음,단일로 - 기타,승합,남,47세,중상,화물,남,41세,경상
2018080800100330,2018년 8월 8일 15시,수요일,전라북도 익산시 팔봉동,중상사고,0,1,0,0,차대차 - 기타,신호위반,건조,맑음,교차로 - 교차로안,승용,남,44세,상해없음,화물,남,59세,중상
2018080800100360,2018년 8월 8일 16시,수요일,전라북도 김제시 금구면,중상사고,0,1,0,0,차대차 - 추돌,안전운전불이행,건조,맑음,단일로 - 기타,화물,남,57세,상해없음,승용,여,40세,중상
2018080800100499,2018년 8월 8일 20시,수요일,전라북도 익산시 함열읍,중상사고,0,1,0,0,차대차 - 측면충돌,안전운전불이행,건조,맑음,교차로 - 교차로부근,자전거,여,71세,중상,승용,여,69세,상해없음
2018080800100548,2018년 8월 8일 22시,수요일,전라북도 정읍시 수성동,중상사고,0,1,0,0,차대차 - 측면충돌,안전운전불이행,건조,맑음,단일로 - 기타,승합,남,57세,상해없음,이륜,남,34세,중상
2018080800100572,2018년 8월 8일 23시,수요일,전라북도 군산시 소룡동,사망사고,1,1,1,0,차대차 - 측면충돌,중앙선침범,건조,맑음,교차로 - 교차로부근,승용,남,36세,사망,특수,남,35세,경상
2018080900100012,2018년 8월 9일 00시,목요일,전라북도 군산시 미룡동,경상사고,0,0,1,0,차대차 - 추돌,중앙선침범,건조,맑음,교차로 - 교차로부근,승용,여,27세,상해없음,이륜,남,34세,경상
2018080900100072,2018년 8월 9일 06시,목요일,전라북도 김제시 요촌동,경상사고,0,0,2,0,차대차 - 측면충돌,직진우회전진행방해,건조,맑음,교차로 - 교차로안,승용,남,62세,상해없음,승용,남,45세,경상
2018080900100092,2018년 8월 9일 07시,목요일,전라북도 전주시 덕진구 만성동,경상사고,0,0,1,0,차대차 - 추돌,안전거리미확보,건조,맑음,단일로 - 기타,승용,남,25세,상해없음,승용,남,37세,경상
2018080900100121,2018년 8월 9일 08시,목요일,전라북도 군산시 지곡동,경상사고,0,0,1,0,차대차 - 추돌,안전운전불이행,건조,맑음,교차로 - 교차로부근,승용,여,20세,상해없음,승용,남,39세,경상
2018080900100122,2018년 8월 9일 08시,목요일,전라북도 군산시 금암동,경상사고,0,0,1,0,차대차 - 기타,신호위반,건조,맑음,교차로 - 교차로횡단보도내,화물,남,61세,상해없음,자전거,남,56세,경상
2018080900100123,2018년 8월 9일 08시,목요일,전라북도 익산시 오산면,중상사고,0,1,3,0,차대차 - 추돌,안전거리미확보,건조,맑음,단일로 - 교량,특수,남,44세,상해없음,승용,남,31세,상해없음
2018080900100154,2018년 8월 9일 09시,목요일,전라북도 완주군 삼례읍,중상사고,0,1,0,0,차대차 - 추돌,안전운전불이행,건조,맑음,단일로 - 기타,화물,남,48세,상해없음,승용,여,50세,중상
2018080900100219,2018년 8월 9일 11시,목요일,전라북도 정읍시 상평동,중상사고,0,1,0,0,차대차 - 정면충돌,직진우회전진행방해,건조,맑음,교차로 - 교차로안,자전거,남,61세,중상,화물,여,65세,상해없음
2018080900100220,2018년 8월 9일 11시,목요일,전라북도 정읍시 시기동,경상사고,0,0,1,0,차대사람 - 기타,안전운전불이행,건조,맑음,단일로 - 기타,승용,남,45세,상해없음,보행자,남,35세,경상
2018080900100221,2018년 8월 9일 11시,목요일,전라북도 남원시 금동,중상사고,0,1,0,0,차대차 - 측면충돌,안전운전불이행,건조,맑음,단일로 - 기타,화물,남,75세,상해없음,이륜,남,64세,중상
2018080900100250,2018년 8월 9일 12시,목요일,전라북도 전주시 덕진구 인후동1가,경상사고,0,0,1,0,차대차 - 기타,안전운전불이행,건조,맑음,단일로 - 기타,승용,남,59세,상해없음,이륜,남,43세,경상
2018080900100283,2018년 8월 9일 13시,목요일,전라북도 전주시 덕진구 우아동1가,경상사고,0,0,2,0,차대차 - 측면충돌,안전운전불이행,건조,맑음,단일로 - 기타,화물,남,60세,상해없음,승용,여,75세,경상
2018080900100353,2018년 8월 9일 15시,목요일,전라북도 익산시 신동,중상사고,0,1,0,0,차대차 - 측면충돌,안전운전불이행,건조,맑음,단일로 - 기타,화물,남,55세,상해없음,자전거,남,12세,중상
2018080900100354,2018년 8월 9일 15시,목요일,전라북도 정읍시 시기동,경상사고,0,0,5,0,차대차 - 추돌,안전운전불이행,건조,맑음,단일로 - 기타,승용,남,68세,상해없음,승용,여,56세,경상
2018080900100355,2018년 8월 9일 15시,목요일,전라북도 부안군 줄포면,중상사고,0,3,1,0,차량단독 - 공작물충돌,안전운전불이행,건조,맑음,단일로 - 기타,승용,남,72세,경상,,,,
2018080900100434,2018년 8월 9일 17시,목요일,전라북도 전주시 완산구 중화산동2가,중상사고,0,2,0,0,차대차 - 추돌,안전운전불이행,건조,맑음,단일로 - 기타,승용,남,46세,상해없음,승용,여,46세,중상
2018080900100435,2018년 8월 9일 17시,목요일,전라북도 정읍시 시기동,중상사고,0,1,2,0,차대차 - 측면충돌,신호위반,건조,맑음,교차로 - 교차로안,화물,남,24세,경상,승용,남,38세,경상
2018080900100436,2018년 8월 9일 17시,목요일,전라북도 완주군 봉동읍,중상사고,0,1,0,0,차대사람 - 횡단중,안전운전불이행,건조,맑음,교차로 - 교차로안,승용,남,66세,상해없음,보행자,여,78세,중상
2018080900100573,2018년 8월 9일 21시,목요일,전라북도 군산시 나운동,중상사고,0,2,0,0,차대차 - 측면충돌,신호위반,건조,맑음,교차로 - 교차로안,승용,남,61세,상해없음,승용,남,25세,중상
2018080900100594,2018년 8월 9일 22시,목요일,전라북도 군산시 옥도면,경상사고,0,0,1,0,차량단독 - 공작물충돌,안전운전불이행,건조,맑음,단일로 - 기타,화물,남,47세,상해없음,,,,
2018081000100128,2018년 8월 10일 08시,금요일,전라북도 남원시 대강면,중상사고,0,1,3,0,차대차 - 추돌,안전운전불이행,건조,맑음,단일로 - 터널,승용,남,21세,상해없음,승용,남,58세,경상
2018081000100152,2018년 8월 10일 09시,금요일,전라북도 익산시 웅포면,중상사고,0,1,0,0,차대사람 - 기타,안전운전불이행,건조,맑음,단일로 - 기타,화물,남,59세,상해없음,보행자,여,54세,중상
2018081000100176,2018년 8월 10일 10시,금요일,전라북도 전주시 덕진구 팔복동2가,경상사고,0,0,3,0,차대차 - 추돌,안전운전불이행,건조,맑음,단일로 - 기타,승용,여,53세,상해없음,승용,남,65세,경상
2018081000100210,2018년 8월 10일 11시,금요일,전라북도 전주시 완산구 효자동1가,경상사고,0,0,1,0,차대차 - 측면충돌,안전운전불이행,건조,맑음,단일로 - 기타,승용,여,49세,상해없음,승용,남,37세,경상
2018081000100211,2018년 8월 10일 11시,금요일,전라북도 장수군 계남면,중상사고,0,1,4,0,차대차 - 측면충돌,신호위반,젖음/습기,비,교차로 - 교차로안,승용,남,25세,경상,화물,남,77세,중상
2018081000100239,2018년 8월 10일 12시,금요일,전라북도 전주시 완산구 평화동2가,경상사고,0,0,2,0,차대차 - 추돌,안전운전불이행,건조,맑음,단일로 - 기타,승용,여,32세,경상,화물,남,50세,상해없음
2018081000100240,2018년 8월 10일 12시,금요일,전라북도 전주시 완산구 경원동1가,경상사고,0,0,1,0,차대차 - 기타,안전운전불이행,건조,맑음,교차로 - 교차로부근,승용,남,61세,상해없음,승합,남,42세,상해없음
2018081000100280,2018년 8월 10일 13시,금요일,전라북도 익산시 여산면,경상사고,0,0,2,0,차대차 - 정면충돌,중앙선침범,건조,맑음,단일로 - 기타,승용,여,76세,경상,승용,남,50세,경상
2018081000100313,2018년 8월 10일 14시,금요일,전라북도 익산시 영등동,경상사고,0,0,4,0,차대차 - 추돌,안전운전불이행,건조,맑음,단일로 - 기타,승용,여,47세,상해없음,승용,여,38세,경상
2018081000100360,2018년 8월 10일 15시,금요일,전라북도 남원시 산동면,경상사고,0,0,2,0,차대차 - 기타,중앙선침범,건조,맑음,단일로 - 터널,승용,남,38세,상해없음,승용,남,29세,경상
2018081000100441,2018년 8월 10일 17시,금요일,전라북도 전주시 덕진구 송천동2가,경상사고,0,0,1,0,차대사람 - 기타,안전운전불이행,건조,맑음,기타 - 기타,건설기계,남,45세,상해없음,보행자,남,37세,경상
2018081000100442,2018년 8월 10일 17시,금요일,전라북도 익산시 목천동,경상사고,0,0,1,0,차대차 - 측면충돌,안전운전불이행,건조,맑음,교차로 - 교차로안,승합,남,57세,상해없음,화물,남,74세,상해없음
2018081000100492,2018년 8월 10일 18시,금요일,전라북도 김제시 금구면,경상사고,0,0,1,0,차대사람 - 횡단중,안전운전불이행,건조,맑음,단일로 - 기타,승용,여,63세,상해없음,보행자,여,24세,경상
2018081000100535,2018년 8월 10일 19시,금요일,전라북도 전주시 완산구 효자동3가,경상사고,0,0,4,0,차대차 - 추돌,안전운전불이행,건조,맑음,단일로 - 기타,승용,남,34세,상해없음,승용,여,34세,경상
2018081000100576,2018년 8월 10일 20시,금요일,전라북도 정읍시 농소동,경상사고,0,0,1,0,차대차 - 추돌,안전운전불이행,건조,맑음,교차로 - 교차로안,화물,남,58세,상해없음,승용,여,52세,경상
2018081000100629,2018년 8월 10일 22시,금요일,전라북도 전주시 덕진구 송천동1가,경상사고,0,0,3,0,차대차 - 측면충돌,직진우회전진행방해,건조,맑음,교차로 - 교차로안,승용,여,48세,상해없음,승용,남,47세,경상
2018081000100630,2018년 8월 10일 22시,금요일,전라북도 전주시 덕진구 인후동1가,경상사고,0,0,1,0,차량단독 - 기타,안전운전불이행,건조,맑음,단일로 - 기타,승합,남,50세,상해없음,,,,
2018081000100658,2018년 8월 10일 23시,금요일,전라북도 전주시 완산구 삼천동1가,경상사고,0,0,1,0,차대차 - 추돌,안전운전불이행,건조,맑음,단일로 - 기타,승용,남,49세,상해없음,승용,남,32세,경상
2018081000100659,2018년 8월 10일 23시,금요일,전라북도 전주시 덕진구 덕진동1가,경상사고,0,0,2,0,차대차 - 측면충돌,안전운전불이행,건조,맑음,단일로 - 기타,승용,남,58세,상해없음,승용,남,25세,상해없음
2018081000100660,2018년 8월 10일 23시,금요일,전라북도 김제시 죽산면,경상사고,0,0,3,0,차대차 - 측면충돌,차로위반,건조,맑음,단일로 - 기타,승용,남,48세,상해없음,화물,남,50세,경상
2018081000100661,2018년 8월 10일 23시,금요일,전라북도 고창군 성송면,부상신고사고,0,0,0,1,차량단독 - 공작물충돌,안전운전불이행,건조,맑음,기타 - 기타,승용,남,25세,부상신고,,,,
2018081100100016,2018년 8월 11일 00시,토요일,전라북도 남원시 도통동,경상사고,0,0,2,0,차대차 - 측면충돌,신호위반,건조,맑음,교차로 - 교차로안,승용,남,28세,상해없음,승합,여,27세,경상
2018081100100058,2018년 8월 11일 04시,토요일,전라북도 군산시 사정동,경상사고,0,0,2,0,차대차 - 측면충돌,신호위반,건조,맑음,교차로 - 교차로안,승용,남,72세,상해없음,승용,남,36세,경상
2018081100100073,2018년 8월 11일 05시,토요일,전라북도 김제시 금산면,사망사고,1,0,0,0,차대차 - 추돌,안전운전불이행,건조,맑음,단일로 - 기타,승용,남,26세,상해없음,자전거,남,74세,사망
2018081100100089,2018년 8월 11일 06시,토요일,전라북도 군산시 문화동,경상사고,0,0,2,0,차대차 - 측면충돌,신호위반,건조,맑음,교차로 - 교차로안,승용,남,67세,상해없음,승용,여,62세,경상
2018081100100090,2018년 8월 11일 06시,토요일,전라북도 정읍시 수성동,경상사고,0,0,1,0,차대차 - 기타,안전운전불이행,건조,맑음,교차로 - 교차로안,자전거,남,61세,경상,승용,남,42세,상해없음
2018081100100238,2018년 8월 11일 12시,토요일,전라북도 김제시 공덕면,경상사고,0,0,4,0,차대차 - 기타,안전운전불이행,건조,맑음,교차로 - 교차로부근,승용,여,34세,기타불명,승용,여,32세,경상
2018081100100239,2018년 8월 11일 12시,토요일,전라북도 무주군 설천면,중상사고,0,1,0,0,차대차 - 추돌,안전운전불이행,건조,맑음,교차로 - 교차로안,화물,남,51세,상해없음,사륜오토바이(ATV),남,70세,중상
2018081100100273,2018년 8월 11일 13시,토요일,전라북도 전주시 덕진구 용정동,경상사고,0,0,6,0,차대차 - 측면충돌,안전거리미확보,건조,맑음,단일로 - 기타,승용,남,31세,기타불명,승용,여,27세,경상
2018081100100313,2018년 8월 11일 14시,토요일,전라북도 전주시 완산구 효자동1가,경상사고,0,0,2,0,차대차 - 측면충돌,안전거리미확보,건조,맑음,단일로 - 기타,건설기계,남,55세,상해없음,승용,남,69세,경상
2018081100100314,2018년 8월 11일 14시,토요일,전라북도 군산시 내흥동,경상사고,0,0,2,0,차대차 - 추돌,안전운전불이행,건조,맑음,단일로 - 기타,승용,여,33세,상해없음,승용,남,45세,경상
2018081100100315,2018년 8월 11일 14시,토요일,전라북도 익산시 어양동,중상사고,0,1,0,0,차대차 - 측면충돌,중앙선침범,건조,맑음,단일로 - 기타,승용,여,51세,상해없음,승용,남,44세,상해없음
2018081100100316,2018년 8월 11일 14시,토요일,전라북도 순창군 풍산면,중상사고,0,1,3,0,차대차 - 측면충돌,교차로운행방법위반,건조,맑음,교차로 - 교차로안,승용,남,62세,상해없음,승용,남,61세,상해없음
2018081100100416,2018년 8월 11일 17시,토요일,전라북도 전주시 덕진구 송천동1가,경상사고,0,0,1,0,차대차 - 기타,안전운전불이행,건조,맑음,단일로 - 기타,승합,남,44세,상해없음,승용,여,44세,상해없음
2018081100100417,2018년 8월 11일 17시,토요일,전라북도 군산시 대야면,경상사고,0,0,2,0,차대차 - 추돌,안전거리미확보,건조,맑음,교차로 - 교차로안,화물,남,30세,경상,화물,남,71세,경상
2018081100100455,2018년 8월 11일 18시,토요일,전라북도 전주시 완산구 삼천동1가,경상사고,0,0,3,0,차대차 - 정면충돌,중앙선침범,건조,맑음,교차로 - 교차로부근,화물,남,57세,상해없음,승용,남,39세,경상
2018081100100456,2018년 8월 11일 18시,토요일,전라북도 정읍시 상동,중상사고,0,1,0,0,차대차 - 측면충돌,안전운전불이행,건조,흐림,교차로 - 교차로안,승용,여,47세,상해없음,이륜,남,31세,중상
2018081100100486,2018년 8월 11일 19시,토요일,전라북도 무주군 무주읍,중상사고,0,1,0,0,차대차 - 추돌,안전운전불이행,건조,맑음,교차로 - 교차로안,원동기,남,74세,상해없음,원동기,남,63세,중상
2018081100100511,2018년 8월 11일 20시,토요일,전라북도 김제시 연정동,경상사고,0,0,2,0,차대차 - 측면충돌,안전운전불이행,건조,맑음,교차로 - 교차로안,승용,남,20세,상해없음,화물,남,64세,경상
2018081100100537,2018년 8월 11일 21시,토요일,전라북도 전주시 완산구 삼천동1가,경상사고,0,0,1,0,차대차 - 측면충돌,안전운전불이행,건조,기타,교차로 - 교차로부근,승용,남,21세,상해없음,개인형이동수단(PM),남,38세,경상
2018081100100538,2018년 8월 11일 21시,토요일,전라북도 전주시 덕진구 금암동,중상사고,0,1,3,0,차대차 - 기타,신호위반,건조,맑음,교차로 - 교차로안,승용,여,57세,상해없음,승용,남,55세,경상
2018081100100555,2018년 8월 11일 22시,토요일,전라북도 군산시 나운동,경상사고,0,0,1,0,차대차 - 측면충돌,안전운전불이행,건조,맑음,단일로 - 기타,승용,남,30세,상해없음,승용,여,38세,경상
2018081100100556,2018년 8월 11일 22시,토요일,전라북도 완주군 봉동읍,중상사고,0,2,0,0,차대차 - 측면충돌,불법유턴,건조,맑음,교차로 - 교차로부근,화물,남,71세,중상,승용,남,54세,중상
2018081200100023,2018년 8월 12일 01시,일요일,전라북도 군산시 소룡동,경상사고,0,0,1,0,차량단독 - 기타,안전운전불이행,건조,맑음,단일로 - 기타,이륜,남,39세,경상,,,,
2018081200100067,2018년 8월 12일 05시,일요일,전라북도 전주시 완산구 중앙동2가,경상사고,0,0,1,0,차대차 - 측면충돌,신호위반,건조,기타,교차로 - 교차로안,승용,여,64세,상해없음,승용,남,70세,경상
2018081200100080,2018년 8월 12일 06시,일요일,전라북도 김제시 요촌동,경상사고,0,0,3,0,차대차 - 측면충돌,안전운전불이행,건조,맑음,교차로 - 교차로안,화물,남,55세,상해없음,승용,남,27세,경상
2018081200100086,2018년 8월 12일 07시,일요일,전라북도 남원시 주천면,중상사고,0,1,3,0,차대차 - 측면충돌,신호위반,건조,맑음,교차로 - 교차로안,화물,남,64세,상해없음,승용,여,59세,경상
2018081200100100,2018년 8월 12일 08시,일요일,전라북도 남원시 천거동,중상사고,0,1,0,0,차대차 - 기타,안전운전불이행,건조,맑음,교차로 - 교차로횡단보도내,승용,남,58세,상해없음,이륜,여,77세,중상
2018081200100122,2018년 8월 12일 09시,일요일,전라북도 무주군 무주읍,사망사고,1,0,0,0,차량단독 - 전도전복 - 전도,안전운전불이행,건조,맑음,단일로 - 기타,승용,남,57세,사망,미분류,미분류,미분류,미분류
2018081200100133,2018년 8월 12일 10시,일요일,전라북도 전주시 덕진구 진북동,중상사고,0,2,0,0,차대차 - 측면충돌,신호위반,건조,맑음,교차로 - 교차로안,화물,남,44세,상해없음,승용,여,61세,중상
2018081200100148,2018년 8월 12일 11시,일요일,전라북도 정읍시 고부면,경상사고,0,0,1,0,차량단독 - 기타,안전운전불이행,건조,맑음,기타 - 기타,승용,남,71세,경상,,,,
2018081200100169,2018년 8월 12일 12시,일요일,전라북도 남원시 주천면,중상사고,0,2,1,0,차대차 - 측면충돌,신호위반,건조,맑음,교차로 - 교차로안,승용,남,75세,상해없음,승용,여,25세,경상
2018081200100170,2018년 8월 12일 12시,일요일,전라북도 고창군 심원면,부상신고사고,0,0,0,1,차량단독 - 전도전복 - 전도,안전운전불이행,건조,맑음,주차장 - 주차장,사륜오토바이(ATV),남,56세,부상신고,미분류,미분류,미분류,미분류
2018081200100259,2018년 8월 12일 15시,일요일,전라북도 익산시 마동,경상사고,0,0,2,0,차대차 - 측면충돌,안전운전불이행,건조,맑음,교차로 - 교차로안,승용,남,71세,경상,화물,남,42세,경상
2018081200100299,2018년 8월 12일 16시,일요일,전라북도 부안군 부안읍,중상사고,0,1,1,0,차대차 - 측면충돌,교차로운행방법위반,건조,맑음,교차로 - 교차로부근,승용,남,74세,상해없음,승용,여,54세,중상
2018081200100327,2018년 8월 12일 17시,일요일,전라북도 군산시 임피면,경상사고,0,0,1,0,차대차 - 기타,안전운전불이행,건조,맑음,교차로 - 교차로부근,화물,남,46세,기타불명,자전거,여,83세,경상
2018081200100371,2018년 8월 12일 19시,일요일,전라북도 군산시 대명동,중상사고,0,1,0,0,차대사람 - 기타,안전운전불이행,건조,맑음,교차로 - 교차로횡단보도내,승용,남,59세,상해없음,보행자,여,78세,중상
2018081300100042,2018년 8월 13일 05시,월요일,전라북도 군산시 지곡동,경상사고,0,0,2,0,차대차 - 기타,신호위반,건조,맑음,교차로 - 교차로안,승용,남,55세,상해없음,승용,남,40세,경상
2018081300100043,2018년 8월 13일 05시,월요일,전라북도 부안군 백산면,경상사고,0,0,1,0,차량단독 - 공작물충돌,안전운전불이행,건조,맑음,단일로 - 기타,화물,남,52세,경상,,,,
2018081300100084,2018년 8월 13일 07시,월요일,전라북도 부안군 동진면,경상사고,0,0,1,0,차대차 - 측면충돌,안전운전불이행,건조,맑음,기타 - 기타,이륜,남,75세,경상,화물,남,60세,상해없음
2018081300100122,2018년 8월 13일 08시,월요일,전라북도 남원시 금지면,경상사고,0,0,2,0,차대차 - 기타,중앙선침범,건조,맑음,단일로 - 기타,화물,남,38세,상해없음,화물,남,51세,경상
2018081300100156,2018년 8월 13일 09시,월요일,전라북도 전주시 덕진구 인후동1가,경상사고,0,0,1,0,차대차 - 추돌,안전운전불이행,건조,맑음,교차로 - 교차로부근,승용,남,32세,상해없음,승용,여,76세,경상
2018081300100157,2018년 8월 13일 09시,월요일,전라북도 고창군 고창읍,중상사고,0,2,1,0,차대차 - 기타,교차로운행방법위반,건조,맑음,교차로 - 교차로안,승용,여,60세,경상,승용,여,30세,중상
2018081300100193,2018년 8월 13일 10시,월요일,전라북도 군산시 개정면,경상사고,0,0,1,0,차대차 - 기타,안전운전불이행,건조,맑음,교차로 - 교차로부근,승용,여,61세,상해없음,승합,남,66세,상해없음
2018081300100298,2018년 8월 13일 13시,월요일,전라북도 전주시 덕진구 산정동,경상사고,0,0,1,0,차대차 - 추돌,안전운전불이행,건조,맑음,교차로 - 교차로부근,승용,남,38세,상해없음,화물,남,37세,경상
2018081300100342,2018년 8월 13일 14시,월요일,전라북도 익산시 남중동,경상사고,0,0,1,0,차대차 - 측면충돌,직진우회전진행방해,건조,맑음,교차로 - 교차로안,승용,남,76세,상해없음,원동기,남,76세,경상
2018081300100378,2018년 8월 13일 15시,월요일,전라북도 전주시 덕진구 송천동1가,중상사고,0,1,0,0,차대사람 - 기타,안전운전불이행,건조,맑음,교차로 - 교차로안,승용,남,57세,상해없음,보행자,여,7세,중상
2018081300100417,2018년 8월 13일 16시,월요일,전라북도 순창군 동계면,중상사고,0,1,0,0,차대차 - 측면충돌,안전운전불이행,건조,맑음,교차로 - 교차로부근,화물,남,72세,상해없음,이륜,남,77세,중상
2018081300100512,2018년 8월 13일 18시,월요일,전라북도 익산시 영등동,중상사고,0,1,0,0,차대사람 - 횡단중,안전운전불이행,건조,맑음,교차로 - 교차로부근,승용,남,33세,상해없음,보행자,남,12세,중상
2018081300100554,2018년 8월 13일 19시,월요일,전라북도 완주군 동상면,중상사고,0,1,0,0,차대차 - 측면충돌,안전운전불이행,건조,맑음,교차로 - 교차로안,농기계,남,90세 이상,중상,승용,여,27세,상해없음
2018081300100625,2018년 8월 13일 21시,월요일,전라북도 무주군 설천면,경상사고,0,0,2,0,차대차 - 측면충돌,교차로운행방법위반,건조,맑음,교차로 - 교차로안,승용,여,64세,상해없음,화물,여,53세,경상
2018081300100667,2018년 8월 13일 23시,월요일,전라북도 군산시 조촌동,경상사고,0,0,1,0,차대차 - 측면충돌,직진우회전진행방해,건조,맑음,교차로 - 교차로안,승용,남,67세,상해없음,승용,여,46세,경상
2018081400100071,2018년 8월 14일 06시,화요일,전라북도 익산시 마동,중상사고,0,1,0,0,차대사람 - 횡단중,안전운전불이행,건조,맑음,교차로 - 교차로부근,승용,남,70세,상해없음,보행자,여,66세,중상
2018081400100072,2018년 8월 14일 06시,화요일,전라북도 정읍시 북면,경상사고,0,0,1,0,차대차 - 측면충돌,신호위반,건조,맑음,교차로 - 교차로안,승용,여,27세,상해없음,승용,남,36세,경상
2018081400100124,2018년 8월 14일 08시,화요일,전라북도 익산시 남중동,중상사고,0,1,0,0,차대사람 - 횡단중,안전운전불이행,건조,맑음,교차로 - 교차로안,승용,남,33세,상해없음,보행자,여,81세,중상
2018081400100125,2018년 8월 14일 08시,화요일,전라북도 남원시 향교동,중상사고,0,1,0,0,차대차 - 측면충돌,중앙선침범,건조,맑음,단일로 - 기타,화물,남,73세,상해없음,이륜,남,68세,중상
2018081400100228,2018년 8월 14일 11시,화요일,전라북도 전주시 덕진구 덕진동1가,중상사고,0,1,0,0,차대차 - 측면충돌,안전운전불이행,건조,맑음,교차로 - 교차로횡단보도내,승용,남,70세,상해없음,자전거,여,47세,중상
2018081400100229,2018년 8월 14일 11시,화요일,전라북도 군산시 미룡동,경상사고,0,0,1,0,차대차 - 기타,중앙선침범,건조,맑음,교차로 - 교차로부근,승용,여,46세,상해없음,이륜,남,43세,경상
2018081400100230,2018년 8월 14일 11시,화요일,전라북도 무주군 무주읍,경상사고,0,0,1,0,차대차 - 추돌,안전운전불이행,건조,맑음,교차로 - 교차로안,승용,남,36세,상해없음,승용,여,45세,경상
2018081400100262,2018년 8월 14일 12시,화요일,전라북도 전주시 완산구 평화동2가,경상사고,0,0,1,0,차대사람 - 기타,안전운전불이행,건조,맑음,단일로 - 기타,승용,남,74세,상해없음,보행자,여,11세,경상