사고번호,사고일시,요일,시군구,사고내용,사망자수,중상자수,경상자수,부상신고자수,사고유형,법규위반,노면상태,기상상태,도로형태,가해운전자 차종,가해운전자 성별,가해운전자 연령,가해운전자 상해정도,피해운전자 차종,피해운전자 성별,피해운전자 연령,피해운전자 상해정도
2018082600100433,2018년 8월 26일 20시,일요일,전라북도 전주시 덕진구 인후동1가,경상사고,0,0,5,0,차대차 - 추돌,안전운전불이행,젖음/습기,비,단일로 - 기타,승용,여,54세,상해없음,승용,남,32세,경상
2018082600100463,2018년 8월 26일 21시,일요일,전라북도 익산시 모현동1가,경상사고,0,0,2,0,차대차 - 측면충돌,직진우회전진행방해,젖음/습기,비,교차로 - 교차로안,승용,남,26세,상해없음,승용,남,49세,경상
2018082600100481,2018년 8월 26일 22시,일요일,전라북도 군산시 중앙로1가,경상사고,0,0,2,0,차대차 - 기타,교차로운행방법위반,젖음/습기,비,교차로 - 교차로안,기타불명,기타불명,미분류,기타불명,승용,남,56세,경상
2018082600100482,2018년 8월 26일 22시,일요일,전라북도 익산시 인화동1가,경상사고,0,0,1,0,차대차 - 기타,안전거리미확보,젖음/습기,비,교차로 - 교차로안,승용,남,28세,상해없음,이륜,남,43세,경상
2018082600100483,2018년 8월 26일 22시,일요일,전라북도 정읍시 금붕동,경상사고,0,0,1,0,차대차 - 측면충돌,중앙선침범,젖음/습기,비,교차로 - 교차로부근,화물,남,60세,상해없음,승용,남,39세,경상
2018082600100502,2018년 8월 26일 23시,일요일,전라북도 전주시 완산구 서신동,중상사고,0,1,7,0,차대차 - 측면충돌,중앙선침범,젖음/습기,비,교차로 - 교차로부근,승용,남,25세,상해없음,승용,남,30세,경상
2018082600100504,2018년 8월 26일 23시,일요일,전라북도 완주군 삼례읍,경상사고,0,0,1,0,차대차 - 추돌,안전운전불이행,젖음/습기,비,교차로 - 교차로부근,승용,남,50세,상해없음,승용,남,44세,경상
2018082700100010,2018년 8월 27일 00시,월요일,전라북도 전주시 덕진구 우아동3가,경상사고,0,0,1,0,차대차 - 추돌,안전운전불이행,젖음/습기,비,교차로 - 교차로부근,승용,남,48세,상해없음,승용,남,58세,경상
2018082700100022,2018년 8월 27일 01시,월요일,전라북도 정읍시 연지동,사망사고,1,2,2,0,차대차 - 측면충돌,직진우회전진행방해,젖음/습기,비,교차로 - 교차로안,승용,남,55세,경상,승용,남,52세,중상
2018082700100079,2018년 8월 27일 06시,월요일,전라북도 군산시 조촌동,경상사고,0,0,1,0,차대차 - 측면충돌,신호위반,젖음/습기,비,교차로 - 교차로안,승용,남,57세,상해없음,승용,남,47세,경상
2018082700100100,2018년 8월 27일 07시,월요일,전라북도 남원시 이백면,중상사고,0,1,0,0,차대차 - 측면충돌,교차로운행방법위반,젖음/습기,비,교차로 - 교차로안,화물,남,60세,상해없음,승용,여,58세,중상
2018082700100183,2018년 8월 27일 09시,월요일,전라북도 남원시 향교동,중상사고,0,1,0,0,차대차 - 측면충돌,직진우회전진행방해,젖음/습기,비,교차로 - 교차로안,승용,남,53세,상해없음,자전거,남,79세,중상
2018082700100221,2018년 8월 27일 10시,월요일,전라북도 익산시 창인동1가,중상사고,0,1,0,0,차대차 - 기타,안전운전불이행,젖음/습기,흐림,단일로 - 기타,자전거,여,71세,중상,화물,남,71세,상해없음
2018082700100222,2018년 8월 27일 10시,월요일,전라북도 순창군 유등면,중상사고,0,1,1,0,차대차 - 측면충돌,안전운전불이행,젖음/습기,비,교차로 - 교차로안,화물,남,46세,경상,화물,남,65세,중상
2018082700100297,2018년 8월 27일 12시,월요일,전라북도 군산시 신풍동,경상사고,0,0,1,0,차대차 - 기타,중앙선침범,젖음/습기,비,교차로 - 교차로안,승용,남,59세,상해없음,이륜,남,29세,경상
2018082700100376,2018년 8월 27일 15시,월요일,전라북도 전주시 완산구 평화동1가,중상사고,0,1,0,0,차대사람 - 횡단중,보행자보호의무위반,젖음/습기,비,교차로 - 교차로횡단보도내,화물,남,55세,상해없음,보행자,여,71세,중상
2018082700100377,2018년 8월 27일 15시,월요일,전라북도 전주시 덕진구 팔복동2가,중상사고,0,1,0,0,차대차 - 측면충돌,신호위반,젖음/습기,흐림,교차로 - 교차로안,화물,남,48세,상해없음,화물,남,42세,중상
2018082700100378,2018년 8월 27일 15시,월요일,전라북도 부안군 상서면,중상사고,0,1,0,0,차량단독 - 기타,안전운전불이행,젖음/습기,맑음,단일로 - 기타,화물,남,57세,중상,,,,
2018082700100416,2018년 8월 27일 16시,월요일,전라북도 전주시 완산구 효자동1가,경상사고,0,0,1,0,차대사람 - 횡단중,보행자보호의무위반,건조,맑음,교차로 - 교차로부근,기타불명,기타불명,미분류,기타불명,보행자,여,31세,경상
2018082700100445,2018년 8월 27일 17시,월요일,전라북도 익산시 창인동2가,경상사고,0,0,1,0,차대차 - 측면충돌,안전운전불이행,건조,맑음,교차로 - 교차로안,승용,남,65세,상해없음,화물,남,69세,경상
2018082700100446,2018년 8월 27일 17시,월요일,전라북도 익산시 팔봉동,경상사고,0,0,1,0,차대차 - 측면충돌,안전운전불이행,건조,맑음,단일로 - 기타,승용,남,54세,상해없음,승용,여,52세,경상
2018082700100536,2018년 8월 27일 19시,월요일,전라북도 전주시 덕진구 인후동1가,경상사고,0,0,1,0,차대차 - 측면충돌,안전운전불이행,젖음/습기,비,교차로 - 교차로안,승용,여,48세,상해없음,승합,여,59세,경상
2018082700100537,2018년 8월 27일 19시,월요일,전라북도 정읍시 수성동,경상사고,0,0,1,0,차대차 - 측면충돌,안전운전불이행,젖음/습기,비,교차로 - 교차로부근,이륜,남,34세,경상,승용,여,22세,상해없음
2018082700100563,2018년 8월 27일 20시,월요일,전라북도 전주시 완산구 서신동,경상사고,0,0,1,0,차대사람 - 기타,안전운전불이행,젖음/습기,비,단일로 - 기타,승용,남,63세,상해없음,보행자,남,31세,경상
2018082700100588,2018년 8월 27일 21시,월요일,전라북도 전주시 완산구 태평동,경상사고,0,0,1,0,차대차 - 기타,안전운전불이행,젖음/습기,비,단일로 - 기타,승용,여,33세,경상,승용,여,40세,상해없음
2018082700100589,2018년 8월 27일 21시,월요일,전라북도 진안군 진안읍,경상사고,0,0,1,0,차대사람 - 길가장자리구역통행중,안전운전불이행,젖음/습기,흐림,단일로 - 기타,승용,남,52세,상해없음,보행자,남,58세,경상
2018082700100590,2018년 8월 27일 21시,월요일,전라북도 완주군 삼례읍,경상사고,0,0,2,0,차대차 - 추돌,안전운전불이행,젖음/습기,맑음,교차로 - 교차로부근,승용,남,29세,상해없음,승용,여,26세,경상
2018082700100612,2018년 8월 27일 22시,월요일,전라북도 전주시 덕진구 만성동,경상사고,0,0,5,0,차대차 - 측면충돌,안전거리미확보,젖음/습기,비,단일로 - 기타,승용,남,48세,상해없음,승용,여,52세,경상
2018082700100632,2018년 8월 27일 23시,월요일,전라북도 익산시 마동,경상사고,0,0,2,0,차대차 - 측면충돌,신호위반,젖음/습기,맑음,교차로 - 교차로안,화물,남,49세,상해없음,승용,남,26세,경상
2018082800100032,2018년 8월 28일 02시,화요일,전라북도 익산시 동산동,경상사고,0,0,2,0,차대차 - 측면충돌,안전운전불이행,젖음/습기,비,교차로 - 교차로안,승용,남,33세,상해없음,승합,여,54세,경상
2018082800100053,2018년 8월 28일 05시,화요일,전라북도 전주시 완산구 서서학동,중상사고,0,1,0,0,차대사람 - 횡단중,안전운전불이행,젖음/습기,흐림,교차로 - 교차로부근,승용,남,42세,상해없음,보행자,여,66세,중상
2018082800100054,2018년 8월 28일 05시,화요일,전라북도 전주시 완산구 서서학동,경상사고,0,0,1,0,차대사람 - 횡단중,안전운전불이행,젖음/습기,흐림,교차로 - 교차로부근,승용,남,53세,경상,보행자,남,24세,상해없음
2018082800100066,2018년 8월 28일 06시,화요일,전라북도 전주시 덕진구 송천동1가,경상사고,0,0,1,0,차대사람 - 기타,안전운전불이행,건조,맑음,단일로 - 기타,승용,남,31세,상해없음,보행자,남,57세,경상
2018082800100104,2018년 8월 28일 08시,화요일,전라북도 전주시 덕진구 송천동1가,경상사고,0,0,1,0,차대사람 - 횡단중,신호위반,건조,맑음,교차로 - 교차로횡단보도내,화물,남,64세,상해없음,보행자,여,42세,경상
2018082800100105,2018년 8월 28일 08시,화요일,전라북도 남원시 동충동,경상사고,0,0,1,0,차대차 - 기타,안전운전불이행,건조,맑음,교차로 - 교차로안,화물,남,69세,상해없음,자전거,남,14세,경상
2018082800100140,2018년 8월 28일 09시,화요일,전라북도 익산시 신동,중상사고,0,1,0,0,차대차 - 기타,직진우회전진행방해,건조,흐림,교차로 - 교차로안,승용,여,41세,상해없음,이륜,남,69세,중상
2018082800100169,2018년 8월 28일 10시,화요일,전라북도 전주시 덕진구 진북동,중상사고,0,1,0,0,차대사람 - 횡단중,안전운전불이행,건조,맑음,단일로 - 기타,화물,남,55세,상해없음,보행자,남,87세,중상
2018082800100170,2018년 8월 28일 10시,화요일,전라북도 정읍시 상동,경상사고,0,0,1,0,차대차 - 기타,안전운전불이행,건조,맑음,교차로 - 교차로안,승용,남,25세,상해없음,자전거,남,44세,경상
2018082800100250,2018년 8월 28일 13시,화요일,전라북도 남원시 노암동,경상사고,0,0,1,0,차대사람 - 차도통행중,안전운전불이행,건조,맑음,단일로 - 기타,승용,남,71세,상해없음,보행자,여,83세,경상
2018082800100251,2018년 8월 28일 13시,화요일,전라북도 남원시 하정동,중상사고,0,1,0,0,차대차 - 기타,안전운전불이행,건조,맑음,교차로 - 교차로안,자전거,여,69세,중상,화물,여,63세,상해없음
2018082800100316,2018년 8월 28일 15시,화요일,전라북도 정읍시 수성동,경상사고,0,0,1,0,차대사람 - 기타,안전운전불이행,건조,맑음,단일로 - 기타,승용,남,61세,상해없음,보행자,남,59세,경상
2018082800100357,2018년 8월 28일 16시,화요일,전라북도 군산시 나운동,경상사고,0,0,1,0,차대차 - 측면충돌,직진우회전진행방해,건조,맑음,교차로 - 교차로안,화물,남,49세,상해없음,승용,여,37세,경상
2018082800100358,2018년 8월 28일 16시,화요일,전라북도 군산시 나운동,경상사고,0,0,2,0,차대차 - 추돌,안전운전불이행,건조,맑음,교차로 - 교차로안,승용,남,44세,기타불명,승용,남,25세,경상
2018082800100407,2018년 8월 28일 17시,화요일,전라북도 정읍시 소성면,경상사고,0,0,2,0,차대차 - 정면충돌,중앙선침범,건조,맑음,단일로 - 기타,화물,남,69세,경상,승용,남,61세,경상
2018082800100450,2018년 8월 28일 18시,화요일,전라북도 전주시 완산구 평화동1가,경상사고,0,0,1,0,차대사람 - 기타,안전운전불이행,건조,맑음,교차로 - 교차로안,승용,남,70세,상해없음,보행자,남,58세,경상
2018082800100605,2018년 8월 28일 22시,화요일,전라북도 전주시 덕진구 우아동3가,경상사고,0,0,1,0,차대차 - 추돌,안전운전불이행,건조,맑음,교차로 - 교차로부근,승용,여,61세,상해없음,승용,여,47세,경상
2018082900100080,2018년 8월 29일 07시,수요일,전라북도 김제시 백산면,중상사고,0,1,0,0,차대차 - 측면충돌,신호위반,건조,맑음,교차로 - 교차로안,화물,남,48세,상해없음,승용,여,62세,중상
2018082900100109,2018년 8월 29일 08시,수요일,전라북도 군산시 미장동,중상사고,0,1,1,0,차대차 - 측면충돌,신호위반,건조,맑음,교차로 - 교차로안,승용,여,52세,상해없음,승용,남,65세,경상
2018082900100110,2018년 8월 29일 08시,수요일,전라북도 군산시 장재동,중상사고,0,1,0,0,차대사람 - 차도통행중,안전운전불이행,건조,맑음,단일로 - 기타,화물,남,45세,상해없음,보행자,남,75세,중상
2018082900100111,2018년 8월 29일 08시,수요일,전라북도 익산시 모현동1가,중상사고,0,1,2,0,차대차 - 측면충돌,신호위반,건조,맑음,교차로 - 교차로안,승용,여,62세,상해없음,승용,남,63세,경상
2018082900100112,2018년 8월 29일 08시,수요일,전라북도 무주군 설천면,경상사고,0,0,5,0,차대차 - 측면충돌,중앙선침범,건조,맑음,교차로 - 교차로부근,승용,여,68세,경상,승합,남,55세,경상
2018082900100212,2018년 8월 29일 11시,수요일,전라북도 군산시 조촌동,중상사고,0,1,0,0,차대사람 - 횡단중,안전운전불이행,건조,맑음,교차로 - 교차로부근,화물,남,22세,상해없음,보행자,여,49세,중상
2018082900100213,2018년 8월 29일 11시,수요일,전라북도 정읍시 영파동,경상사고,0,0,2,0,차대차 - 측면충돌,직진우회전진행방해,건조,맑음,교차로 - 교차로부근,승용,남,68세,경상,승용,여,70세,경상
2018082900100214,2018년 8월 29일 11시,수요일,전라북도 정읍시 수성동,경상사고,0,0,1,0,차대차 - 측면충돌,안전운전불이행,건조,맑음,교차로 - 교차로부근,화물,남,47세,상해없음,승용,여,56세,경상
2018082900100231,2018년 8월 29일 12시,수요일,전라북도 군산시 문화동,경상사고,0,0,1,0,차대차 - 기타,안전운전불이행,건조,흐림,교차로 - 교차로안,승용,남,63세,상해없음,자전거,여,72세,경상
2018082900100266,2018년 8월 29일 13시,수요일,전라북도 김제시 신풍동,경상사고,0,0,1,0,차대차 - 추돌,안전운전불이행,건조,맑음,단일로 - 기타,승용,남,26세,상해없음,자전거,여,57세,경상
2018082900100347,2018년 8월 29일 16시,수요일,전라북도 전주시 완산구 중화산동2가,경상사고,0,0,1,0,차대차 - 후진중충돌,안전운전불이행,건조,맑음,교차로 - 교차로안,승용,여,56세,상해없음,승용,남,66세,경상
2018082900100394,2018년 8월 29일 17시,수요일,전라북도 익산시 남중동,경상사고,0,0,2,0,차대차 - 측면충돌,안전운전불이행,건조,맑음,단일로 - 기타,승용,남,20세,상해없음,승합,남,59세,상해없음
2018082900100395,2018년 8월 29일 17시,수요일,전라북도 부안군 변산면,중상사고,0,1,4,0,차대차 - 측면충돌,중앙선침범,건조,맑음,단일로 - 기타,승용,남,63세,상해없음,화물,남,31세,중상
2018082900100474,2018년 8월 29일 19시,수요일,전라북도 부안군 상서면,사망사고,1,0,0,0,차대사람 - 횡단중,과속,건조,맑음,단일로 - 기타,승용,남,34세,상해없음,보행자,여,79세,사망
2018082900100558,2018년 8월 29일 21시,수요일,전라북도 남원시 동충동,경상사고,0,0,1,0,차대차 - 측면충돌,직진우회전진행방해,건조,맑음,교차로 - 교차로안,승용,남,59세,상해없음,승용,여,46세,경상
2018082900100559,2018년 8월 29일 21시,수요일,전라북도 무주군 부남면,경상사고,0,0,1,0,차대차 - 추돌,중앙선침범,건조,흐림,단일로 - 지하차도(도로)내,승용,남,51세,상해없음,화물,남,55세,경상
2018082900100587,2018년 8월 29일 22시,수요일,전라북도 전주시 덕진구 장동,경상사고,0,0,1,0,차대차 - 기타,안전운전불이행,건조,맑음,교차로 - 교차로안,승용,여,43세,상해없음,승용,남,57세,상해없음
2018082900100588,2018년 8월 29일 22시,수요일,전라북도 군산시 오식도동,중상사고,0,1,0,0,차대사람 - 횡단중,보행자보호의무위반,건조,흐림,교차로 - 교차로안,승용,여,43세,상해없음,보행자,남,34세,중상
2018083000100148,2018년 8월 30일 09시,목요일,전라북도 부안군 계화면,사망사고,1,0,0,0,차대차 - 측면충돌,안전운전불이행,젖음/습기,비,교차로 - 교차로안,화물,남,49세,상해없음,화물,남,38세,사망
2018083000100174,2018년 8월 30일 10시,목요일,전라북도 남원시 주생면,경상사고,0,0,1,0,차대차 - 측면충돌,불법유턴,젖음/습기,비,단일로 - 기타,승용,남,61세,상해없음,승용,여,55세,경상
2018083000100203,2018년 8월 30일 11시,목요일,전라북도 전주시 덕진구 덕진동1가,경상사고,0,0,1,0,차대사람 - 횡단중,안전운전불이행,건조,맑음,단일로 - 기타,화물,남,65세,기타불명,보행자,여,21세,경상
2018083000100228,2018년 8월 30일 12시,목요일,전라북도 익산시 왕궁면,경상사고,0,0,1,0,차량단독 - 전도전복 - 전복,안전운전불이행,건조,맑음,교차로 - 교차로안,이륜,남,76세,경상,미분류,미분류,미분류,미분류
2018083000100255,2018년 8월 30일 13시,목요일,전라북도 전주시 완산구 교동,경상사고,0,0,2,0,차대차 - 측면충돌,안전운전불이행,건조,맑음,단일로 - 기타,화물,남,63세,상해없음,승용,남,41세,경상
2018083000100286,2018년 8월 30일 14시,목요일,전라북도 전주시 완산구 효자동3가,경상사고,0,0,2,0,차대차 - 측면충돌,중앙선침범,건조,맑음,단일로 - 기타,승용,여,53세,상해없음,승용,남,45세,경상
2018083000100287,2018년 8월 30일 14시,목요일,전라북도 익산시 남중동,부상신고사고,0,0,0,1,차대차 - 측면충돌,안전운전불이행,건조,맑음,교차로 - 교차로부근,이륜,남,47세,부상신고,화물,남,58세,상해없음
2018083000100288,2018년 8월 30일 14시,목요일,전라북도 김제시 요촌동,경상사고,0,0,2,0,차량단독 - 공작물충돌,안전운전불이행,젖음/습기,흐림,단일로 - 기타,승용,남,69세,상해없음,,,,
2018083000100289,2018년 8월 30일 14시,목요일,전라북도 완주군 소양면,중상사고,0,1,0,0,차대차 - 측면충돌,신호위반,젖음/습기,비,교차로 - 교차로안,승용,여,48세,상해없음,화물,남,62세,상해없음
2018083000100352,2018년 8월 30일 16시,목요일,전라북도 전주시 완산구 효자동3가,경상사고,0,0,2,0,차대차 - 측면충돌,안전운전불이행,건조,맑음,교차로 - 교차로안,승용,남,60세,상해없음,승용,남,43세,경상
2018083000100353,2018년 8월 30일 16시,목요일,전라북도 전주시 완산구 효자동3가,경상사고,0,0,2,0,차대차 - 측면충돌,중앙선침범,젖음/습기,흐림,교차로 - 교차로부근,승용,남,31세,상해없음,승용,남,46세,경상
2018083000100388,2018년 8월 30일 17시,목요일,전라북도 완주군 봉동읍,중상사고,0,1,0,0,차대차 - 측면충돌,안전운전불이행,건조,맑음,교차로 - 교차로안,승용,남,39세,상해없음,자전거,남,14세,중상
2018083000100434,2018년 8월 30일 18시,목요일,전라북도 전주시 덕진구 만성동,부상신고사고,0,0,0,1,차량단독 - 기타,안전운전불이행,젖음/습기,비,단일로 - 기타,승합,남,55세,상해없음,,,,
2018083000100435,2018년 8월 30일 18시,목요일,전라북도 남원시 주생면,사망사고,1,0,0,0,차량단독 - 도로외이탈 - 추락,안전운전불이행,젖음/습기,비,단일로 - 교량,농기계,여,83세,사망,,,,
2018083000100546,2018년 8월 30일 21시,목요일,전라북도 익산시 정족동,경상사고,0,0,1,0,차대차 - 측면충돌,중앙선침범,건조,맑음,단일로 - 기타,승용,남,59세,기타불명,화물,여,45세,경상
2018083000100571,2018년 8월 30일 22시,목요일,전라북도 군산시 나운동,경상사고,0,0,4,0,차대차 - 정면충돌,안전운전불이행,젖음/습기,비,교차로 - 교차로안,승용,남,57세,상해없음,승용,남,55세,경상
2018083000100572,2018년 8월 30일 22시,목요일,전라북도 정읍시 시기동,중상사고,0,1,0,0,차대차 - 측면충돌,직진우회전진행방해,건조,맑음,교차로 - 교차로안,승용,남,52세,상해없음,승용,여,26세,중상
2018083000100598,2018년 8월 30일 23시,목요일,전라북도 익산시 남중동,경상사고,0,0,1,0,차대차 - 정면충돌,신호위반,건조,맑음,교차로 - 교차로안,화물,남,44세,상해없음,특수,남,57세,경상
2018083100100101,2018년 8월 31일 07시,금요일,전라북도 정읍시 연지동,중상사고,0,1,0,0,차대사람 - 횡단중,보행자보호의무위반,젖음/습기,비,교차로 - 교차로횡단보도내,승용,남,52세,상해없음,보행자,여,73세,중상
2018083100100123,2018년 8월 31일 08시,금요일,전라북도 군산시 나운동,경상사고,0,0,1,0,차대차 - 측면충돌,직진우회전진행방해,젖음/습기,비,교차로 - 교차로안,승용,여,65세,상해없음,승용,남,64세,경상
2018083100100124,2018년 8월 31일 08시,금요일,전라북도 임실군 신평면,중상사고,0,2,1,0,차대차 - 측면충돌,교차로운행방법위반,젖음/습기,비,교차로 - 교차로안,승용,여,53세,상해없음,승용,여,43세,중상
2018083100100162,2018년 8월 31일 09시,금요일,전라북도 전주시 덕진구 송천동2가,경상사고,0,0,2,0,차대차 - 측면충돌,직진우회전진행방해,젖음/습기,비,교차로 - 교차로안,승합,남,50세,상해없음,승용,여,45세,경상
2018083100100163,2018년 8월 31일 09시,금요일,전라북도 김제시 검산동,경상사고,0,0,2,0,차대차 - 측면충돌,직진우회전진행방해,젖음/습기,비,교차로 - 교차로안,승용,여,71세,경상,화물,남,57세,경상
2018083100100216,2018년 8월 31일 11시,금요일,전라북도 군산시 소룡동,경상사고,0,0,1,0,차대사람 - 차도통행중,안전운전불이행,젖음/습기,흐림,단일로 - 지하차도(도로)내,승용,남,49세,상해없음,보행자,여,71세,경상
2018083100100241,2018년 8월 31일 12시,금요일,전라북도 정읍시 시기동,경상사고,0,0,1,0,차대차 - 측면충돌,직진우회전진행방해,젖음/습기,흐림,교차로 - 교차로안,자전거,남,75세,경상,승용,남,67세,상해없음
2018083100100312,2018년 8월 31일 14시,금요일,전라북도 부안군 부안읍,중상사고,0,1,0,0,차대차 - 추돌,안전운전불이행,건조,맑음,교차로 - 교차로부근,원동기,남,82세,중상,승용,여,31세,상해없음
2018083100100424,2018년 8월 31일 17시,금요일,전라북도 정읍시 수성동,경상사고,0,0,3,0,차대차 - 측면충돌,직진우회전진행방해,건조,흐림,교차로 - 교차로안,승용,남,42세,상해없음,승용,남,69세,경상
2018083100100460,2018년 8월 31일 18시,금요일,전라북도 전주시 덕진구 동산동,경상사고,0,0,1,0,차대사람 - 횡단중,안전운전불이행,건조,맑음,단일로 - 기타,승용,여,32세,기타불명,보행자,여,56세,경상
2018083100100461,2018년 8월 31일 18시,금요일,전라북도 전주시 덕진구 금암동,경상사고,0,0,1,0,차대차 - 추돌,안전운전불이행,건조,맑음,교차로 - 교차로부근,승용,남,27세,기타불명,승용,남,46세,경상
2018083100100501,2018년 8월 31일 19시,금요일,전라북도 전주시 완산구 효자동1가,경상사고,0,0,1,0,차대차 - 측면충돌,신호위반,건조,맑음,교차로 - 교차로안,승용,여,42세,상해없음,승용,여,53세,경상
2018083100100502,2018년 8월 31일 19시,금요일,전라북도 익산시 낭산면,사망사고,1,0,0,0,차량단독 - 공작물충돌,안전운전불이행,건조,맑음,단일로 - 기타,승용,남,54세,사망,,,,
2018083100100606,2018년 8월 31일 22시,금요일,전라북도 익산시 신동,경상사고,0,0,1,0,차대사람 - 차도통행중,안전운전불이행,건조,맑음,단일로 - 기타,승용,남,26세,상해없음,보행자,여,20세,경상
2018083100100607,2018년 8월 31일 22시,금요일,전라북도 정읍시 시기동,경상사고,0,0,1,0,차대차 - 추돌,안전운전불이행,건조,맑음,교차로 - 교차로안,승용,남,54세,상해없음,승용,남,42세,경상
2018090100100034,2018년 9월 1일 01시,토요일,전라북도 익산시 모현동1가,중상사고,0,2,0,0,차대사람 - 횡단중,보행자보호의무위반,건조,맑음,교차로 - 교차로횡단보도내,승용,여,41세,상해없음,보행자,여,32세,중상
2018090100100159,2018년 9월 1일 09시,토요일,전라북도 전주시 덕진구 금암동,경상사고,0,0,2,0,차대차 - 추돌,안전운전불이행,건조,맑음,단일로 - 기타,승용,남,52세,상해없음,특수,남,32세,경상
2018090100100160,2018년 9월 1일 09시,토요일,전라북도 군산시 개정동,중상사고,0,4,0,0,차대차 - 추돌,안전운전불이행,건조,맑음,교차로 - 교차로부근,승용,여,44세,중상,승용,여,44세,중상
2018090100100187,2018년 9월 1일 10시,토요일,전라북도 전주시 완산구 서서학동,경상사고,0,0,1,0,차대사람 - 차도통행중,안전운전불이행,건조,맑음,교차로 - 교차로안,승용,여,22세,상해없음,보행자,여,81세,경상
2018090100100283,2018년 9월 1일 13시,토요일,전라북도 김제시 만경읍,경상사고,0,0,1,0,차대차 - 측면충돌,신호위반,건조,맑음,교차로 - 교차로안,승용,여,58세,상해없음,승용,남,69세,경상
2018090100100406,2018년 9월 1일 16시,토요일,전라북도 전주시 덕진구 송천동2가,중상사고,0,1,3,0,차대차 - 추돌,안전운전불이행,건조,맑음,단일로 - 기타,승용,남,26세,상해없음,승용,남,54세,경상
2018090100100473,2018년 9월 1일 18시,토요일,전라북도 전주시 덕진구 덕진동1가,경상사고,0,0,1,0,차대차 - 추돌,안전운전불이행,건조,기타,단일로 - 기타,승용,남,62세,상해없음,승용,여,29세,경상
2018090100100505,2018년 9월 1일 19시,토요일,전라북도 전주시 완산구 삼천동1가,중상사고,0,1,0,0,차대사람 - 기타,안전운전불이행,건조,맑음,단일로 - 기타,원동기,남,22세,상해없음,보행자,여,57세,중상
2018090100100506,2018년 9월 1일 19시,토요일,전라북도 임실군 강진면,중상사고,0,2,0,0,차대차 - 추돌,안전운전불이행,건조,맑음,교차로 - 교차로부근,화물,남,58세,상해없음,농기계,남,81세,중상
2018090100100507,2018년 9월 1일 19시,토요일,전라북도 완주군 고산면,경상사고,0,0,1,0,차대차 - 기타,안전운전불이행,건조,맑음,단일로 - 기타,승용,남,55세,상해없음,원동기,남,60세,경상
2018090100100541,2018년 9월 1일 20시,토요일,전라북도 익산시 오산면,경상사고,0,0,2,0,차대차 - 추돌,안전운전불이행,건조,맑음,단일로 - 기타,승용,남,39세,상해없음,화물,여,56세,경상
2018090100100594,2018년 9월 1일 22시,토요일,전라북도 남원시 월락동,중상사고,0,1,1,0,차대차 - 측면충돌,신호위반,건조,맑음,교차로 - 교차로안,승합,남,35세,상해없음,승용,남,35세,경상
2018090100100616,2018년 9월 1일 23시,토요일,전라북도 전주시 완산구 중화산동2가,경상사고,0,0,2,0,차대차 - 측면충돌,중앙선침범,건조,맑음,교차로 - 교차로안,승합,남,38세,상해없음,승용,남,39세,경상
2018090200100074,2018년 9월 2일 06시,일요일,전라북도 남원시 운봉읍,경상사고,0,0,1,0,차대차 - 기타,직진우회전진행방해,건조,맑음,교차로 - 교차로부근,화물,남,44세,상해없음,승용,남,31세,경상
2018090200100075,2018년 9월 2일 06시,일요일,전라북도 부안군 줄포면,경상사고,0,0,2,0,차량단독 - 기타,안전운전불이행,건조,맑음,단일로 - 기타,이륜,남,25세,경상,,,,
2018090200100123,2018년 9월 2일 09시,일요일,전라북도 전주시 덕진구 금암동,경상사고,0,0,1,0,차량단독 - 기타,안전운전불이행,건조,맑음,단일로 - 기타,승합,남,52세,상해없음,,,,
2018090200100124,2018년 9월 2일 09시,일요일,전라북도 임실군 오수면,경상사고,0,0,3,0,차대차 - 측면충돌,교차로운행방법위반,건조,맑음,교차로 - 교차로안,화물,남,70세,상해없음,화물,남,35세,경상
2018090200100143,2018년 9월 2일 10시,일요일,전라북도 고창군 흥덕면,경상사고,0,0,1,0,차대차 - 측면충돌,신호위반,건조,맑음,교차로 - 교차로안,승용,남,64세,상해없음,승용,여,67세,경상
2018090200100265,2018년 9월 2일 15시,일요일,전라북도 익산시 부송동,중상사고,0,1,0,0,차대사람 - 횡단중,안전운전불이행,건조,맑음,교차로 - 교차로안,승합,남,44세,상해없음,보행자,남,8세,중상
2018090200100284,2018년 9월 2일 16시,일요일,전라북도 부안군 행안면,중상사고,0,2,1,0,차대차 - 추돌,안전운전불이행,건조,맑음,교차로 - 교차로부근,승용,남,25세,중상,화물,남,60세,경상
2018090200100374,2018년 9월 2일 19시,일요일,전라북도 전주시 완산구 삼천동1가,중상사고,0,1,0,0,차대사람 - 횡단중,안전운전불이행,건조,맑음,교차로 - 교차로안,승용,남,70세,상해없음,보행자,여,73세,중상
2018090200100375,2018년 9월 2일 19시,일요일,전라북도 익산시 신흥동,경상사고,0,0,1,0,차대차 - 기타,중앙선침범,건조,맑음,교차로 - 교차로부근,승용,남,55세,상해없음,승용,여,62세,경상
2018090200100376,2018년 9월 2일 19시,일요일,전라북도 김제시 검산동,중상사고,0,1,0,0,차대차 - 측면충돌,안전거리미확보,건조,맑음,단일로 - 기타,승용,남,46세,상해없음,승용,남,63세,중상
2018090200100468,2018년 9월 2일 23시,일요일,전라북도 전주시 덕진구 금암동,경상사고,0,0,3,0,차대차 - 측면충돌,신호위반,건조,맑음,교차로 - 교차로안,승용,여,20세,상해없음,승용,남,32세,경상