사고번호,사고일시,요일,시군구,사고내용,사망자수,중상자수,경상자수,부상신고자수,사고유형,법규위반,노면상태,기상상태,도로형태,가해운전자 차종,가해운전자 성별,가해운전자 연령,가해운전자 상해정도,피해운전자 차종,피해운전자 성별,피해운전자 연령,피해운전자 상해정도
2018090300100001,2018년 9월 3일 00시,월요일,전라북도 전주시 완산구 중화산동2가,경상사고,0,0,1,0,차대사람 - 횡단중,신호위반,건조,맑음,교차로 - 교차로안,화물,남,38세,상해없음,보행자,여,24세,경상
2018090300100052,2018년 9월 3일 06시,월요일,전라북도 전주시 완산구 중화산동2가,중상사고,0,1,0,0,차대차 - 기타,안전운전불이행,건조,맑음,단일로 - 기타,승용,남,54세,상해없음,승용,여,47세,중상
2018090300100053,2018년 9월 3일 06시,월요일,전라북도 고창군 성내면,경상사고,0,0,1,0,차대차 - 측면충돌,교차로운행방법위반,건조,맑음,교차로 - 교차로안,승용,여,69세,상해없음,화물,남,58세,경상
2018090300100107,2018년 9월 3일 08시,월요일,전라북도 군산시 서수면,경상사고,0,0,1,0,차대차 - 측면충돌,신호위반,건조,맑음,교차로 - 교차로안,화물,남,70세,상해없음,승용,남,29세,경상
2018090300100108,2018년 9월 3일 08시,월요일,전라북도 정읍시 송산동,중상사고,0,1,0,0,차대차 - 측면충돌,안전운전불이행,건조,맑음,교차로 - 교차로안,자전거,여,17세,중상,화물,남,71세,상해없음
2018090300100156,2018년 9월 3일 09시,월요일,전라북도 전주시 덕진구 팔복동1가,경상사고,0,0,1,0,차대차 - 기타,안전운전불이행,건조,흐림,교차로 - 교차로부근,승용,남,69세,상해없음,승용,남,36세,경상
2018090300100187,2018년 9월 3일 10시,월요일,전라북도 전주시 완산구 삼천동1가,경상사고,0,0,1,0,차대사람 - 횡단중,보행자보호의무위반,건조,맑음,교차로 - 교차로횡단보도내,승용,남,48세,상해없음,보행자,여,47세,경상
2018090300100188,2018년 9월 3일 10시,월요일,전라북도 임실군 오수면,경상사고,0,0,1,0,차대차 - 측면충돌,안전운전불이행,건조,맑음,단일로 - 기타,승합,남,47세,상해없음,화물,남,28세,경상
2018090300100221,2018년 9월 3일 11시,월요일,전라북도 익산시 월성동,중상사고,0,1,0,0,차대사람 - 기타,안전운전불이행,건조,맑음,단일로 - 기타,건설기계,남,48세,상해없음,보행자,남,75세,중상
2018090300100222,2018년 9월 3일 11시,월요일,전라북도 익산시 남중동,경상사고,0,0,1,0,차대사람 - 횡단중,보행자보호의무위반,건조,맑음,교차로 - 교차로안,승용,남,55세,상해없음,보행자,여,68세,경상
2018090300100287,2018년 9월 3일 13시,월요일,전라북도 익산시 용안면,경상사고,0,0,1,0,차대사람 - 횡단중,보행자보호의무위반,젖음/습기,비,교차로 - 교차로횡단보도내,화물,남,31세,상해없음,보행자,남,81세,경상
2018090300100306,2018년 9월 3일 14시,월요일,전라북도 전주시 완산구 삼천동3가,경상사고,0,0,1,0,차대차 - 측면충돌,신호위반,젖음/습기,맑음,교차로 - 교차로안,승용,남,64세,상해없음,승용,여,51세,경상
2018090300100388,2018년 9월 3일 16시,월요일,전라북도 김제시 금구면,중상사고,0,1,2,0,차대차 - 측면충돌,안전운전불이행,건조,맑음,단일로 - 기타,승용,남,60세,상해없음,승용,남,63세,경상
2018090300100425,2018년 9월 3일 17시,월요일,전라북도 전주시 완산구 삼천동1가,경상사고,0,0,1,0,차대차 - 측면충돌,안전운전불이행,젖음/습기,비,단일로 - 기타,승용,여,38세,상해없음,승용,남,30세,경상
2018090300100471,2018년 9월 3일 18시,월요일,전라북도 정읍시 하북동,경상사고,0,0,2,0,차대차 - 정면충돌,신호위반,젖음/습기,비,교차로 - 교차로안,승용,여,28세,경상,승용,남,45세,경상
2018090300100472,2018년 9월 3일 18시,월요일,전라북도 남원시 대산면,경상사고,0,0,2,0,차대차 - 기타,안전운전불이행,건조,맑음,교차로 - 교차로안,화물,여,67세,경상,승용,남,57세,경상
2018090300100473,2018년 9월 3일 18시,월요일,전라북도 무주군 무주읍,경상사고,0,0,1,0,차대사람 - 차도통행중,안전운전불이행,젖음/습기,비,단일로 - 기타,이륜,남,42세,상해없음,보행자,여,90세 이상,경상
2018090300100527,2018년 9월 3일 19시,월요일,전라북도 전주시 완산구 서신동,중상사고,0,1,0,0,차대차 - 기타,차로위반,젖음/습기,비,교차로 - 교차로부근,화물,남,58세,상해없음,승합,남,52세,상해없음
2018090300100571,2018년 9월 3일 20시,월요일,전라북도 전주시 덕진구 만성동,경상사고,0,0,1,0,차대차 - 측면충돌,신호위반,젖음/습기,비,교차로 - 교차로안,승용,여,60세,상해없음,승용,남,33세,경상
2018090300100572,2018년 9월 3일 20시,월요일,전라북도 전주시 덕진구 고랑동,경상사고,0,0,4,0,차대차 - 정면충돌,중앙선침범,젖음/습기,비,교차로 - 교차로부근,승용,남,67세,상해없음,승용,여,56세,경상
2018090300100573,2018년 9월 3일 20시,월요일,전라북도 익산시 어양동,중상사고,0,1,0,0,차대차 - 측면충돌,신호위반,젖음/습기,비,교차로 - 교차로안,승용,남,54세,상해없음,승용,여,48세,중상
2018090400100049,2018년 9월 4일 03시,화요일,전라북도 익산시 마동,경상사고,0,0,2,0,차대차 - 측면충돌,신호위반,젖음/습기,비,교차로 - 교차로안,승용,남,34세,상해없음,승용,남,48세,경상
2018090400100082,2018년 9월 4일 07시,화요일,전라북도 전주시 덕진구 반월동,경상사고,0,0,1,0,차대사람 - 기타,안전운전불이행,건조,맑음,기타 - 기타,승용,남,28세,상해없음,보행자,여,57세,경상
2018090400100110,2018년 9월 4일 08시,화요일,전라북도 전주시 완산구 용복동,경상사고,0,0,3,0,차대차 - 측면충돌,교차로운행방법위반,건조,맑음,교차로 - 교차로안,승용,여,53세,경상,승용,남,74세,경상
2018090400100111,2018년 9월 4일 08시,화요일,전라북도 익산시 황등면,경상사고,0,0,1,0,차대차 - 추돌,안전운전불이행,건조,맑음,단일로 - 기타,승용,남,20세,상해없음,이륜,남,69세,경상
2018090400100112,2018년 9월 4일 08시,화요일,전라북도 김제시 요촌동,경상사고,0,0,1,0,차대차 - 측면충돌,중앙선침범,건조,맑음,교차로 - 교차로부근,승용,여,33세,상해없음,승용,남,57세,경상
2018090400100150,2018년 9월 4일 09시,화요일,전라북도 군산시 미장동,경상사고,0,0,1,0,차대차 - 기타,안전운전불이행,건조,맑음,교차로 - 교차로안,승용,남,55세,상해없음,승용,여,28세,상해없음
2018090400100184,2018년 9월 4일 10시,화요일,전라북도 전주시 덕진구 송천동2가,중상사고,0,2,0,0,차대차 - 측면충돌,안전거리미확보,건조,맑음,단일로 - 기타,승용,여,53세,기타불명,승용,남,51세,중상
2018090400100244,2018년 9월 4일 12시,화요일,전라북도 정읍시 신태인읍,경상사고,0,0,1,0,차대차 - 측면충돌,직진우회전진행방해,건조,맑음,교차로 - 교차로안,승용,남,40세,상해없음,이륜,남,37세,경상
2018090400100272,2018년 9월 4일 13시,화요일,전라북도 김제시 용지면,중상사고,0,1,1,0,차대차 - 측면충돌,직진우회전진행방해,건조,맑음,교차로 - 교차로안,승용,남,20세,상해없음,승용,남,32세,중상
2018090400100365,2018년 9월 4일 16시,화요일,전라북도 군산시 소룡동,중상사고,0,1,0,0,차대차 - 측면충돌,안전운전불이행,건조,맑음,단일로 - 지하차도(도로)내,화물,남,57세,상해없음,화물,남,54세,중상
2018090400100366,2018년 9월 4일 16시,화요일,전라북도 무주군 무주읍,중상사고,0,1,0,0,차대차 - 측면충돌,안전운전불이행,건조,맑음,교차로 - 교차로안,승합,남,52세,상해없음,이륜,여,61세,중상
2018090400100368,2018년 9월 4일 16시,화요일,전라북도 완주군 용진읍,중상사고,0,1,1,0,차대차 - 측면충돌,직진우회전진행방해,건조,맑음,교차로 - 교차로안,승용,여,40세,상해없음,이륜,남,45세,중상
2018090400100369,2018년 9월 4일 16시,화요일,전라북도 완주군 봉동읍,중상사고,0,1,0,0,차대차 - 측면충돌,신호위반,건조,맑음,교차로 - 교차로안,승용,여,50세,상해없음,화물,남,20세,중상
2018090400100409,2018년 9월 4일 17시,화요일,전라북도 전주시 완산구 삼천동1가,중상사고,0,1,0,0,차대사람 - 횡단중,보행자보호의무위반,건조,맑음,교차로 - 교차로횡단보도내,승용,여,34세,상해없음,보행자,남,47세,중상
2018090400100410,2018년 9월 4일 17시,화요일,전라북도 전주시 완산구 동서학동,경상사고,0,0,3,0,차대차 - 추돌,안전운전불이행,건조,맑음,교차로 - 교차로부근,화물,남,71세,상해없음,승용,남,38세,경상
2018090400100411,2018년 9월 4일 17시,화요일,전라북도 전주시 덕진구 중동,경상사고,0,0,1,0,차대차 - 측면충돌,신호위반,건조,맑음,교차로 - 교차로안,승용,남,33세,기타불명,승용,여,33세,경상
2018090400100412,2018년 9월 4일 17시,화요일,전라북도 군산시 옥산면,경상사고,0,0,2,0,차대차 - 측면충돌,차로위반,건조,맑음,단일로 - 기타,승용,남,64세,상해없음,승용,여,23세,경상
2018090400100413,2018년 9월 4일 17시,화요일,전라북도 김제시 금산면,경상사고,0,0,2,0,차대차 - 측면충돌,교차로운행방법위반,건조,맑음,교차로 - 교차로안,건설기계,남,53세,상해없음,이륜,남,58세,경상
2018090400100460,2018년 9월 4일 18시,화요일,전라북도 완주군 봉동읍,중상사고,0,1,0,0,차대차 - 정면충돌,중앙선침범,건조,맑음,교차로 - 교차로부근,승용,남,42세,상해없음,승용,여,55세,중상
2018090400100503,2018년 9월 4일 19시,화요일,전라북도 김제시 백구면,중상사고,0,1,0,0,차대사람 - 횡단중,안전운전불이행,건조,맑음,교차로 - 교차로안,승용,남,24세,상해없음,보행자,여,73세,중상
2018090400100504,2018년 9월 4일 19시,화요일,전라북도 고창군 심원면,사망사고,1,0,0,0,차대사람 - 기타,안전운전불이행,건조,맑음,교차로 - 교차로안,승합,남,52세,상해없음,보행자,여,83세,사망
2018090400100541,2018년 9월 4일 20시,화요일,전라북도 전주시 완산구 삼천동1가,경상사고,0,0,1,0,차대차 - 측면충돌,안전운전불이행,젖음/습기,기타,단일로 - 기타,승용,남,64세,상해없음,이륜,남,21세,경상
2018090400100564,2018년 9월 4일 21시,화요일,전라북도 익산시 신동,경상사고,0,0,1,0,차대차 - 기타,안전운전불이행,건조,맑음,단일로 - 기타,승용,남,38세,상해없음,승용,남,35세,경상
2018090400100611,2018년 9월 4일 23시,화요일,전라북도 전주시 완산구 중화산동2가,경상사고,0,0,1,0,차대차 - 측면충돌,안전거리미확보,건조,기타,단일로 - 기타,승용,남,37세,상해없음,이륜,남,20세,경상
2018090400100612,2018년 9월 4일 23시,화요일,전라북도 전주시 덕진구 송천동2가,경상사고,0,0,1,0,차대사람 - 길가장자리구역통행중,안전운전불이행,건조,맑음,단일로 - 기타,승용,여,33세,상해없음,보행자,남,23세,경상
2018090400100613,2018년 9월 4일 23시,화요일,전라북도 군산시 나운동,경상사고,0,0,1,0,차량단독 - 전도전복 - 전도,안전운전불이행,건조,맑음,단일로 - 기타,이륜,남,19세,상해없음,미분류,미분류,미분류,미분류
2018090500100015,2018년 9월 5일 00시,수요일,전라북도 전주시 완산구 평화동2가,중상사고,0,1,0,0,차대차 - 측면충돌,안전운전불이행,건조,맑음,교차로 - 교차로안,기타불명,기타불명,미분류,기타불명,자전거,남,50세,중상
2018090500100016,2018년 9월 5일 00시,수요일,전라북도 익산시 신동,경상사고,0,0,1,0,차대차 - 측면충돌,중앙선침범,건조,맑음,교차로 - 교차로부근,승용,남,26세,상해없음,승용,남,53세,경상
2018090500100027,2018년 9월 5일 01시,수요일,전라북도 군산시 산북동,경상사고,0,0,2,0,차대차 - 측면충돌,신호위반,건조,맑음,교차로 - 교차로안,승용,남,34세,상해없음,승용,남,62세,경상
2018090500100045,2018년 9월 5일 04시,수요일,전라북도 남원시 죽항동,중상사고,0,1,0,0,차대사람 - 횡단중,안전운전불이행,건조,맑음,교차로 - 교차로안,승용,남,60세,상해없음,보행자,여,71세,중상
2018090500100093,2018년 9월 5일 07시,수요일,전라북도 익산시 중앙동3가,경상사고,0,0,1,0,차대차 - 측면충돌,안전운전불이행,건조,맑음,단일로 - 기타,승용,남,61세,상해없음,화물,남,25세,경상
2018090500100094,2018년 9월 5일 07시,수요일,전라북도 익산시 모현동1가,경상사고,0,0,2,0,차대차 - 추돌,안전운전불이행,건조,맑음,단일로 - 기타,승용,남,47세,상해없음,승용,남,38세,경상
2018090500100137,2018년 9월 5일 08시,수요일,전라북도 군산시 내흥동,중상사고,0,1,0,0,차대차 - 추돌,안전운전불이행,건조,맑음,교차로 - 교차로안,화물,남,50세,상해없음,화물,남,72세,중상
2018090500100271,2018년 9월 5일 12시,수요일,전라북도 전주시 덕진구 만성동,중상사고,0,4,2,0,차대차 - 측면충돌,교차로운행방법위반,건조,맑음,교차로 - 교차로안,화물,남,36세,상해없음,승용,남,29세,경상
2018090500100272,2018년 9월 5일 12시,수요일,전라북도 전주시 덕진구 금암동,중상사고,0,1,0,0,차대차 - 측면충돌,직진우회전진행방해,건조,맑음,교차로 - 교차로안,이륜,남,18세,상해없음,이륜,남,19세,중상
2018090500100273,2018년 9월 5일 12시,수요일,전라북도 임실군 임실읍,경상사고,0,0,3,0,차대차 - 추돌,안전거리미확보,건조,맑음,교차로 - 교차로부근,화물,남,51세,상해없음,화물,남,42세,경상
2018090500100300,2018년 9월 5일 13시,수요일,전라북도 남원시 금동,경상사고,0,0,1,0,차대차 - 기타,중앙선침범,건조,맑음,교차로 - 교차로안,자전거,여,66세,경상,화물,남,38세,상해없음
2018090500100404,2018년 9월 5일 16시,수요일,전라북도 전주시 완산구 중화산동2가,경상사고,0,0,1,0,차대차 - 추돌,안전운전불이행,건조,맑음,교차로 - 교차로부근,승용,남,16세,상해없음,승용,남,26세,경상
2018090500100405,2018년 9월 5일 16시,수요일,전라북도 전주시 덕진구 진북동,경상사고,0,0,12,0,차대차 - 추돌,안전운전불이행,건조,맑음,단일로 - 기타,승합,남,45세,상해없음,승용,여,26세,경상
2018090500100406,2018년 9월 5일 16시,수요일,전라북도 정읍시 고부면,경상사고,0,0,3,0,차대차 - 기타,안전운전불이행,건조,맑음,교차로 - 교차로안,화물,남,59세,상해없음,승용,여,41세,경상
2018090500100454,2018년 9월 5일 17시,수요일,전라북도 김제시 요촌동,중상사고,0,1,0,0,차대차 - 측면충돌,직진우회전진행방해,건조,맑음,교차로 - 교차로안,이륜,남,59세,중상,화물,남,44세,상해없음
2018090500100455,2018년 9월 5일 17시,수요일,전라북도 김제시 부량면,경상사고,0,0,4,0,차대차 - 측면충돌,신호위반,건조,맑음,교차로 - 교차로안,승용,여,67세,상해없음,승용,남,28세,경상
2018090500100456,2018년 9월 5일 17시,수요일,전라북도 남원시 도통동,중상사고,0,1,0,0,차대사람 - 기타,안전운전불이행,건조,맑음,교차로 - 교차로안,승용,여,57세,상해없음,보행자,여,76세,중상
2018090500100519,2018년 9월 5일 18시,수요일,전라북도 익산시 모현동2가,경상사고,0,0,1,0,차대차 - 측면충돌,신호위반,건조,맑음,교차로 - 교차로안,승용,여,20세,상해없음,승용,여,51세,경상
2018090500100598,2018년 9월 5일 20시,수요일,전라북도 전주시 덕진구 진북동,경상사고,0,0,1,0,차대차 - 측면충돌,안전운전불이행,건조,맑음,교차로 - 교차로안,승용,남,59세,상해없음,이륜,남,22세,경상
2018090500100599,2018년 9월 5일 20시,수요일,전라북도 익산시 남중동,경상사고,0,0,2,0,차대차 - 정면충돌,중앙선침범,건조,맑음,단일로 - 기타,승용,남,53세,상해없음,승용,남,37세,경상
2018090500100627,2018년 9월 5일 21시,수요일,전라북도 전주시 덕진구 인후동1가,중상사고,0,1,1,0,차대차 - 측면충돌,신호위반,건조,맑음,교차로 - 교차로안,이륜,남,18세,기타불명,승용,여,28세,경상
2018090500100656,2018년 9월 5일 22시,수요일,전라북도 무주군 안성면,경상사고,0,0,1,0,차량단독 - 전도전복 - 전도,안전운전불이행,건조,맑음,단일로 - 기타,승용,남,57세,경상,미분류,미분류,미분류,미분류
2018090500100681,2018년 9월 5일 23시,수요일,전라북도 전주시 덕진구 덕진동1가,경상사고,0,0,1,0,차대차 - 추돌,안전운전불이행,건조,맑음,단일로 - 기타,승용,남,29세,기타불명,승용,여,51세,경상
2018090600100046,2018년 9월 6일 05시,목요일,전라북도 전주시 덕진구 인후동2가,경상사고,0,0,1,0,차대사람 - 횡단중,안전운전불이행,건조,맑음,단일로 - 기타,승용,남,46세,상해없음,보행자,여,76세,경상
2018090600100104,2018년 9월 6일 08시,목요일,전라북도 김제시 금산면,중상사고,0,2,1,0,차대차 - 측면충돌,교차로운행방법위반,건조,맑음,교차로 - 교차로안,승용,여,55세,상해없음,화물,남,29세,경상
2018090600100244,2018년 9월 6일 13시,목요일,전라북도 익산시 영등동,경상사고,0,0,1,0,차대차 - 기타,안전운전불이행,건조,맑음,교차로 - 교차로안,승용,여,53세,상해없음,승용,여,28세,경상
2018090600100245,2018년 9월 6일 13시,목요일,전라북도 김제시 용지면,경상사고,0,0,1,0,차대차 - 측면충돌,직진우회전진행방해,건조,맑음,교차로 - 교차로안,화물,남,41세,상해없음,화물,남,66세,경상
2018090600100305,2018년 9월 6일 15시,목요일,전라북도 고창군 신림면,사망사고,1,0,0,0,차대차 - 추돌,안전운전불이행,건조,흐림,단일로 - 기타,화물,남,62세,사망,화물,남,60세,기타불명
2018090600100327,2018년 9월 6일 16시,목요일,전라북도 전주시 덕진구 산정동,경상사고,0,0,1,0,차대차 - 추돌,안전거리미확보,건조,맑음,교차로 - 교차로부근,승용,여,45세,상해없음,승용,여,51세,경상
2018090600100328,2018년 9월 6일 16시,목요일,전라북도 익산시 남중동,중상사고,0,1,2,0,차대차 - 측면충돌,중앙선침범,건조,맑음,단일로 - 기타,승용,남,54세,상해없음,이륜,남,21세,중상
2018090600100329,2018년 9월 6일 16시,목요일,전라북도 익산시 창인동1가,경상사고,0,0,1,0,차대차 - 추돌,안전운전불이행,건조,맑음,단일로 - 기타,승용,남,58세,상해없음,승용,여,36세,경상
2018090600100330,2018년 9월 6일 16시,목요일,전라북도 정읍시 시기동,경상사고,0,0,1,0,차대사람 - 차도통행중,안전운전불이행,건조,맑음,단일로 - 기타,승용,남,51세,상해없음,보행자,여,76세,경상
2018090600100372,2018년 9월 6일 17시,목요일,전라북도 김제시 백구면,경상사고,0,0,1,0,차대차 - 측면충돌,안전운전불이행,건조,맑음,교차로 - 교차로안,승용,남,56세,상해없음,승용,여,44세,경상
2018090600100407,2018년 9월 6일 18시,목요일,전라북도 전주시 완산구 중화산동2가,경상사고,0,0,1,0,차대사람 - 길가장자리구역통행중,안전운전불이행,건조,맑음,단일로 - 기타,승용,남,30세,상해없음,보행자,남,56세,경상
2018090600100408,2018년 9월 6일 18시,목요일,전라북도 남원시 죽항동,경상사고,0,0,1,0,차대사람 - 횡단중,안전운전불이행,건조,맑음,단일로 - 기타,승합,남,58세,기타불명,보행자,남,4세,경상
2018090600100454,2018년 9월 6일 19시,목요일,전라북도 군산시 경암동,경상사고,0,0,1,0,차대차 - 측면충돌,신호위반,건조,맑음,교차로 - 교차로안,승합,여,50세,상해없음,이륜,남,32세,경상
2018090600100491,2018년 9월 6일 20시,목요일,전라북도 김제시 용지면,경상사고,0,0,1,0,차대차 - 정면충돌,중앙선침범,젖음/습기,비,단일로 - 기타,화물,남,25세,상해없음,승용,남,64세,경상
2018090600100573,2018년 9월 6일 23시,목요일,전라북도 남원시 월락동,중상사고,0,3,2,0,차대차 - 측면충돌,신호위반,건조,맑음,교차로 - 교차로안,승용,남,31세,상해없음,승용,여,41세,경상
2018090700100022,2018년 9월 7일 01시,금요일,전라북도 전주시 완산구 효자동3가,경상사고,0,0,2,0,차대차 - 측면충돌,중앙선침범,건조,맑음,교차로 - 교차로부근,승용,남,28세,상해없음,승용,남,47세,경상
2018090700100023,2018년 9월 7일 01시,금요일,전라북도 군산시 미장동,경상사고,0,0,1,0,차대차 - 측면충돌,신호위반,젖음/습기,비,교차로 - 교차로안,승용,남,42세,상해없음,승용,남,37세,경상
2018090700100084,2018년 9월 7일 06시,금요일,전라북도 군산시 성산면,중상사고,0,1,0,0,차량단독 - 공작물충돌,안전운전불이행,건조,맑음,교차로 - 교차로안,화물,남,55세,중상,,,,
2018090700100109,2018년 9월 7일 07시,금요일,전라북도 김제시 옥산동,경상사고,0,0,2,0,차대차 - 측면충돌,신호위반,건조,흐림,교차로 - 교차로안,승합,여,60세,상해없음,승용,남,71세,경상
2018090700100110,2018년 9월 7일 07시,금요일,전라북도 부안군 부안읍,경상사고,0,0,1,0,차대차 - 추돌,안전운전불이행,건조,맑음,교차로 - 교차로부근,승용,여,53세,상해없음,원동기,남,63세,경상
2018090700100148,2018년 9월 7일 08시,금요일,전라북도 익산시 평화동,경상사고,0,0,1,0,차대차 - 측면충돌,안전운전불이행,건조,맑음,단일로 - 기타,승용,여,39세,상해없음,이륜,남,18세,경상
2018090700100149,2018년 9월 7일 08시,금요일,전라북도 고창군 고창읍,경상사고,0,0,1,0,차대차 - 측면충돌,안전거리미확보,건조,맑음,교차로 - 교차로안,원동기,여,32세,경상,승용,남,33세,상해없음
2018090700100189,2018년 9월 7일 09시,금요일,전라북도 전주시 덕진구 진북동,경상사고,0,0,1,0,차대차 - 기타,안전운전불이행,건조,맑음,교차로 - 교차로안,승용,남,42세,상해없음,자전거,남,60세,경상
2018090700100190,2018년 9월 7일 09시,금요일,전라북도 전주시 덕진구 송천동2가,경상사고,0,0,1,0,차대차 - 추돌,안전운전불이행,건조,맑음,교차로 - 교차로부근,승용,남,63세,상해없음,승용,남,28세,경상
2018090700100232,2018년 9월 7일 10시,금요일,전라북도 익산시 남중동,경상사고,0,0,1,0,차대차 - 정면충돌,안전운전불이행,건조,맑음,교차로 - 교차로안,화물,남,62세,상해없음,자전거,여,70세,경상
2018090700100267,2018년 9월 7일 11시,금요일,전라북도 전주시 덕진구 송천동2가,경상사고,0,0,1,0,차대차 - 기타,안전거리미확보,건조,흐림,단일로 - 기타,승용,여,40세,상해없음,승용,남,56세,상해없음
2018090700100303,2018년 9월 7일 12시,금요일,전라북도 익산시 인화동1가,중상사고,0,1,0,0,차대차 - 측면충돌,직진우회전진행방해,건조,맑음,교차로 - 교차로안,이륜,남,15세,중상,승용,남,47세,상해없음
2018090700100331,2018년 9월 7일 13시,금요일,전라북도 남원시 월락동,경상사고,0,0,1,0,차대차 - 추돌,안전운전불이행,젖음/습기,비,단일로 - 기타,화물,남,62세,상해없음,승용,여,58세,경상
2018090700100332,2018년 9월 7일 13시,금요일,전라북도 부안군 동진면,중상사고,0,1,0,0,차대차 - 기타,안전운전불이행,건조,맑음,주차장 - 주차장,승용,남,86세,상해없음,이륜,남,78세,중상
2018090700100365,2018년 9월 7일 14시,금요일,전라북도 장수군 장수읍,중상사고,0,1,0,0,차대차 - 측면충돌,안전운전불이행,건조,맑음,교차로 - 교차로안,화물,남,69세,상해없음,승용,여,64세,중상
2018090700100404,2018년 9월 7일 15시,금요일,전라북도 군산시 수송동,경상사고,0,0,1,0,차대차 - 측면충돌,신호위반,건조,맑음,교차로 - 교차로안,승용,남,59세,상해없음,승용,남,22세,경상
2018090700100439,2018년 9월 7일 16시,금요일,전라북도 정읍시 수성동,중상사고,0,1,0,0,차대사람 - 횡단중,안전운전불이행,건조,맑음,교차로 - 교차로안,화물,남,71세,상해없음,보행자,여,81세,중상
2018090700100440,2018년 9월 7일 16시,금요일,전라북도 정읍시 수성동,경상사고,0,0,1,0,차대차 - 후진중충돌,안전운전불이행,건조,맑음,교차로 - 교차로안,승용,여,56세,상해없음,승용,여,27세,경상
2018090700100531,2018년 9월 7일 18시,금요일,전라북도 군산시 오식도동,경상사고,0,0,1,0,차대차 - 측면충돌,직진우회전진행방해,건조,맑음,교차로 - 교차로안,승용,여,35세,상해없음,승용,남,26세,경상
2018090700100580,2018년 9월 7일 19시,금요일,전라북도 김제시 만경읍,경상사고,0,0,5,0,차대차 - 추돌,신호위반,건조,맑음,교차로 - 교차로안,승용,남,21세,경상,승용,남,22세,경상
2018090800100091,2018년 9월 8일 05시,토요일,전라북도 전주시 덕진구 진북동,경상사고,0,0,1,0,차량단독 - 기타,안전운전불이행,건조,맑음,교차로 - 교차로안,승용,남,53세,상해없음,,,,
2018090800100092,2018년 9월 8일 05시,토요일,전라북도 부안군 줄포면,중상사고,0,1,0,0,차대차 - 추돌,안전운전불이행,건조,맑음,단일로 - 기타,화물,남,64세,상해없음,농기계,남,76세,중상
2018090800100127,2018년 9월 8일 07시,토요일,전라북도 임실군 신평면,중상사고,0,1,0,0,차량단독 - 기타,안전운전불이행,건조,맑음,단일로 - 기타,승합,남,57세,상해없음,,,,
2018090800100149,2018년 9월 8일 08시,토요일,전라북도 전주시 덕진구 전미동1가,중상사고,0,1,0,0,차대차 - 기타,안전운전불이행,건조,맑음,단일로 - 기타,승용,여,18세,상해없음,이륜,남,77세,중상
2018090800100150,2018년 9월 8일 08시,토요일,전라북도 부안군 부안읍,중상사고,0,1,1,0,차대차 - 추돌,안전운전불이행,건조,맑음,교차로 - 교차로부근,화물,남,49세,경상,화물,남,44세,중상
2018090800100171,2018년 9월 8일 09시,토요일,전라북도 전주시 완산구 평화동2가,경상사고,0,0,2,0,차대차 - 측면충돌,안전운전불이행,건조,맑음,교차로 - 교차로안,승용,여,54세,상해없음,승용,남,39세,경상
2018090800100172,2018년 9월 8일 09시,토요일,전라북도 군산시 산북동,경상사고,0,0,1,0,차대사람 - 차도통행중,안전운전불이행,건조,맑음,단일로 - 지하차도(도로)내,승용,여,48세,상해없음,보행자,여,31세,경상
2018090800100173,2018년 9월 8일 09시,토요일,전라북도 정읍시 장명동,경상사고,0,0,1,0,차대차 - 측면충돌,안전운전불이행,건조,맑음,교차로 - 교차로부근,화물,남,76세,상해없음,자전거,여,55세,경상
2018090800100204,2018년 9월 8일 10시,토요일,전라북도 전주시 완산구 서신동,경상사고,0,0,2,0,차대차 - 측면충돌,교차로운행방법위반,건조,맑음,교차로 - 교차로안,승용,남,70세,상해없음,승용,남,22세,경상
2018090800100205,2018년 9월 8일 10시,토요일,전라북도 고창군 부안면,중상사고,0,2,0,0,차대차 - 측면충돌,기타,건조,맑음,단일로 - 기타,승합,남,60세,상해없음,승용,여,50세,중상
2018090800100206,2018년 9월 8일 10시,토요일,전라북도 부안군 진서면,경상사고,0,0,1,0,차대차 - 추돌,안전운전불이행,건조,맑음,단일로 - 기타,이륜,남,80세,경상,승용,남,64세,상해없음
2018090800100241,2018년 9월 8일 11시,토요일,전라북도 전주시 덕진구 진북동,중상사고,0,1,0,0,차대사람 - 기타,안전운전불이행,건조,맑음,단일로 - 기타,승용,남,54세,상해없음,보행자,남,29세,중상
2018090800100242,2018년 9월 8일 11시,토요일,전라북도 군산시 오룡동,경상사고,0,0,2,0,차대차 - 측면충돌,중앙선침범,건조,맑음,단일로 - 지하차도(도로)내,승용,여,45세,상해없음,승용,남,66세,경상
2018090800100243,2018년 9월 8일 11시,토요일,전라북도 정읍시 신태인읍,경상사고,0,0,2,0,차대차 - 측면충돌,신호위반,건조,맑음,교차로 - 교차로안,승용,남,59세,경상,화물,남,56세,상해없음
2018090800100292,2018년 9월 8일 12시,토요일,전라북도 전주시 완산구 경원동1가,경상사고,0,0,2,0,차대차 - 추돌,안전운전불이행,건조,맑음,교차로 - 교차로부근,승용,남,21세,상해없음,승용,남,79세,경상
2018090800100293,2018년 9월 8일 12시,토요일,전라북도 김제시 백산면,사망사고,1,0,0,0,차대사람 - 기타,기타,건조,맑음,단일로 - 기타,승용,남,30세,상해없음,보행자,남,63세,사망
2018090800100294,2018년 9월 8일 12시,토요일,전라북도 완주군 이서면,중상사고,0,1,0,0,차대사람 - 기타,안전운전불이행,건조,맑음,교차로 - 교차로안,승용,남,39세,상해없음,보행자,여,77세,중상