사고번호,사고일시,요일,시군구,사고내용,사망자수,중상자수,경상자수,부상신고자수,사고유형,법규위반,노면상태,기상상태,도로형태,가해운전자 차종,가해운전자 성별,가해운전자 연령,가해운전자 상해정도,피해운전자 차종,피해운전자 성별,피해운전자 연령,피해운전자 상해정도
2018091400100228,2018년 9월 14일 10시,금요일,전라북도 익산시 모현동1가,경상사고,0,0,3,0,차대차 - 측면충돌,신호위반,건조,맑음,교차로 - 교차로안,승용,남,47세,상해없음,승용,남,22세,경상
2018091400100257,2018년 9월 14일 11시,금요일,전라북도 전주시 덕진구 인후동1가,경상사고,0,0,4,0,차대차 - 추돌,안전거리미확보,건조,흐림,단일로 - 기타,승합,남,51세,상해없음,승용,남,25세,경상
2018091400100258,2018년 9월 14일 11시,금요일,전라북도 전주시 덕진구 인후동1가,경상사고,0,0,9,3,차대차 - 추돌,안전거리미확보,건조,흐림,단일로 - 기타,승합,남,61세,상해없음,승합,남,51세,상해없음
2018091400100259,2018년 9월 14일 11시,금요일,전라북도 정읍시 용계동,중상사고,0,1,0,0,차대사람 - 기타,안전운전불이행,건조,맑음,기타 - 기타,승용,남,60세,상해없음,보행자,남,56세,중상
2018091400100290,2018년 9월 14일 12시,금요일,전라북도 군산시 개정동,경상사고,0,0,1,0,차대차 - 기타,안전운전불이행,젖음/습기,비,기타 - 기타,승용,남,36세,상해없음,승합,여,38세,경상
2018091400100291,2018년 9월 14일 12시,금요일,전라북도 남원시 죽항동,경상사고,0,0,1,0,차대차 - 추돌,안전운전불이행,건조,맑음,교차로 - 교차로부근,승용,여,32세,상해없음,승용,여,60세,상해없음
2018091400100322,2018년 9월 14일 13시,금요일,전라북도 군산시 나운동,경상사고,0,0,1,0,차대차 - 추돌,안전거리미확보,젖음/습기,비,교차로 - 교차로부근,승용,남,26세,상해없음,승용,남,28세,경상
2018091400100323,2018년 9월 14일 13시,금요일,전라북도 부안군 상서면,중상사고,0,1,0,0,차대차 - 측면충돌,중앙선침범,건조,맑음,단일로 - 기타,화물,남,54세,상해없음,승용,남,63세,중상
2018091400100324,2018년 9월 14일 13시,금요일,전라북도 진안군 부귀면,사망사고,1,0,1,0,차대차 - 추돌,안전운전불이행,건조,맑음,단일로 - 기타,승용,남,48세,상해없음,승용,남,67세,경상
2018091400100357,2018년 9월 14일 14시,금요일,전라북도 전주시 완산구 태평동,경상사고,0,0,1,0,차대차 - 측면충돌,안전운전불이행,건조,맑음,단일로 - 기타,승합,남,71세,상해없음,자전거,남,75세,경상
2018091400100358,2018년 9월 14일 14시,금요일,전라북도 전주시 덕진구 송천동2가,경상사고,0,0,3,0,차대차 - 추돌,안전운전불이행,건조,맑음,교차로 - 교차로부근,승용,남,55세,상해없음,승용,여,48세,경상
2018091400100359,2018년 9월 14일 14시,금요일,전라북도 군산시 미룡동,중상사고,0,1,0,0,차대차 - 정면충돌,안전운전불이행,건조,흐림,단일로 - 기타,승용,여,28세,상해없음,자전거,남,59세,중상
2018091400100387,2018년 9월 14일 15시,금요일,전라북도 정읍시 감곡면,사망사고,1,0,1,0,차량단독 - 공작물충돌,안전운전불이행,건조,흐림,단일로 - 기타,화물,남,42세,경상,,,,
2018091400100388,2018년 9월 14일 15시,금요일,전라북도 순창군 적성면,경상사고,0,0,1,0,차대차 - 측면충돌,교차로운행방법위반,건조,맑음,교차로 - 교차로부근,이륜,남,78세,경상,승용,여,47세,상해없음
2018091400100429,2018년 9월 14일 16시,금요일,전라북도 정읍시 수성동,경상사고,0,0,1,0,차량단독 - 전도전복 - 전복,안전운전불이행,건조,맑음,교차로 - 교차로안,승용,남,64세,상해없음,미분류,미분류,미분류,미분류
2018091400100471,2018년 9월 14일 17시,금요일,전라북도 전주시 완산구 서신동,경상사고,0,0,1,0,차대차 - 측면충돌,신호위반,젖음/습기,흐림,교차로 - 교차로안,승용,남,19세,상해없음,승용,여,46세,경상
2018091400100472,2018년 9월 14일 17시,금요일,전라북도 익산시 부송동,경상사고,0,0,1,0,차대사람 - 횡단중,안전운전불이행,건조,맑음,단일로 - 기타,특수,남,38세,상해없음,보행자,여,42세,경상
2018091400100473,2018년 9월 14일 17시,금요일,전라북도 익산시 팔봉동,경상사고,0,0,1,0,차대차 - 측면충돌,신호위반,건조,맑음,교차로 - 교차로안,승용,여,57세,상해없음,승용,남,41세,경상
2018091400100671,2018년 9월 14일 21시,금요일,전라북도 전주시 완산구 효자동3가,경상사고,0,0,1,0,차대차 - 추돌,안전운전불이행,건조,맑음,교차로 - 교차로안,승용,여,28세,상해없음,승용,남,67세,경상
2018091400100709,2018년 9월 14일 22시,금요일,전라북도 전주시 덕진구 장동,경상사고,0,0,2,0,차대차 - 추돌,안전운전불이행,건조,맑음,단일로 - 기타,승용,여,30세,상해없음,승용,여,45세,경상
2018091400100710,2018년 9월 14일 22시,금요일,전라북도 익산시 신동,경상사고,0,0,1,0,차대사람 - 기타,안전운전불이행,건조,맑음,단일로 - 기타,승용,남,25세,기타불명,보행자,남,22세,경상
2018091500100011,2018년 9월 15일 00시,토요일,전라북도 전주시 완산구 대성동,경상사고,0,0,1,0,차대차 - 측면충돌,안전운전불이행,건조,맑음,단일로 - 기타,기타불명,기타불명,미분류,기타불명,자전거,남,72세,경상
2018091500100046,2018년 9월 15일 02시,토요일,전라북도 전주시 완산구 효자동3가,경상사고,0,0,2,0,차대차 - 기타,안전운전불이행,건조,맑음,단일로 - 기타,승용,여,30세,상해없음,승용,남,41세,경상
2018091500100086,2018년 9월 15일 05시,토요일,전라북도 남원시 주천면,중상사고,0,1,0,0,차대차 - 기타,안전운전불이행,젖음/습기,기타,교차로 - 교차로안,화물,남,72세,상해없음,건설기계,남,44세,상해없음
2018091500100105,2018년 9월 15일 06시,토요일,전라북도 전주시 완산구 색장동,중상사고,0,2,0,0,차대차 - 측면충돌,직진우회전진행방해,건조,맑음,교차로 - 교차로안,승용,여,67세,중상,승용,남,43세,중상
2018091500100124,2018년 9월 15일 07시,토요일,전라북도 정읍시 북면,경상사고,0,0,1,0,차대차 - 추돌,안전운전불이행,젖음/습기,비,교차로 - 교차로안,화물,남,51세,상해없음,화물,남,56세,경상
2018091500100204,2018년 9월 15일 10시,토요일,전라북도 익산시 함열읍,중상사고,0,2,0,0,차대차 - 측면충돌,안전운전불이행,건조,맑음,단일로 - 기타,건설기계,남,57세,상해없음,승용,남,30세,중상
2018091500100205,2018년 9월 15일 10시,토요일,전라북도 무주군 안성면,중상사고,0,1,0,0,차대차 - 추돌,안전운전불이행,젖음/습기,비,교차로 - 교차로부근,화물,남,69세,상해없음,사륜오토바이(ATV),남,88세,중상
2018091500100243,2018년 9월 15일 11시,토요일,전라북도 정읍시 산내면,경상사고,0,0,1,0,차대차 - 측면충돌,중앙선침범,젖음/습기,비,단일로 - 기타,승용,여,57세,상해없음,승용,남,40세,경상
2018091500100282,2018년 9월 15일 12시,토요일,전라북도 익산시 함열읍,경상사고,0,0,1,0,차대사람 - 횡단중,안전운전불이행,건조,맑음,단일로 - 기타,화물,남,66세,상해없음,보행자,여,77세,경상
2018091500100283,2018년 9월 15일 12시,토요일,전라북도 정읍시 연지동,경상사고,0,0,5,0,차대차 - 추돌,안전운전불이행,젖음/습기,흐림,단일로 - 기타,승용,남,27세,경상,화물,남,48세,경상
2018091500100320,2018년 9월 15일 13시,토요일,전라북도 김제시 봉남면,경상사고,0,0,2,0,차대차 - 추돌,안전운전불이행,건조,맑음,단일로 - 기타,승용,여,40세,상해없음,승용,남,56세,경상
2018091500100321,2018년 9월 15일 13시,토요일,전라북도 순창군 풍산면,경상사고,0,0,2,1,차대차 - 정면충돌,안전운전불이행,젖음/습기,비,단일로 - 기타,승용,여,58세,부상신고,화물,남,48세,경상
2018091500100354,2018년 9월 15일 14시,토요일,전라북도 고창군 무장면,사망사고,1,6,0,0,차대차 - 측면충돌,신호위반,건조,맑음,교차로 - 교차로안,승용,남,63세,상해없음,승용,남,55세,중상
2018091500100389,2018년 9월 15일 15시,토요일,전라북도 군산시 수송동,부상신고사고,0,0,0,1,차대사람 - 기타,안전운전불이행,건조,맑음,단일로 - 기타,승용,여,28세,기타불명,보행자,남,15세,부상신고
2018091500100425,2018년 9월 15일 16시,토요일,전라북도 전주시 완산구 효자동3가,경상사고,0,0,1,0,차대차 - 추돌,안전운전불이행,건조,맑음,교차로 - 교차로부근,승용,남,49세,상해없음,화물,남,62세,경상
2018091500100426,2018년 9월 15일 16시,토요일,전라북도 전주시 덕진구 송천동2가,부상신고사고,0,0,0,1,차대차 - 측면충돌,안전운전불이행,젖음/습기,흐림,교차로 - 교차로안,승용,남,59세,상해없음,승용,여,37세,부상신고
2018091500100427,2018년 9월 15일 16시,토요일,전라북도 익산시 낭산면,부상신고사고,0,0,0,1,차대차 - 측면충돌,직진우회전진행방해,건조,맑음,교차로 - 교차로안,이륜,여,63세,부상신고,승용,남,40세,상해없음
2018091500100428,2018년 9월 15일 16시,토요일,전라북도 부안군 줄포면,중상사고,0,1,5,0,차대차 - 측면충돌,안전운전불이행,건조,맑음,교차로 - 교차로안,승용,여,44세,상해없음,승용,여,34세,경상
2018091500100466,2018년 9월 15일 17시,토요일,전라북도 부안군 부안읍,중상사고,0,1,1,0,차대사람 - 횡단중,안전운전불이행,건조,맑음,단일로 - 기타,이륜,남,66세,경상,보행자,여,76세,중상
2018091500100504,2018년 9월 15일 18시,토요일,전라북도 익산시 남중동,중상사고,0,1,0,0,차대사람 - 기타,안전운전불이행,건조,맑음,단일로 - 기타,승용,여,22세,상해없음,보행자,남,54세,중상
2018091500100532,2018년 9월 15일 19시,토요일,전라북도 전주시 완산구 중화산동2가,중상사고,0,1,0,0,차대사람 - 횡단중,보행자보호의무위반,건조,맑음,단일로 - 기타,승용,남,37세,상해없음,보행자,여,42세,중상
2018091500100533,2018년 9월 15일 19시,토요일,전라북도 군산시 소룡동,경상사고,0,0,3,0,차대차 - 정면충돌,안전운전불이행,건조,맑음,교차로 - 교차로안,승용,남,36세,상해없음,승용,남,49세,경상
2018091500100534,2018년 9월 15일 19시,토요일,전라북도 익산시 영등동,중상사고,0,1,0,0,차대차 - 측면충돌,중앙선침범,건조,맑음,단일로 - 기타,승용,남,26세,상해없음,이륜,남,24세,중상
2018091500100566,2018년 9월 15일 20시,토요일,전라북도 남원시 고죽동,경상사고,0,0,1,0,차대차 - 측면충돌,안전운전불이행,젖음/습기,흐림,단일로 - 기타,승용,남,58세,상해없음,승용,남,40세,경상
2018091500100651,2018년 9월 15일 23시,토요일,전라북도 정읍시 구룡동,경상사고,0,0,2,0,차대차 - 정면충돌,직진우회전진행방해,건조,맑음,교차로 - 교차로안,승용,남,32세,상해없음,승용,여,25세,경상
2018091600100027,2018년 9월 16일 01시,일요일,전라북도 완주군 이서면,경상사고,0,0,1,0,차대차 - 추돌,안전운전불이행,건조,맑음,단일로 - 기타,승용,남,25세,상해없음,승용,여,39세,경상
2018091600100066,2018년 9월 16일 04시,일요일,전라북도 군산시 경장동,경상사고,0,0,1,0,차대차 - 측면충돌,신호위반,건조,맑음,교차로 - 교차로안,승용,남,38세,상해없음,승용,남,47세,경상
2018091600100080,2018년 9월 16일 05시,일요일,전라북도 정읍시 시기동,사망사고,1,0,0,0,차대차 - 추돌,안전운전불이행,건조,흐림,단일로 - 기타,승용,남,19세,상해없음,자전거,여,56세,사망
2018091600100094,2018년 9월 16일 06시,일요일,전라북도 군산시 성산면,사망사고,1,0,0,0,차대차 - 기타,안전운전불이행,건조,흐림,단일로 - 기타,이륜,남,57세,사망,화물,남,55세,상해없음
2018091600100170,2018년 9월 16일 10시,일요일,전라북도 전주시 덕진구 송천동1가,경상사고,0,0,2,0,차대차 - 측면충돌,안전운전불이행,건조,흐림,단일로 - 기타,승용,남,51세,상해없음,승용,여,43세,경상
2018091600100213,2018년 9월 16일 12시,일요일,전라북도 장수군 장수읍,경상사고,0,0,1,0,차대사람 - 차도통행중,안전운전불이행,건조,맑음,기타 - 기타,승용,남,69세,상해없음,보행자,여,61세,경상
2018091600100241,2018년 9월 16일 13시,일요일,전라북도 익산시 석왕동,경상사고,0,0,3,0,차대차 - 측면충돌,직진우회전진행방해,건조,맑음,교차로 - 교차로안,승용,남,75세,상해없음,승용,남,24세,경상
2018091600100270,2018년 9월 16일 14시,일요일,전라북도 전주시 덕진구 금암동,중상사고,0,1,0,0,차대차 - 기타,중앙선침범,건조,흐림,기타 - 기타,승용,남,40세,상해없음,승합,남,48세,중상
2018091600100271,2018년 9월 16일 14시,일요일,전라북도 진안군 성수면,경상사고,0,0,1,0,차대차 - 정면충돌,중앙선침범,젖음/습기,비,단일로 - 기타,화물,남,52세,상해없음,화물,남,42세,경상
2018091600100304,2018년 9월 16일 15시,일요일,전라북도 고창군 무장면,경상사고,0,0,3,0,차대차 - 기타,안전거리미확보,기타,흐림,단일로 - 기타,승용,여,32세,상해없음,승용,여,42세,경상
2018091600100390,2018년 9월 16일 17시,일요일,전라북도 전주시 덕진구 인후동1가,경상사고,0,0,1,0,차대차 - 기타,직진우회전진행방해,건조,기타,교차로 - 교차로안,승용,남,69세,상해없음,승용,남,46세,경상
2018091600100446,2018년 9월 16일 19시,일요일,전라북도 정읍시 수성동,중상사고,0,1,0,0,차대사람 - 횡단중,안전운전불이행,건조,맑음,단일로 - 교량,이륜,남,20세,상해없음,보행자,여,59세,중상
2018091600100472,2018년 9월 16일 20시,일요일,전라북도 전주시 덕진구 장동,경상사고,0,0,1,5,차대차 - 측면충돌,안전운전불이행,건조,맑음,교차로 - 교차로안,승용,남,26세,상해없음,승합,남,54세,경상
2018091600100473,2018년 9월 16일 20시,일요일,전라북도 전주시 덕진구 금암동,경상사고,0,0,2,0,차대차 - 측면충돌,안전운전불이행,건조,맑음,교차로 - 교차로안,승용,남,22세,상해없음,승용,남,51세,경상
2018091600100528,2018년 9월 16일 23시,일요일,전라북도 완주군 삼례읍,중상사고,0,1,0,0,차대차 - 측면충돌,교차로운행방법위반,건조,맑음,교차로 - 교차로안,승용,남,30세,상해없음,이륜,남,24세,중상
2018091700100041,2018년 9월 17일 05시,월요일,전라북도 임실군 성수면,사망사고,1,0,0,0,차대사람 - 차도통행중,안전운전불이행,건조,맑음,단일로 - 기타,승용,여,24세,상해없음,보행자,여,48세,사망
2018091700100081,2018년 9월 17일 07시,월요일,전라북도 전주시 완산구 중화산동2가,경상사고,0,0,1,0,차대차 - 기타,안전운전불이행,건조,맑음,교차로 - 교차로안,승용,여,38세,상해없음,원동기,남,30세,경상
2018091700100082,2018년 9월 17일 07시,월요일,전라북도 전주시 완산구 석구동,경상사고,0,0,6,0,차대차 - 기타,안전운전불이행,건조,맑음,단일로 - 기타,승용,남,46세,경상,승용,남,58세,경상
2018091700100083,2018년 9월 17일 07시,월요일,전라북도 군산시 구암동,경상사고,0,0,1,0,차대차 - 기타,직진우회전진행방해,건조,맑음,교차로 - 교차로안,승용,여,55세,상해없음,건설기계,남,56세,경상
2018091700100084,2018년 9월 17일 07시,월요일,전라북도 군산시 소룡동,경상사고,0,0,1,0,차대차 - 기타,안전거리미확보,건조,맑음,단일로 - 기타,건설기계,남,66세,상해없음,승용,남,54세,경상
2018091700100085,2018년 9월 17일 07시,월요일,전라북도 군산시 산북동,경상사고,0,0,1,0,차대차 - 기타,신호위반,건조,맑음,교차로 - 교차로안,승용,남,59세,상해없음,건설기계,남,41세,경상
2018091700100086,2018년 9월 17일 07시,월요일,전라북도 장수군 계남면,중상사고,0,1,0,0,차대사람 - 횡단중,안전운전불이행,건조,맑음,기타 - 기타,화물,남,52세,상해없음,보행자,남,79세,중상
2018091700100124,2018년 9월 17일 08시,월요일,전라북도 전주시 완산구 효자동3가,경상사고,0,0,2,0,차대차 - 측면충돌,안전운전불이행,건조,맑음,단일로 - 기타,건설기계,남,39세,상해없음,승용,여,43세,경상
2018091700100164,2018년 9월 17일 09시,월요일,전라북도 전주시 완산구 효자동3가,경상사고,0,0,4,0,차대차 - 기타,안전운전불이행,건조,맑음,교차로 - 교차로안,승용,남,49세,상해없음,승용,남,38세,경상
2018091700100165,2018년 9월 17일 09시,월요일,전라북도 정읍시 옹동면,경상사고,0,0,1,0,차대차 - 측면충돌,직진우회전진행방해,건조,맑음,교차로 - 교차로안,승용,남,51세,상해없음,이륜,남,73세,경상
2018091700100225,2018년 9월 17일 11시,월요일,전라북도 전주시 완산구 중화산동1가,중상사고,0,1,0,0,차대차 - 기타,안전운전불이행,건조,맑음,단일로 - 기타,승용,남,80세,상해없음,이륜,남,75세,중상
2018091700100226,2018년 9월 17일 11시,월요일,전라북도 전주시 완산구 효자동1가,경상사고,0,0,1,0,차대차 - 기타,신호위반,건조,맑음,교차로 - 교차로안,승용,여,28세,상해없음,승용,여,31세,경상
2018091700100244,2018년 9월 17일 12시,월요일,전라북도 전주시 완산구 삼천동1가,중상사고,0,1,1,0,차대차 - 추돌,신호위반,건조,맑음,교차로 - 교차로안,승용,여,55세,경상,승용,여,52세,중상
2018091700100245,2018년 9월 17일 12시,월요일,전라북도 전주시 덕진구 우아동3가,경상사고,0,0,2,0,차대차 - 측면충돌,교차로운행방법위반,건조,맑음,교차로 - 교차로부근,승용,남,64세,상해없음,승용,남,42세,경상
2018091700100246,2018년 9월 17일 12시,월요일,전라북도 전주시 덕진구 여의동,중상사고,0,2,2,0,차대차 - 측면충돌,신호위반,건조,맑음,교차로 - 교차로안,승용,남,82세,상해없음,승용,여,58세,경상
2018091700100247,2018년 9월 17일 12시,월요일,전라북도 정읍시 산외면,중상사고,0,1,0,0,차대사람 - 횡단중,안전운전불이행,건조,맑음,교차로 - 교차로안,화물,남,60세,상해없음,보행자,여,75세,중상
2018091700100281,2018년 9월 17일 13시,월요일,전라북도 군산시 서흥남동,경상사고,0,0,1,0,차대차 - 측면충돌,신호위반,건조,맑음,교차로 - 교차로안,승용,남,70세,상해없음,승용,남,35세,경상
2018091700100311,2018년 9월 17일 14시,월요일,전라북도 전주시 덕진구 진북동,중상사고,0,1,2,0,차대차 - 추돌,안전운전불이행,건조,맑음,단일로 - 터널,화물,남,36세,상해없음,승용,여,43세,중상
2018091700100398,2018년 9월 17일 16시,월요일,전라북도 남원시 월락동,중상사고,0,2,2,0,차대차 - 정면충돌,중앙선침범,건조,맑음,교차로 - 교차로부근,승용,남,66세,상해없음,승용,남,38세,중상
2018091700100399,2018년 9월 17일 16시,월요일,전라북도 순창군 순창읍,중상사고,0,1,0,0,차대사람 - 기타,안전운전불이행,건조,맑음,단일로 - 기타,승용,여,52세,상해없음,보행자,여,84세,중상
2018091700100445,2018년 9월 17일 17시,월요일,전라북도 전주시 완산구 중화산동2가,경상사고,0,0,1,0,차대차 - 정면충돌,안전운전불이행,건조,맑음,단일로 - 기타,기타불명,기타불명,미분류,기타불명,자전거,남,10세,경상
2018091700100446,2018년 9월 17일 17시,월요일,전라북도 전주시 덕진구 금암동,경상사고,0,0,2,0,차대차 - 측면충돌,교차로운행방법위반,건조,맑음,교차로 - 교차로안,승용,여,43세,상해없음,승용,여,28세,경상
2018091700100447,2018년 9월 17일 17시,월요일,전라북도 익산시 영등동,중상사고,0,1,0,0,차대사람 - 횡단중,안전운전불이행,건조,맑음,단일로 - 기타,승용,남,44세,상해없음,보행자,여,70세,중상
2018091700100499,2018년 9월 17일 18시,월요일,전라북도 김제시 백구면,경상사고,0,0,2,0,차대차 - 추돌,안전운전불이행,건조,맑음,단일로 - 기타,승용,여,39세,상해없음,승용,여,39세,경상
2018091700100540,2018년 9월 17일 19시,월요일,전라북도 익산시 창인동1가,중상사고,0,1,0,0,차대차 - 측면충돌,안전운전불이행,건조,맑음,교차로 - 교차로안,승용,남,64세,상해없음,이륜,남,38세,중상
2018091700100541,2018년 9월 17일 19시,월요일,전라북도 남원시 운봉읍,중상사고,0,1,1,0,차대차 - 측면충돌,신호위반,건조,맑음,교차로 - 교차로안,승용,여,68세,중상,승용,여,49세,경상
2018091700100542,2018년 9월 17일 19시,월요일,전라북도 완주군 고산면,중상사고,0,1,0,0,차대사람 - 기타,안전운전불이행,건조,맑음,단일로 - 기타,승용,여,54세,상해없음,보행자,여,72세,중상
2018091700100621,2018년 9월 17일 21시,월요일,전라북도 전주시 덕진구 송천동1가,경상사고,0,0,2,0,차대차 - 기타,안전거리미확보,건조,흐림,교차로 - 교차로안,승용,여,55세,상해없음,승용,남,24세,경상
2018091700100622,2018년 9월 17일 21시,월요일,전라북도 익산시 인화동2가,경상사고,0,0,1,0,차대차 - 측면충돌,직진우회전진행방해,건조,맑음,교차로 - 교차로안,승용,남,52세,상해없음,승합,남,32세,경상
2018091700100671,2018년 9월 17일 23시,월요일,전라북도 전주시 덕진구 송천동2가,경상사고,0,0,1,0,차대차 - 추돌,안전운전불이행,건조,기타,단일로 - 기타,승용,남,74세,상해없음,승용,남,42세,경상
2018091800100009,2018년 9월 18일 00시,화요일,전라북도 전주시 덕진구 고랑동,경상사고,0,0,1,0,차대차 - 측면충돌,안전운전불이행,건조,흐림,단일로 - 기타,승용,남,59세,상해없음,승용,남,55세,경상
2018091800100024,2018년 9월 18일 01시,화요일,전라북도 익산시 신동,경상사고,0,0,1,0,차대차 - 추돌,안전운전불이행,건조,맑음,주차장 - 주차장,승용,남,29세,상해없음,승용,남,21세,경상
2018091800100038,2018년 9월 18일 03시,화요일,전라북도 전주시 완산구 평화동2가,경상사고,0,0,1,0,차량단독 - 공작물충돌,불법유턴,건조,맑음,단일로 - 기타,승용,남,19세,상해없음,,,,
2018091800100090,2018년 9월 18일 07시,화요일,전라북도 전주시 완산구 중화산동2가,경상사고,0,0,2,0,차대차 - 측면충돌,교차로운행방법위반,건조,맑음,교차로 - 교차로안,승용,여,57세,경상,승용,남,25세,경상
2018091800100139,2018년 9월 18일 08시,화요일,전라북도 전주시 완산구 삼천동1가,경상사고,0,0,3,0,차대차 - 측면충돌,불법유턴,건조,맑음,교차로 - 교차로부근,승용,여,45세,경상,승용,남,33세,경상
2018091800100140,2018년 9월 18일 08시,화요일,전라북도 전주시 덕진구 장동,경상사고,0,0,1,0,차대차 - 측면충돌,신호위반,건조,맑음,교차로 - 교차로안,승용,여,40세,상해없음,승용,남,57세,경상
2018091800100189,2018년 9월 18일 09시,화요일,전라북도 전주시 완산구 효자동2가,경상사고,0,0,1,0,차대차 - 기타,교차로운행방법위반,건조,맑음,교차로 - 교차로안,승용,여,46세,상해없음,자전거,남,21세,경상
2018091800100224,2018년 9월 18일 10시,화요일,전라북도 익산시 인화동2가,경상사고,0,0,1,0,차대차 - 정면충돌,직진우회전진행방해,건조,맑음,교차로 - 교차로안,승용,여,69세,상해없음,화물,남,39세,경상
2018091800100225,2018년 9월 18일 10시,화요일,전라북도 남원시 운봉읍,경상사고,0,0,1,0,차대차 - 추돌,안전거리미확보,건조,맑음,단일로 - 기타,화물,남,59세,상해없음,승용,여,40세,경상
2018091800100226,2018년 9월 18일 10시,화요일,전라북도 고창군 고창읍,경상사고,0,0,1,0,차대차 - 측면충돌,직진우회전진행방해,건조,맑음,교차로 - 교차로안,승용,여,70세,상해없음,자전거,남,69세,경상
2018091800100259,2018년 9월 18일 11시,화요일,전라북도 군산시 사정동,경상사고,0,0,2,0,차대차 - 기타,교차로운행방법위반,건조,맑음,단일로 - 기타,승용,남,64세,상해없음,승용,여,60세,경상
2018091800100260,2018년 9월 18일 11시,화요일,전라북도 익산시 중앙동3가,중상사고,0,1,0,0,차대차 - 기타,안전거리미확보,건조,맑음,교차로 - 교차로부근,승용,여,46세,상해없음,이륜,남,48세,중상
2018091800100317,2018년 9월 18일 13시,화요일,전라북도 전주시 완산구 효자동3가,경상사고,0,0,2,0,차대차 - 추돌,안전운전불이행,건조,맑음,교차로 - 교차로부근,승용,남,23세,상해없음,승용,남,35세,경상
2018091800100318,2018년 9월 18일 13시,화요일,전라북도 익산시 인화동1가,경상사고,0,0,2,0,차대차 - 기타,기타,건조,맑음,교차로 - 교차로안,승용,남,47세,상해없음,승용,여,38세,경상
2018091800100355,2018년 9월 18일 14시,화요일,전라북도 전주시 완산구 태평동,경상사고,0,0,1,0,차대사람 - 차도통행중,안전운전불이행,건조,맑음,단일로 - 기타,화물,남,63세,상해없음,보행자,여,49세,경상
2018091800100395,2018년 9월 18일 15시,화요일,전라북도 김제시 백구면,경상사고,0,0,1,0,차대차 - 추돌,안전운전불이행,건조,맑음,단일로 - 기타,화물,남,26세,상해없음,승용,남,57세,경상
2018091800100396,2018년 9월 18일 15시,화요일,전라북도 순창군 인계면,중상사고,0,1,0,0,차대사람 - 기타,안전운전불이행,건조,맑음,교차로 - 교차로부근,승용,여,51세,상해없음,보행자,여,59세,중상
2018091800100449,2018년 9월 18일 16시,화요일,전라북도 군산시 개사동,경상사고,0,0,2,0,차대차 - 기타,안전거리미확보,건조,맑음,교차로 - 교차로안,화물,남,47세,상해없음,승용,여,62세,경상
2018091800100450,2018년 9월 18일 16시,화요일,전라북도 진안군 성수면,중상사고,0,1,1,0,차량단독 - 도로외이탈 - 추락,안전운전불이행,건조,맑음,단일로 - 기타,화물,남,75세,경상,,,,
2018091800100494,2018년 9월 18일 17시,화요일,전라북도 전주시 완산구 삼천동1가,경상사고,0,0,2,0,차대차 - 추돌,신호위반,건조,맑음,교차로 - 교차로안,승용,남,77세,경상,승용,남,60세,경상
2018091800100527,2018년 9월 18일 18시,화요일,전라북도 전주시 덕진구 인후동1가,경상사고,0,0,1,0,차대사람 - 횡단중,보행자보호의무위반,건조,맑음,교차로 - 교차로횡단보도내,승용,남,62세,상해없음,보행자,남,52세,경상
2018091800100528,2018년 9월 18일 18시,화요일,전라북도 전주시 덕진구 송천동2가,경상사고,0,0,4,0,차대차 - 측면충돌,차로위반,건조,맑음,단일로 - 기타,승용,여,52세,상해없음,승용,여,30세,경상
2018091800100529,2018년 9월 18일 18시,화요일,전라북도 익산시 영등동,경상사고,0,0,1,0,차대차 - 기타,안전거리미확보,건조,맑음,단일로 - 기타,승용,남,21세,상해없음,승용,여,21세,경상
2018091800100652,2018년 9월 18일 21시,화요일,전라북도 군산시 경암동,경상사고,0,0,3,0,차대차 - 추돌,안전운전불이행,건조,맑음,교차로 - 교차로부근,승용,남,60세,상해없음,승용,여,55세,경상
2018091800100672,2018년 9월 18일 22시,화요일,전라북도 전주시 완산구 중화산동2가,중상사고,0,1,2,0,차대차 - 측면충돌,안전운전불이행,건조,맑음,교차로 - 교차로안,승용,여,31세,상해없음,승용,여,27세,중상
2018091800100694,2018년 9월 18일 23시,화요일,전라북도 김제시 백산면,경상사고,0,0,1,0,차대차 - 측면충돌,신호위반,건조,맑음,교차로 - 교차로안,승용,남,42세,상해없음,화물,남,58세,경상
2018091900100054,2018년 9월 19일 05시,수요일,전라북도 군산시 금광동,중상사고,0,1,0,0,차대차 - 측면충돌,안전거리미확보,건조,맑음,단일로 - 기타,승용,남,71세,상해없음,화물,남,69세,중상
2018091900100055,2018년 9월 19일 05시,수요일,전라북도 완주군 이서면,사망사고,1,0,0,0,차대사람 - 횡단중,보행자보호의무위반,건조,흐림,교차로 - 교차로횡단보도내,화물,남,40세,상해없음,보행자,여,85세,사망
2018091900100063,2018년 9월 19일 06시,수요일,전라북도 익산시 목천동,중상사고,0,1,0,0,차대차 - 측면충돌,신호위반,건조,맑음,교차로 - 교차로안,화물,남,48세,상해없음,승용,남,35세,중상
2018091900100064,2018년 9월 19일 06시,수요일,전라북도 순창군 순창읍,부상신고사고,0,0,0,1,차대차 - 기타,직진우회전진행방해,건조,맑음,교차로 - 교차로안,이륜,남,81세,부상신고,승용,남,62세,상해없음