사고번호,사고일시,요일,시군구,사고내용,사망자수,중상자수,경상자수,부상신고자수,사고유형,법규위반,노면상태,기상상태,도로형태,가해운전자 차종,가해운전자 성별,가해운전자 연령,가해운전자 상해정도,피해운전자 차종,피해운전자 성별,피해운전자 연령,피해운전자 상해정도
2018091900100093,2018년 9월 19일 07시,수요일,전라북도 전주시 완산구 삼천동1가,경상사고,0,0,1,0,차대차 - 측면충돌,안전거리미확보,건조,맑음,교차로 - 교차로부근,승용,남,73세,상해없음,승용,남,55세,경상
2018091900100094,2018년 9월 19일 07시,수요일,전라북도 장수군 장수읍,중상사고,0,2,4,0,차대차 - 측면충돌,신호위반,건조,맑음,교차로 - 교차로안,승용,남,74세,경상,화물,여,59세,중상
2018091900100134,2018년 9월 19일 08시,수요일,전라북도 전주시 덕진구 송천동2가,부상신고사고,0,0,0,1,차대차 - 기타,직진우회전진행방해,건조,흐림,교차로 - 교차로안,자전거,남,16세,부상신고,승용,여,29세,상해없음
2018091900100168,2018년 9월 19일 09시,수요일,전라북도 남원시 이백면,경상사고,0,0,1,0,차대차 - 기타,안전운전불이행,건조,맑음,단일로 - 기타,승용,남,60세,상해없음,승용,여,33세,경상
2018091900100169,2018년 9월 19일 09시,수요일,전라북도 장수군 산서면,중상사고,0,1,0,0,차대사람 - 횡단중,안전운전불이행,건조,맑음,단일로 - 기타,승용,남,75세,상해없음,보행자,남,82세,중상
2018091900100199,2018년 9월 19일 10시,수요일,전라북도 진안군 진안읍,중상사고,0,1,0,0,차대차 - 기타,안전운전불이행,건조,맑음,단일로 - 기타,화물,남,60세,상해없음,농기계,남,71세,중상
2018091900100356,2018년 9월 19일 15시,수요일,전라북도 군산시 수송동,중상사고,0,1,0,0,차대사람 - 기타,안전운전불이행,건조,맑음,단일로 - 기타,이륜,남,56세,상해없음,보행자,여,7세,중상
2018091900100357,2018년 9월 19일 15시,수요일,전라북도 익산시 모현동1가,중상사고,0,1,0,0,차대차 - 추돌,안전운전불이행,건조,맑음,단일로 - 기타,화물,남,65세,상해없음,승용,여,42세,중상
2018091900100358,2018년 9월 19일 15시,수요일,전라북도 김제시 신풍동,사망사고,1,0,0,0,차대차 - 측면충돌,안전운전불이행,건조,맑음,교차로 - 교차로안,이륜,남,66세,사망,승용,남,82세,상해없음
2018091900100431,2018년 9월 19일 17시,수요일,전라북도 전주시 덕진구 금암동,중상사고,0,1,1,0,차대차 - 측면충돌,신호위반,건조,맑음,교차로 - 교차로안,이륜,남,18세,경상,이륜,남,28세,중상
2018091900100432,2018년 9월 19일 17시,수요일,전라북도 익산시 송학동,중상사고,0,1,1,0,차대차 - 측면충돌,직진우회전진행방해,건조,맑음,교차로 - 교차로안,승합,남,51세,상해없음,승용,남,63세,중상
2018091900100433,2018년 9월 19일 17시,수요일,전라북도 부안군 부안읍,경상사고,0,0,2,0,차대사람 - 횡단중,보행자보호의무위반,건조,맑음,교차로 - 교차로횡단보도내,승용,남,58세,상해없음,보행자,여,7세,경상
2018091900100549,2018년 9월 19일 19시,수요일,전라북도 전주시 덕진구 동산동,경상사고,0,0,1,0,차대사람 - 기타,안전운전불이행,건조,맑음,단일로 - 기타,화물,남,60세,상해없음,보행자,남,57세,경상
2018091900100550,2018년 9월 19일 19시,수요일,전라북도 군산시 나운동,경상사고,0,0,2,0,차대차 - 추돌,안전거리미확보,건조,맑음,단일로 - 기타,승용,남,45세,상해없음,승용,남,61세,경상
2018091900100585,2018년 9월 19일 20시,수요일,전라북도 전주시 덕진구 덕진동1가,경상사고,0,0,1,0,차대차 - 측면충돌,안전운전불이행,건조,맑음,교차로 - 교차로안,승용,여,49세,상해없음,승용,여,46세,경상
2018091900100586,2018년 9월 19일 20시,수요일,전라북도 무주군 적상면,경상사고,0,0,1,0,차대차 - 추돌,안전운전불이행,건조,맑음,단일로 - 기타,승용,남,33세,상해없음,승용,남,84세,경상
2018091900100627,2018년 9월 19일 21시,수요일,전라북도 전주시 덕진구 송천동2가,중상사고,0,1,0,0,차대사람 - 횡단중,안전운전불이행,건조,맑음,단일로 - 기타,승용,여,36세,상해없음,보행자,남,49세,중상
2018091900100690,2018년 9월 19일 23시,수요일,전라북도 남원시 쌍교동,경상사고,0,0,1,0,차대차 - 측면충돌,안전운전불이행,건조,흐림,단일로 - 기타,승용,남,49세,상해없음,승용,여,49세,경상
2018092000100032,2018년 9월 20일 01시,목요일,전라북도 전주시 완산구 중화산동2가,중상사고,0,1,1,0,차대차 - 추돌,안전운전불이행,건조,맑음,교차로 - 교차로부근,이륜,남,27세,중상,이륜,남,49세,경상
2018092000100033,2018년 9월 20일 01시,목요일,전라북도 전주시 덕진구 송천동2가,경상사고,0,0,1,0,차대차 - 기타,안전운전불이행,젖음/습기,비,교차로 - 교차로부근,기타불명,기타불명,미분류,기타불명,승용,남,49세,상해없음
2018092000100054,2018년 9월 20일 04시,목요일,전라북도 전주시 완산구 중화산동2가,중상사고,0,1,0,0,차대차 - 측면충돌,신호위반,건조,맑음,교차로 - 교차로부근,승용,남,37세,상해없음,승용,남,62세,중상
2018092000100082,2018년 9월 20일 06시,목요일,전라북도 전주시 완산구 서신동,중상사고,0,1,0,0,차대사람 - 횡단중,보행자보호의무위반,건조,흐림,단일로 - 기타,승용,남,79세,상해없음,보행자,남,59세,중상
2018092000100107,2018년 9월 20일 07시,목요일,전라북도 정읍시 구룡동,경상사고,0,0,2,0,차대차 - 기타,차로위반,건조,맑음,단일로 - 지하차도(도로)내,승용,남,61세,경상,승용,여,66세,경상
2018092000100189,2018년 9월 20일 09시,목요일,전라북도 전주시 덕진구 팔복동1가,중상사고,0,2,0,0,차대차 - 측면충돌,교차로운행방법위반,젖음/습기,비,교차로 - 교차로안,승용,남,26세,상해없음,승용,남,63세,중상
2018092000100212,2018년 9월 20일 10시,목요일,전라북도 김제시 용지면,경상사고,0,0,1,0,차대차 - 측면충돌,안전거리미확보,건조,맑음,단일로 - 기타,이륜,남,75세,상해없음,화물,남,27세,상해없음
2018092000100317,2018년 9월 20일 13시,목요일,전라북도 전주시 덕진구 우아동1가,경상사고,0,0,1,0,차대사람 - 길가장자리구역통행중,불법유턴,건조,흐림,단일로 - 기타,승용,남,52세,상해없음,보행자,여,85세,경상
2018092000100350,2018년 9월 20일 14시,목요일,전라북도 전주시 덕진구 우아동2가,경상사고,0,0,1,0,차대차 - 측면충돌,안전운전불이행,건조,맑음,교차로 - 교차로안,승용,남,43세,상해없음,승용,여,63세,경상
2018092000100351,2018년 9월 20일 14시,목요일,전라북도 정읍시 정우면,경상사고,0,0,2,0,차대차 - 추돌,안전거리미확보,건조,흐림,단일로 - 기타,화물,남,59세,상해없음,화물,남,69세,경상
2018092000100352,2018년 9월 20일 14시,목요일,전라북도 김제시 교동,사망사고,1,0,0,0,차량단독 - 공작물충돌,안전운전불이행,건조,맑음,단일로 - 기타,이륜,남,70세,사망,,,,
2018092000100394,2018년 9월 20일 15시,목요일,전라북도 남원시 천거동,중상사고,0,1,2,0,차대차 - 측면충돌,신호위반,건조,맑음,교차로 - 교차로안,화물,남,76세,경상,승용,여,48세,중상
2018092000100432,2018년 9월 20일 16시,목요일,전라북도 정읍시 수성동,경상사고,0,0,1,0,차대차 - 추돌,안전운전불이행,젖음/습기,비,교차로 - 교차로부근,건설기계,남,42세,상해없음,승용,남,67세,경상
2018092000100433,2018년 9월 20일 16시,목요일,전라북도 완주군 삼례읍,중상사고,0,1,0,0,차대차 - 측면충돌,안전운전불이행,건조,맑음,교차로 - 교차로부근,승용,남,53세,상해없음,원동기,남,55세,중상
2018092000100483,2018년 9월 20일 17시,목요일,전라북도 정읍시 수성동,중상사고,0,1,2,0,차대차 - 측면충돌,안전거리미확보,젖음/습기,비,단일로 - 기타,승용,남,56세,상해없음,승합,남,50세,경상
2018092000100527,2018년 9월 20일 18시,목요일,전라북도 전주시 완산구 전동,경상사고,0,0,4,0,차대차 - 추돌,안전운전불이행,젖음/습기,비,교차로 - 교차로부근,승용,남,54세,상해없음,승용,남,52세,경상
2018092000100528,2018년 9월 20일 18시,목요일,전라북도 군산시 조촌동,경상사고,0,0,1,0,차대차 - 기타,안전운전불이행,건조,맑음,교차로 - 교차로안,승용,여,45세,상해없음,이륜,남,18세,경상
2018092000100529,2018년 9월 20일 18시,목요일,전라북도 김제시 검산동,중상사고,0,1,0,0,차대사람 - 횡단중,신호위반,건조,맑음,교차로 - 교차로안,승용,남,67세,상해없음,보행자,남,9세,중상
2018092000100530,2018년 9월 20일 18시,목요일,전라북도 순창군 순창읍,중상사고,0,1,0,0,차대차 - 기타,중앙선침범,젖음/습기,비,단일로 - 기타,화물,남,55세,상해없음,화물,여,59세,중상
2018092000100595,2018년 9월 20일 19시,목요일,전라북도 남원시 고죽동,경상사고,0,0,1,0,차대차 - 기타,안전운전불이행,건조,맑음,단일로 - 기타,이륜,남,26세,경상,이륜,남,37세,상해없음
2018092000100651,2018년 9월 20일 20시,목요일,전라북도 익산시 영등동,경상사고,0,0,1,0,차대사람 - 횡단중,안전운전불이행,젖음/습기,비,단일로 - 기타,승용,여,24세,상해없음,보행자,남,16세,경상
2018092000100717,2018년 9월 20일 22시,목요일,전라북도 군산시 나운동,경상사고,0,0,1,0,차대사람 - 횡단중,안전운전불이행,젖음/습기,비,교차로 - 교차로부근,승용,남,46세,상해없음,보행자,여,18세,경상
2018092100100016,2018년 9월 21일 00시,금요일,전라북도 완주군 봉동읍,경상사고,0,0,2,0,차대차 - 측면충돌,신호위반,젖음/습기,비,교차로 - 교차로안,승용,여,45세,상해없음,승용,여,46세,경상
2018092100100037,2018년 9월 21일 01시,금요일,전라북도 전주시 덕진구 금암동,중상사고,0,1,0,0,차대사람 - 차도통행중,안전운전불이행,건조,맑음,단일로 - 기타,승용,남,59세,상해없음,보행자,남,39세,중상
2018092100100087,2018년 9월 21일 05시,금요일,전라북도 부안군 줄포면,사망사고,1,0,1,0,차대차 - 추돌,안전운전불이행,젖음/습기,비,단일로 - 기타,화물,남,56세,사망,특수,남,60세,경상
2018092100100103,2018년 9월 21일 06시,금요일,전라북도 전주시 덕진구 금암동,사망사고,1,0,0,0,차대사람 - 횡단중,과속,젖음/습기,비,교차로 - 교차로부근,승합,남,55세,상해없음,보행자,남,66세,사망
2018092100100104,2018년 9월 21일 06시,금요일,전라북도 군산시 금암동,중상사고,0,1,0,0,차대차 - 기타,안전운전불이행,젖음/습기,비,교차로 - 교차로부근,건설기계,남,43세,상해없음,화물,여,55세,중상
2018092100100128,2018년 9월 21일 07시,금요일,전라북도 전주시 덕진구 송천동2가,경상사고,0,0,1,0,차대차 - 기타,불법유턴,젖음/습기,비,교차로 - 교차로부근,승용,남,51세,상해없음,화물,남,61세,경상
2018092100100158,2018년 9월 21일 08시,금요일,전라북도 남원시 송동면,중상사고,0,2,0,0,차대차 - 기타,안전운전불이행,젖음/습기,맑음,단일로 - 기타,승용,남,29세,중상,승용,여,25세,상해없음
2018092100100159,2018년 9월 21일 08시,금요일,전라북도 완주군 삼례읍,경상사고,0,0,2,0,차대차 - 측면충돌,안전운전불이행,젖음/습기,흐림,기타 - 기타,승용,여,35세,상해없음,승용,남,47세,경상
2018092100100206,2018년 9월 21일 09시,금요일,전라북도 전주시 덕진구 덕진동1가,중상사고,0,1,0,0,차대사람 - 횡단중,안전운전불이행,젖음/습기,비,단일로 - 기타,승용,여,56세,상해없음,보행자,여,70세,중상
2018092100100207,2018년 9월 21일 09시,금요일,전라북도 군산시 수송동,경상사고,0,0,1,0,차대차 - 추돌,안전운전불이행,건조,맑음,교차로 - 교차로안,승용,남,53세,상해없음,승용,남,45세,경상
2018092100100208,2018년 9월 21일 09시,금요일,전라북도 익산시 어양동,경상사고,0,0,2,0,차대차 - 측면충돌,신호위반,젖음/습기,비,교차로 - 교차로안,화물,남,64세,상해없음,승용,남,35세,경상
2018092100100248,2018년 9월 21일 10시,금요일,전라북도 익산시 왕궁면,경상사고,0,0,5,0,차대차 - 기타,안전운전불이행,젖음/습기,비,단일로 - 기타,화물,남,51세,상해없음,승용,남,35세,경상
2018092100100286,2018년 9월 21일 11시,금요일,전라북도 군산시 해망동,경상사고,0,0,1,0,차대차 - 측면충돌,신호위반,젖음/습기,맑음,교차로 - 교차로안,화물,여,44세,상해없음,승용,여,44세,경상
2018092100100287,2018년 9월 21일 11시,금요일,전라북도 김제시 신풍동,중상사고,0,1,0,0,차대사람 - 차도통행중,안전운전불이행,젖음/습기,비,교차로 - 교차로안,승용,여,62세,상해없음,보행자,여,72세,중상
2018092100100288,2018년 9월 21일 11시,금요일,전라북도 김제시 요촌동,중상사고,0,1,0,0,차대사람 - 길가장자리구역통행중,안전운전불이행,젖음/습기,비,단일로 - 기타,승용,남,45세,상해없음,보행자,여,73세,중상
2018092100100289,2018년 9월 21일 11시,금요일,전라북도 무주군 무주읍,중상사고,0,1,0,0,차량단독 - 공작물충돌,안전운전불이행,건조,맑음,교차로 - 교차로부근,승합,남,64세,상해없음,,,,
2018092100100319,2018년 9월 21일 12시,금요일,전라북도 정읍시 신태인읍,경상사고,0,0,1,0,차대차 - 측면충돌,불법유턴,젖음/습기,비,단일로 - 교량,승용,남,44세,상해없음,화물,남,56세,경상
2018092100100362,2018년 9월 21일 13시,금요일,전라북도 전주시 완산구 다가동3가,경상사고,0,0,1,0,차대차 - 기타,안전운전불이행,건조,맑음,교차로 - 교차로안,승용,남,42세,상해없음,승용,여,38세,경상
2018092100100363,2018년 9월 21일 13시,금요일,전라북도 전주시 덕진구 송천동2가,중상사고,0,1,0,0,차대사람 - 횡단중,보행자보호의무위반,젖음/습기,흐림,교차로 - 교차로안,승용,여,23세,상해없음,보행자,여,72세,중상
2018092100100364,2018년 9월 21일 13시,금요일,전라북도 정읍시 구룡동,중상사고,0,1,0,0,차대차 - 측면충돌,불법유턴,건조,맑음,단일로 - 교량,승용,여,49세,상해없음,이륜,여,70세,중상
2018092100100365,2018년 9월 21일 13시,금요일,전라북도 부안군 계화면,경상사고,0,0,1,0,차량단독 - 도로외이탈 - 추락,안전운전불이행,건조,흐림,단일로 - 기타,승용,남,70세,경상,,,,
2018092100100508,2018년 9월 21일 16시,금요일,전라북도 익산시 팔봉동,중상사고,0,1,0,0,차대사람 - 횡단중,신호위반,건조,맑음,교차로 - 교차로부근,승용,여,58세,상해없음,보행자,여,7세,중상
2018092100100571,2018년 9월 21일 17시,금요일,전라북도 전주시 완산구 중앙동3가,중상사고,0,1,0,0,차대차 - 기타,신호위반,건조,맑음,단일로 - 기타,승용,여,55세,상해없음,자전거,남,63세,중상
2018092100100628,2018년 9월 21일 18시,금요일,전라북도 전주시 완산구 효자동2가,경상사고,0,0,1,0,차대사람 - 기타,안전운전불이행,건조,맑음,단일로 - 기타,승용,남,43세,상해없음,보행자,남,29세,경상
2018092100100629,2018년 9월 21일 18시,금요일,전라북도 전주시 덕진구 만성동,경상사고,0,0,1,0,차대차 - 추돌,안전운전불이행,건조,맑음,단일로 - 기타,승용,남,33세,상해없음,승용,남,32세,경상
2018092100100630,2018년 9월 21일 18시,금요일,전라북도 정읍시 상동,중상사고,0,1,0,0,차대사람 - 횡단중,안전운전불이행,건조,맑음,단일로 - 교량,승용,여,36세,상해없음,보행자,여,7세,중상
2018092100100680,2018년 9월 21일 19시,금요일,전라북도 군산시 삼학동,경상사고,0,0,2,0,차대차 - 기타,교차로운행방법위반,젖음/습기,흐림,교차로 - 교차로안,승용,여,46세,상해없음,승용,남,52세,경상
2018092100100735,2018년 9월 21일 20시,금요일,전라북도 익산시 용안면,경상사고,0,0,1,0,차대차 - 측면충돌,중앙선침범,건조,흐림,단일로 - 기타,승용,남,64세,상해없음,화물,남,39세,경상
2018092100100736,2018년 9월 21일 20시,금요일,전라북도 장수군 천천면,경상사고,0,0,1,0,차대차 - 추돌,안전운전불이행,건조,맑음,단일로 - 교량,화물,남,45세,상해없음,승용,남,60세,경상
2018092200100014,2018년 9월 22일 00시,토요일,전라북도 전주시 완산구 삼천동1가,사망사고,1,0,0,0,차대사람 - 차도통행중,안전운전불이행,건조,맑음,단일로 - 기타,승용,남,63세,상해없음,보행자,남,64세,사망
2018092200100015,2018년 9월 22일 00시,토요일,전라북도 전주시 완산구 서노송동,중상사고,0,1,0,0,차대사람 - 기타,중앙선침범,건조,맑음,단일로 - 기타,승용,남,55세,상해없음,보행자,남,56세,중상
2018092200100016,2018년 9월 22일 00시,토요일,전라북도 전주시 완산구 평화동1가,경상사고,0,0,1,0,차대사람 - 횡단중,안전운전불이행,건조,맑음,단일로 - 기타,승용,남,30세,상해없음,보행자,여,50세,경상
2018092200100017,2018년 9월 22일 00시,토요일,전라북도 전주시 덕진구 송천동2가,경상사고,0,0,1,0,차대사람 - 보도통행중,보행자보호의무위반,건조,맑음,교차로 - 교차로횡단보도내,승용,여,42세,상해없음,보행자,남,48세,경상
2018092200100063,2018년 9월 22일 03시,토요일,전라북도 전주시 덕진구 진북동,경상사고,0,0,1,0,차대차 - 기타,교차로운행방법위반,건조,맑음,교차로 - 교차로부근,승용,남,21세,상해없음,승용,남,46세,상해없음
2018092200100081,2018년 9월 22일 04시,토요일,전라북도 익산시 모현동1가,경상사고,0,0,1,0,차대사람 - 기타,안전운전불이행,젖음/습기,안개,단일로 - 기타,승용,남,58세,상해없음,보행자,남,38세,경상
2018092200100159,2018년 9월 22일 09시,토요일,전라북도 전주시 덕진구 우아동3가,중상사고,0,1,0,0,차대차 - 측면충돌,신호위반,건조,맑음,교차로 - 교차로안,화물,여,61세,상해없음,승용,남,69세,중상
2018092200100160,2018년 9월 22일 09시,토요일,전라북도 완주군 용진읍,경상사고,0,0,3,0,차대차 - 추돌,안전거리미확보,건조,맑음,단일로 - 기타,승용,남,53세,상해없음,승용,남,34세,경상
2018092200100234,2018년 9월 22일 11시,토요일,전라북도 전주시 완산구 중화산동1가,경상사고,0,0,1,0,차대차 - 측면충돌,신호위반,건조,맑음,교차로 - 교차로안,화물,여,69세,상해없음,승용,남,35세,경상
2018092200100235,2018년 9월 22일 11시,토요일,전라북도 전주시 덕진구 인후동1가,경상사고,0,0,3,0,차대차 - 측면충돌,안전운전불이행,건조,맑음,교차로 - 교차로안,승용,남,60세,상해없음,승용,남,26세,경상
2018092200100236,2018년 9월 22일 11시,토요일,전라북도 전주시 덕진구 진북동,경상사고,0,0,2,0,차대차 - 측면충돌,안전거리미확보,건조,맑음,단일로 - 기타,승용,남,54세,상해없음,승용,남,28세,경상
2018092200100237,2018년 9월 22일 11시,토요일,전라북도 전주시 덕진구 인후동1가,경상사고,0,0,1,0,차대차 - 측면충돌,신호위반,건조,맑음,교차로 - 교차로부근,승용,남,63세,상해없음,승용,남,72세,경상
2018092200100238,2018년 9월 22일 11시,토요일,전라북도 남원시 덕과면,경상사고,0,0,1,0,차대차 - 측면충돌,안전운전불이행,건조,맑음,교차로 - 교차로안,승용,남,49세,상해없음,이륜,남,84세,경상
2018092200100272,2018년 9월 22일 12시,토요일,전라북도 전주시 덕진구 인후동1가,경상사고,0,0,2,0,차대차 - 측면충돌,안전운전불이행,건조,맑음,단일로 - 기타,승용,남,29세,상해없음,승용,여,28세,상해없음
2018092200100273,2018년 9월 22일 12시,토요일,전라북도 군산시 수송동,경상사고,0,0,1,0,차대차 - 측면충돌,교차로운행방법위반,건조,맑음,교차로 - 교차로안,승용,여,26세,상해없음,승용,여,54세,경상
2018092200100274,2018년 9월 22일 12시,토요일,전라북도 정읍시 수성동,경상사고,0,0,2,0,차대차 - 추돌,안전운전불이행,건조,맑음,교차로 - 교차로부근,승용,여,44세,상해없음,승용,남,78세,경상
2018092200100322,2018년 9월 22일 13시,토요일,전라북도 전주시 덕진구 용정동,경상사고,0,0,2,0,차대차 - 측면충돌,안전거리미확보,건조,맑음,단일로 - 기타,특수,남,48세,상해없음,승용,남,34세,경상
2018092200100323,2018년 9월 22일 13시,토요일,전라북도 전주시 덕진구 송천동2가,경상사고,0,0,2,0,차대차 - 추돌,안전운전불이행,건조,맑음,교차로 - 교차로부근,승용,여,41세,상해없음,승용,남,58세,경상
2018092200100366,2018년 9월 22일 14시,토요일,전라북도 전주시 덕진구 인후동1가,경상사고,0,0,4,0,차대차 - 추돌,안전운전불이행,건조,맑음,단일로 - 기타,화물,남,43세,상해없음,승용,남,50세,경상
2018092200100367,2018년 9월 22일 14시,토요일,전라북도 정읍시 소성면,경상사고,0,0,1,0,차대차 - 추돌,안전운전불이행,건조,맑음,교차로 - 교차로부근,승합,남,58세,상해없음,승용,남,56세,경상
2018092200100451,2018년 9월 22일 16시,토요일,전라북도 정읍시 입암면,중상사고,0,1,0,0,차대차 - 정면충돌,중앙선침범,건조,맑음,교차로 - 교차로부근,승용,남,27세,상해없음,화물,남,47세,중상
2018092200100601,2018년 9월 22일 19시,토요일,전라북도 군산시 수송동,경상사고,0,0,2,0,차대차 - 측면충돌,불법유턴,건조,맑음,교차로 - 교차로부근,승용,남,33세,경상,승용,남,42세,경상
2018092200100602,2018년 9월 22일 19시,토요일,전라북도 정읍시 농소동,경상사고,0,0,1,0,차대차 - 정면충돌,신호위반,건조,맑음,교차로 - 교차로안,승용,여,49세,상해없음,승용,남,60세,경상
2018092200100603,2018년 9월 22일 19시,토요일,전라북도 임실군 강진면,중상사고,0,1,0,0,차대사람 - 길가장자리구역통행중,안전운전불이행,건조,맑음,단일로 - 기타,화물,남,48세,상해없음,보행자,남,44세,중상
2018092200100670,2018년 9월 22일 21시,토요일,전라북도 전주시 완산구 태평동,중상사고,0,1,0,0,차대차 - 기타,중앙선침범,건조,맑음,단일로 - 기타,이륜,여,46세,상해없음,이륜,남,26세,중상
2018092200100671,2018년 9월 22일 21시,토요일,전라북도 군산시 미장동,경상사고,0,0,2,0,차대차 - 기타,안전운전불이행,건조,맑음,단일로 - 기타,승용,남,55세,기타불명,승용,남,38세,경상
2018092200100694,2018년 9월 22일 22시,토요일,전라북도 전주시 덕진구 금암동,경상사고,0,0,2,0,차대차 - 측면충돌,신호위반,건조,맑음,교차로 - 교차로안,승용,남,55세,상해없음,승용,남,26세,경상
2018092300100006,2018년 9월 23일 00시,일요일,전라북도 전주시 덕진구 덕진동2가,경상사고,0,0,2,0,차대차 - 측면충돌,신호위반,건조,맑음,교차로 - 교차로안,이륜,남,20세,상해없음,화물,남,57세,경상
2018092300100007,2018년 9월 23일 00시,일요일,전라북도 익산시 마동,경상사고,0,0,4,0,차대차 - 측면충돌,신호위반,건조,맑음,교차로 - 교차로안,승용,남,26세,상해없음,승용,여,44세,경상
2018092300100037,2018년 9월 23일 03시,일요일,전라북도 전주시 덕진구 덕진동2가,경상사고,0,0,3,0,차대차 - 추돌,안전운전불이행,건조,맑음,단일로 - 기타,승용,남,24세,상해없음,승용,남,71세,경상
2018092300100047,2018년 9월 23일 04시,일요일,전라북도 군산시 개정면,중상사고,0,1,0,0,차대차 - 정면충돌,중앙선침범,건조,맑음,단일로 - 기타,승용,남,28세,상해없음,승용,남,63세,중상
2018092300100058,2018년 9월 23일 05시,일요일,전라북도 전주시 완산구 효자동2가,경상사고,0,0,1,0,차대차 - 후진중충돌,불법유턴,건조,맑음,단일로 - 기타,승용,남,26세,상해없음,승용,남,44세,경상
2018092300100115,2018년 9월 23일 10시,일요일,전라북도 전주시 덕진구 덕진동2가,경상사고,0,0,1,0,차대차 - 정면충돌,중앙선침범,건조,맑음,단일로 - 기타,승용,남,52세,상해없음,자전거,남,6세,경상
2018092300100116,2018년 9월 23일 10시,일요일,전라북도 전주시 덕진구 진북동,경상사고,0,0,1,0,차대차 - 측면충돌,안전운전불이행,건조,맑음,교차로 - 교차로안,승용,남,59세,기타불명,승용,여,39세,경상
2018092300100117,2018년 9월 23일 10시,일요일,전라북도 진안군 주천면,경상사고,0,0,3,0,차대차 - 정면충돌,중앙선침범,건조,맑음,단일로 - 기타,승용,남,75세,경상,화물,남,31세,경상
2018092300100165,2018년 9월 23일 12시,일요일,전라북도 무주군 무주읍,경상사고,0,0,1,0,차대차 - 추돌,신호위반,건조,맑음,교차로 - 교차로안,승용,남,52세,상해없음,승용,여,49세,경상
2018092300100177,2018년 9월 23일 13시,일요일,전라북도 전주시 완산구 교동,중상사고,0,1,0,0,차대사람 - 횡단중,안전운전불이행,건조,맑음,단일로 - 기타,원동기,남,37세,상해없음,보행자,여,54세,중상
2018092300100211,2018년 9월 23일 14시,일요일,전라북도 전주시 덕진구 호성동1가,중상사고,0,1,1,0,차대차 - 추돌,안전운전불이행,건조,맑음,단일로 - 기타,승용,남,55세,상해없음,승용,여,46세,중상
2018092300100212,2018년 9월 23일 14시,일요일,전라북도 군산시 구암동,부상신고사고,0,0,0,2,차대차 - 기타,안전거리미확보,건조,맑음,교차로 - 교차로부근,화물,남,62세,상해없음,승용,남,27세,부상신고
2018092300100213,2018년 9월 23일 14시,일요일,전라북도 정읍시 태인면,중상사고,0,1,1,0,차대차 - 측면충돌,불법유턴,건조,맑음,단일로 - 기타,이륜,남,80세,중상,승용,남,58세,경상
2018092300100248,2018년 9월 23일 15시,일요일,전라북도 전주시 덕진구 진북동,경상사고,0,0,1,0,차대사람 - 기타,안전운전불이행,건조,맑음,교차로 - 교차로안,승용,여,53세,상해없음,보행자,남,16세,경상
2018092300100351,2018년 9월 23일 18시,일요일,전라북도 군산시 미룡동,경상사고,0,0,1,0,차대차 - 측면충돌,안전운전불이행,건조,맑음,교차로 - 교차로부근,승용,남,48세,상해없음,이륜,남,45세,경상
2018092300100352,2018년 9월 23일 18시,일요일,전라북도 부안군 백산면,경상사고,0,0,1,0,차량단독 - 도로외이탈 - 기타,안전운전불이행,건조,맑음,단일로 - 기타,사륜오토바이(ATV),남,53세,경상,,,,
2018092300100382,2018년 9월 23일 19시,일요일,전라북도 정읍시 상동,중상사고,0,1,0,0,차량단독 - 전도전복 - 전도,안전운전불이행,건조,맑음,단일로 - 기타,이륜,남,73세,중상,미분류,미분류,미분류,미분류
2018092300100401,2018년 9월 23일 20시,일요일,전라북도 익산시 남중동,경상사고,0,0,1,0,차대차 - 측면충돌,신호위반,건조,맑음,교차로 - 교차로안,승용,남,26세,상해없음,이륜,남,28세,경상
2018092300100422,2018년 9월 23일 21시,일요일,전라북도 군산시 장미동,경상사고,0,0,1,0,차대차 - 측면충돌,교차로운행방법위반,건조,맑음,교차로 - 교차로부근,승용,남,35세,상해없음,승용,남,50세,경상
2018092400100029,2018년 9월 24일 03시,월요일,전라북도 익산시 신동,경상사고,0,0,2,0,차대차 - 측면충돌,안전운전불이행,건조,맑음,교차로 - 교차로안,승용,남,23세,상해없음,승용,남,26세,경상
2018092400100038,2018년 9월 24일 04시,월요일,전라북도 익산시 신동,경상사고,0,0,1,0,차대차 - 측면충돌,안전운전불이행,건조,맑음,교차로 - 교차로안,승용,남,23세,상해없음,승용,여,34세,경상
2018092400100106,2018년 9월 24일 11시,월요일,전라북도 남원시 금동,경상사고,0,0,1,0,차대차 - 추돌,안전운전불이행,건조,맑음,단일로 - 기타,승용,남,51세,상해없음,승용,남,51세,경상
2018092400100108,2018년 9월 24일 11시,월요일,전라북도 전주시 덕진구 용정동,경상사고,0,0,3,0,차대차 - 추돌,안전거리미확보,건조,맑음,단일로 - 기타,승용,남,32세,상해없음,승용,여,35세,경상
2018092400100139,2018년 9월 24일 12시,월요일,전라북도 김제시 금산면,중상사고,0,2,0,0,차대차 - 추돌,안전운전불이행,건조,맑음,단일로 - 기타,승용,남,46세,상해없음,승용,남,42세,상해없음
2018092400100140,2018년 9월 24일 12시,월요일,전라북도 임실군 관촌면,중상사고,0,1,0,0,차대차 - 측면충돌,교차로운행방법위반,건조,맑음,교차로 - 교차로안,승용,남,22세,상해없음,이륜,남,75세,중상