사고번호,사고일시,요일,시군구,사고내용,사망자수,중상자수,경상자수,부상신고자수,사고유형,법규위반,노면상태,기상상태,도로형태,가해운전자 차종,가해운전자 성별,가해운전자 연령,가해운전자 상해정도,피해운전자 차종,피해운전자 성별,피해운전자 연령,피해운전자 상해정도
2018092400100141,2018년 9월 24일 12시,월요일,전라북도 완주군 구이면,중상사고,0,5,2,0,차대차 - 기타,중앙선침범,건조,맑음,단일로 - 기타,승용,남,77세,중상,화물,남,67세,중상
2018092400100170,2018년 9월 24일 13시,월요일,전라북도 전주시 완산구 원당동,경상사고,0,0,4,0,차대차 - 측면충돌,안전운전불이행,건조,맑음,단일로 - 기타,승용,남,53세,상해없음,승용,남,46세,경상
2018092400100227,2018년 9월 24일 15시,월요일,전라북도 익산시 부송동,중상사고,0,1,0,0,차대차 - 추돌,안전거리미확보,건조,맑음,단일로 - 기타,승용,여,25세,상해없음,이륜,남,34세,중상
2018092400100228,2018년 9월 24일 15시,월요일,전라북도 무주군 적상면,중상사고,0,2,1,0,차대차 - 측면충돌,안전운전불이행,건조,맑음,교차로 - 교차로안,승용,남,67세,중상,이륜,남,37세,중상
2018092400100265,2018년 9월 24일 16시,월요일,전라북도 전주시 덕진구 송천동2가,경상사고,0,0,2,0,차대차 - 측면충돌,중앙선침범,건조,맑음,기타 - 기타,승용,남,43세,상해없음,승용,남,32세,경상
2018092400100302,2018년 9월 24일 17시,월요일,전라북도 군산시 비응도동,중상사고,0,3,0,0,차대차 - 측면충돌,교차로운행방법위반,건조,맑음,교차로 - 교차로안,승용,남,60세,상해없음,승용,여,29세,중상
2018092400100327,2018년 9월 24일 18시,월요일,전라북도 군산시 금동,중상사고,0,1,0,0,차대사람 - 기타,안전운전불이행,건조,맑음,단일로 - 기타,승용,남,42세,상해없음,보행자,남,5세,중상
2018092400100328,2018년 9월 24일 18시,월요일,전라북도 부안군 변산면,경상사고,0,0,3,0,차대차 - 측면충돌,중앙선침범,건조,맑음,단일로 - 기타,승용,남,56세,상해없음,승용,여,30세,경상
2018092400100373,2018년 9월 24일 20시,월요일,전라북도 전주시 완산구 중노송동,경상사고,0,0,1,0,차대사람 - 횡단중,안전운전불이행,건조,맑음,교차로 - 교차로안,승용,여,39세,상해없음,보행자,여,68세,경상
2018092400100374,2018년 9월 24일 20시,월요일,전라북도 익산시 황등면,경상사고,0,0,1,0,차대차 - 측면충돌,안전운전불이행,건조,맑음,교차로 - 교차로안,승용,남,55세,상해없음,승용,남,27세,상해없음
2018092400100394,2018년 9월 24일 21시,월요일,전라북도 김제시 연정동,경상사고,0,0,1,0,차대차 - 추돌,안전운전불이행,건조,맑음,교차로 - 교차로안,승용,남,38세,상해없음,승용,여,28세,경상
2018092400100408,2018년 9월 24일 22시,월요일,전라북도 익산시 황등면,중상사고,0,1,0,0,차대사람 - 횡단중,안전운전불이행,건조,맑음,단일로 - 기타,이륜,남,22세,상해없음,보행자,여,38세,중상
2018092500100006,2018년 9월 25일 00시,화요일,전라북도 익산시 여산면,중상사고,0,6,3,1,차대차 - 기타,안전운전불이행,건조,맑음,단일로 - 기타,승용,남,31세,중상,승용,남,65세,상해없음
2018092500100014,2018년 9월 25일 01시,화요일,전라북도 전주시 완산구 중화산동2가,경상사고,0,0,1,0,차대차 - 추돌,안전운전불이행,건조,맑음,교차로 - 교차로부근,승용,남,27세,상해없음,승용,남,29세,경상
2018092500100155,2018년 9월 25일 12시,화요일,전라북도 전주시 완산구 평화동3가,경상사고,0,0,1,0,차대차 - 정면충돌,중앙선침범,건조,맑음,단일로 - 교량,승용,남,48세,기타불명,승용,남,42세,경상
2018092500100156,2018년 9월 25일 12시,화요일,전라북도 전주시 덕진구 진북동,경상사고,0,0,2,0,차대차 - 추돌,안전거리미확보,건조,맑음,교차로 - 교차로부근,화물,남,56세,상해없음,승용,여,49세,경상
2018092500100157,2018년 9월 25일 12시,화요일,전라북도 정읍시 태인면,경상사고,0,0,2,0,차대차 - 추돌,안전운전불이행,건조,맑음,교차로 - 교차로부근,승용,남,25세,상해없음,승용,남,49세,경상
2018092500100190,2018년 9월 25일 13시,화요일,전라북도 익산시 어양동,경상사고,0,0,1,0,차대차 - 기타,신호위반,건조,맑음,교차로 - 교차로안,승용,남,25세,상해없음,승용,남,63세,경상
2018092500100191,2018년 9월 25일 13시,화요일,전라북도 남원시 향교동,경상사고,0,0,1,0,차대사람 - 기타,안전운전불이행,건조,맑음,주차장 - 주차장,승용,남,52세,상해없음,보행자,여,55세,경상
2018092500100210,2018년 9월 25일 14시,화요일,전라북도 군산시 대야면,경상사고,0,0,14,0,차대차 - 추돌,안전거리미확보,건조,맑음,단일로 - 기타,승용,남,53세,경상,승용,남,48세,상해없음
2018092500100211,2018년 9월 25일 14시,화요일,전라북도 남원시 어현동,경상사고,0,0,2,0,차대차 - 후진중충돌,안전운전불이행,건조,맑음,주차장 - 주차장,승용,남,35세,상해없음,승용,남,31세,경상
2018092500100246,2018년 9월 25일 15시,화요일,전라북도 무주군 설천면,중상사고,0,1,0,0,차대차 - 추돌,안전운전불이행,건조,맑음,단일로 - 지하차도(도로)내,승용,남,60세,상해없음,자전거,남,37세,중상
2018092500100272,2018년 9월 25일 16시,화요일,전라북도 익산시 신동,경상사고,0,0,1,0,차대차 - 기타,직진우회전진행방해,건조,맑음,교차로 - 교차로안,승용,남,43세,상해없음,승용,남,61세,상해없음
2018092500100273,2018년 9월 25일 16시,화요일,전라북도 부안군 백산면,사망사고,1,0,0,0,차대사람 - 길가장자리구역통행중,안전운전불이행,건조,맑음,단일로 - 기타,승용,남,54세,상해없음,보행자,여,87세,사망
2018092500100315,2018년 9월 25일 17시,화요일,전라북도 전주시 완산구 효자동3가,경상사고,0,0,4,0,차대차 - 측면충돌,신호위반,건조,맑음,교차로 - 교차로안,이륜,남,24세,상해없음,승용,남,47세,경상
2018092500100344,2018년 9월 25일 18시,화요일,전라북도 김제시 죽산면,경상사고,0,0,2,0,차대차 - 측면충돌,신호위반,건조,맑음,교차로 - 교차로안,승용,남,28세,경상,화물,남,47세,경상
2018092500100345,2018년 9월 25일 18시,화요일,전라북도 무주군 무주읍,중상사고,0,1,0,0,차대차 - 추돌,안전운전불이행,건조,맑음,단일로 - 기타,승용,남,53세,상해없음,농기계,남,60세,중상
2018092500100441,2018년 9월 25일 21시,화요일,전라북도 부안군 부안읍,사망사고,1,0,0,0,차대사람 - 차도통행중,안전운전불이행,건조,맑음,단일로 - 기타,승용,남,66세,상해없음,보행자,남,44세,사망
2018092600100080,2018년 9월 26일 07시,수요일,전라북도 전주시 완산구 효자동3가,경상사고,0,0,3,0,차대차 - 측면충돌,교차로운행방법위반,건조,맑음,교차로 - 교차로안,승용,남,65세,경상,승용,남,31세,경상
2018092600100105,2018년 9월 26일 10시,수요일,전라북도 부안군 부안읍,경상사고,0,0,1,0,차대차 - 측면충돌,안전운전불이행,건조,맑음,교차로 - 교차로부근,자전거,여,79세,경상,승용,남,77세,상해없음
2018092600100129,2018년 9월 26일 11시,수요일,전라북도 김제시 용지면,중상사고,0,1,0,0,차대차 - 측면충돌,안전운전불이행,건조,맑음,단일로 - 기타,승용,남,44세,상해없음,자전거,남,22세,상해없음
2018092600100157,2018년 9월 26일 12시,수요일,전라북도 군산시 조촌동,경상사고,0,0,1,0,차대사람 - 횡단중,안전운전불이행,건조,맑음,교차로 - 교차로안,승용,남,47세,상해없음,보행자,여,6세,경상
2018092600100268,2018년 9월 26일 16시,수요일,전라북도 전주시 덕진구 진북동,경상사고,0,0,4,0,차대차 - 추돌,안전운전불이행,건조,맑음,교차로 - 교차로부근,승용,여,54세,상해없음,승용,여,46세,경상
2018092600100269,2018년 9월 26일 16시,수요일,전라북도 익산시 모현동2가,경상사고,0,0,1,0,차대차 - 측면충돌,신호위반,건조,맑음,교차로 - 교차로안,이륜,남,24세,상해없음,승용,남,65세,경상
2018092600100325,2018년 9월 26일 18시,수요일,전라북도 군산시 나운동,경상사고,0,0,1,0,차대차 - 측면충돌,기타,건조,맑음,단일로 - 기타,승용,남,62세,상해없음,이륜,남,46세,경상
2018092600100326,2018년 9월 26일 18시,수요일,전라북도 김제시 서암동,경상사고,0,0,1,0,차대차 - 추돌,안전거리미확보,건조,맑음,단일로 - 기타,승용,여,38세,상해없음,화물,남,41세,경상
2018092600100362,2018년 9월 26일 19시,수요일,전라북도 전주시 완산구 효자동1가,중상사고,0,1,0,0,차대차 - 추돌,안전운전불이행,건조,맑음,단일로 - 기타,승용,남,60세,상해없음,이륜,남,38세,중상
2018092600100363,2018년 9월 26일 19시,수요일,전라북도 전주시 완산구 동서학동,경상사고,0,0,1,0,차대차 - 정면충돌,신호위반,건조,맑음,교차로 - 교차로안,승용,여,48세,상해없음,승용,남,60세,경상
2018092600100364,2018년 9월 26일 19시,수요일,전라북도 김제시 입석동,사망사고,2,0,0,0,차대사람 - 횡단중,안전운전불이행,건조,맑음,단일로 - 기타,화물,남,32세,상해없음,보행자,남,58세,사망
2018092600100443,2018년 9월 26일 22시,수요일,전라북도 익산시 남중동,경상사고,0,0,1,0,차대차 - 추돌,안전운전불이행,건조,맑음,교차로 - 교차로안,승용,남,36세,상해없음,승용,남,71세,경상
2018092600100461,2018년 9월 26일 23시,수요일,전라북도 완주군 삼례읍,중상사고,0,2,0,0,차대차 - 추돌,안전운전불이행,건조,맑음,단일로 - 기타,이륜,남,23세,중상,승용,남,41세,기타불명
2018092700100003,2018년 9월 27일 00시,목요일,전라북도 전주시 완산구 중노송동,경상사고,0,0,2,0,차대차 - 추돌,신호위반,건조,맑음,교차로 - 교차로안,승용,남,56세,경상,승용,남,60세,경상
2018092700100037,2018년 9월 27일 06시,목요일,전라북도 전주시 완산구 효자동3가,중상사고,0,1,0,0,차대차 - 기타,신호위반,건조,맑음,교차로 - 교차로안,승용,남,24세,상해없음,이륜,남,70세,중상
2018092700100067,2018년 9월 27일 07시,목요일,전라북도 전주시 덕진구 금암동,중상사고,0,1,0,0,차대차 - 측면충돌,안전운전불이행,건조,맑음,단일로 - 기타,승용,남,51세,상해없음,자전거,남,69세,중상
2018092700100068,2018년 9월 27일 07시,목요일,전라북도 정읍시 정우면,사망사고,1,0,0,0,차량단독 - 공작물충돌,안전운전불이행,건조,맑음,단일로 - 기타,화물,남,33세,사망,,,,
2018092700100069,2018년 9월 27일 07시,목요일,전라북도 남원시 송동면,중상사고,0,1,0,0,차대사람 - 차도통행중,안전운전불이행,건조,맑음,단일로 - 기타,화물,남,54세,상해없음,보행자,여,73세,중상
2018092700100111,2018년 9월 27일 08시,목요일,전라북도 전주시 완산구 서신동,경상사고,0,0,1,0,차대차 - 측면충돌,중앙선침범,건조,맑음,교차로 - 교차로부근,자전거,남,22세,경상,승용,여,45세,상해없음
2018092700100148,2018년 9월 27일 09시,목요일,전라북도 익산시 신용동,경상사고,0,0,2,0,차대차 - 측면충돌,안전운전불이행,건조,맑음,교차로 - 교차로안,승용,여,48세,상해없음,승합,남,54세,상해없음
2018092700100149,2018년 9월 27일 09시,목요일,전라북도 익산시 낭산면,중상사고,0,1,0,0,차대차 - 측면충돌,직진우회전진행방해,건조,맑음,교차로 - 교차로안,화물,남,82세,상해없음,이륜,남,73세,중상
2018092700100150,2018년 9월 27일 09시,목요일,전라북도 남원시 왕정동,경상사고,0,0,1,0,차대차 - 측면충돌,신호위반,건조,맑음,교차로 - 교차로안,승용,남,70세,상해없음,승용,남,62세,경상
2018092700100178,2018년 9월 27일 10시,목요일,전라북도 익산시 창인동2가,경상사고,0,0,1,0,차대차 - 측면충돌,안전운전불이행,건조,맑음,교차로 - 교차로안,화물,남,31세,상해없음,승용,여,34세,경상
2018092700100179,2018년 9월 27일 10시,목요일,전라북도 부안군 부안읍,경상사고,0,0,1,0,차대사람 - 횡단중,보행자보호의무위반,건조,맑음,교차로 - 교차로횡단보도내,특수,남,44세,상해없음,보행자,여,78세,경상
2018092700100242,2018년 9월 27일 12시,목요일,전라북도 익산시 신용동,중상사고,0,1,0,0,차대차 - 측면충돌,안전운전불이행,건조,맑음,교차로 - 교차로안,승용,남,19세,상해없음,승용,남,57세,중상
2018092700100321,2018년 9월 27일 14시,목요일,전라북도 전주시 완산구 동서학동,중상사고,0,2,1,0,차대차 - 측면충돌,신호위반,건조,맑음,교차로 - 교차로안,승용,여,45세,상해없음,승용,여,38세,중상
2018092700100322,2018년 9월 27일 14시,목요일,전라북도 전주시 덕진구 인후동2가,부상신고사고,0,0,0,1,차대차 - 기타,안전운전불이행,건조,맑음,단일로 - 기타,승용,남,60세,상해없음,이륜,남,41세,부상신고
2018092700100323,2018년 9월 27일 14시,목요일,전라북도 익산시 창인동1가,경상사고,0,0,1,0,차대차 - 측면충돌,신호위반,건조,맑음,교차로 - 교차로안,승용,남,79세,상해없음,승용,여,59세,경상
2018092700100324,2018년 9월 27일 14시,목요일,전라북도 순창군 순창읍,경상사고,0,0,2,0,차대차 - 기타,안전운전불이행,건조,맑음,단일로 - 기타,승용,남,70세,상해없음,농기계,남,58세,기타불명
2018092700100415,2018년 9월 27일 16시,목요일,전라북도 진안군 성수면,경상사고,0,0,1,0,차대차 - 측면충돌,교차로운행방법위반,건조,맑음,교차로 - 교차로안,승용,남,66세,상해없음,승용,남,32세,경상
2018092700100454,2018년 9월 27일 17시,목요일,전라북도 남원시 동충동,중상사고,0,1,0,0,차대차 - 기타,안전운전불이행,건조,맑음,교차로 - 교차로안,승용,남,63세,상해없음,자전거,남,77세,중상
2018092700100507,2018년 9월 27일 18시,목요일,전라북도 익산시 신동,경상사고,0,0,2,0,차대차 - 추돌,안전운전불이행,건조,맑음,단일로 - 기타,승용,남,56세,상해없음,승용,남,64세,경상
2018092700100508,2018년 9월 27일 18시,목요일,전라북도 고창군 무장면,경상사고,0,0,4,0,차대차 - 기타,차로위반,건조,맑음,단일로 - 기타,승용,남,45세,상해없음,승용,여,49세,경상
2018092700100550,2018년 9월 27일 19시,목요일,전라북도 익산시 중앙동1가,경상사고,0,0,2,0,차대차 - 측면충돌,안전거리미확보,건조,맑음,교차로 - 교차로안,승용,남,58세,상해없음,승용,남,32세,경상
2018092700100551,2018년 9월 27일 19시,목요일,전라북도 김제시 서암동,중상사고,0,1,0,0,차대사람 - 횡단중,보행자보호의무위반,건조,맑음,단일로 - 기타,승용,남,40세,상해없음,보행자,여,69세,중상
2018092700100633,2018년 9월 27일 22시,목요일,전라북도 정읍시 시기동,중상사고,0,1,0,0,차대사람 - 횡단중,보행자보호의무위반,건조,맑음,교차로 - 교차로횡단보도내,승용,남,50세,상해없음,보행자,여,48세,중상
2018092700100654,2018년 9월 27일 23시,목요일,전라북도 전주시 완산구 중화산동2가,경상사고,0,0,2,0,차대차 - 정면충돌,신호위반,건조,맑음,교차로 - 교차로안,승용,남,72세,경상,승용,남,37세,경상
2018092800100031,2018년 9월 28일 03시,금요일,전라북도 군산시 조촌동,경상사고,0,0,2,0,차대차 - 측면충돌,안전운전불이행,건조,맑음,교차로 - 교차로부근,승용,남,27세,상해없음,승용,남,48세,경상
2018092800100093,2018년 9월 28일 08시,금요일,전라북도 정읍시 수성동,경상사고,0,0,2,0,차대차 - 측면충돌,안전운전불이행,건조,맑음,교차로 - 교차로안,승용,여,47세,경상,승용,여,40세,경상
2018092800100188,2018년 9월 28일 11시,금요일,전라북도 군산시 문화동,경상사고,0,0,1,0,차대차 - 기타,신호위반,건조,맑음,교차로 - 교차로안,승용,남,72세,상해없음,승용,남,59세,경상
2018092800100189,2018년 9월 28일 11시,금요일,전라북도 정읍시 태인면,중상사고,0,2,0,0,차대차 - 기타,안전운전불이행,건조,맑음,단일로 - 기타,건설기계,남,63세,상해없음,화물,여,54세,중상
2018092800100190,2018년 9월 28일 11시,금요일,전라북도 완주군 비봉면,경상사고,0,0,1,0,차대사람 - 차도통행중,안전운전불이행,건조,맑음,단일로 - 기타,화물,남,59세,상해없음,보행자,여,86세,경상
2018092800100219,2018년 9월 28일 12시,금요일,전라북도 남원시 이백면,경상사고,0,0,2,0,차대차 - 기타,직진우회전진행방해,건조,맑음,교차로 - 교차로부근,화물,남,64세,상해없음,승용,여,60세,상해없음
2018092800100247,2018년 9월 28일 13시,금요일,전라북도 김제시 검산동,중상사고,0,2,1,0,차대차 - 정면충돌,안전운전불이행,건조,맑음,교차로 - 교차로안,승용,여,60세,상해없음,승용,남,71세,경상
2018092800100248,2018년 9월 28일 13시,금요일,전라북도 부안군 변산면,경상사고,0,0,1,0,차대차 - 후진중충돌,안전운전불이행,건조,맑음,단일로 - 기타,승용,여,71세,상해없음,승용,여,34세,경상
2018092800100302,2018년 9월 28일 15시,금요일,전라북도 전주시 완산구 효자동1가,중상사고,0,1,0,0,차대차 - 측면충돌,안전거리미확보,건조,맑음,단일로 - 기타,승용,남,64세,상해없음,이륜,남,66세,중상
2018092800100335,2018년 9월 28일 16시,금요일,전라북도 전주시 덕진구 금암동,경상사고,0,0,1,0,차대차 - 추돌,안전운전불이행,건조,맑음,단일로 - 기타,승용,남,48세,상해없음,승용,남,34세,경상
2018092800100374,2018년 9월 28일 17시,금요일,전라북도 군산시 대명동,중상사고,0,1,0,0,차대사람 - 기타,안전운전불이행,건조,맑음,단일로 - 기타,승합,남,67세,상해없음,보행자,남,63세,중상
2018092800100375,2018년 9월 28일 17시,금요일,전라북도 익산시 영등동,중상사고,0,1,0,0,차대사람 - 기타,안전운전불이행,건조,맑음,교차로 - 교차로안,승용,남,58세,상해없음,보행자,여,60세,중상
2018092800100376,2018년 9월 28일 17시,금요일,전라북도 김제시 난봉동,중상사고,0,1,0,0,차대차 - 측면충돌,안전운전불이행,건조,맑음,교차로 - 교차로부근,화물,남,65세,상해없음,건설기계,남,57세,상해없음
2018092800100413,2018년 9월 28일 18시,금요일,전라북도 군산시 옥도면,중상사고,0,1,0,0,차량단독 - 기타,안전운전불이행,건조,맑음,교차로 - 교차로안,사륜오토바이(ATV),남,47세,상해없음,,,,
2018092800100440,2018년 9월 28일 19시,금요일,전라북도 정읍시 정우면,경상사고,0,0,2,0,차대차 - 추돌,안전거리미확보,건조,맑음,단일로 - 기타,승용,여,51세,경상,승용,여,54세,경상
2018092800100505,2018년 9월 28일 21시,금요일,전라북도 전주시 덕진구 여의동,경상사고,0,0,1,0,차대차 - 추돌,안전운전불이행,건조,맑음,교차로 - 교차로부근,승용,남,54세,상해없음,승용,여,31세,경상
2018092800100555,2018년 9월 28일 23시,금요일,전라북도 전주시 완산구 효자동3가,경상사고,0,0,2,0,차대차 - 측면충돌,기타,건조,맑음,교차로 - 교차로부근,승용,남,27세,상해없음,승용,남,54세,경상
2018092800100556,2018년 9월 28일 23시,금요일,전라북도 전주시 완산구 서신동,경상사고,0,0,1,0,차대차 - 측면충돌,신호위반,건조,흐림,교차로 - 교차로안,승용,남,18세,상해없음,승용,남,28세,경상
2018092900100015,2018년 9월 29일 00시,토요일,전라북도 군산시 경암동,경상사고,0,0,3,0,차대차 - 기타,신호위반,건조,맑음,교차로 - 교차로안,승용,남,69세,상해없음,승용,남,60세,경상
2018092900100089,2018년 9월 29일 05시,토요일,전라북도 고창군 고수면,중상사고,0,1,1,0,차대차 - 측면충돌,신호위반,건조,맑음,교차로 - 교차로안,승합,남,54세,기타불명,화물,남,69세,경상
2018092900100117,2018년 9월 29일 07시,토요일,전라북도 익산시 금마면,경상사고,0,0,3,0,차대차 - 측면충돌,안전운전불이행,건조,맑음,단일로 - 기타,건설기계,남,72세,상해없음,승용,여,41세,경상
2018092900100151,2018년 9월 29일 09시,토요일,전라북도 전주시 덕진구 장동,중상사고,0,1,0,0,차대사람 - 횡단중,안전운전불이행,건조,맑음,단일로 - 기타,건설기계,남,34세,상해없음,보행자,여,74세,중상
2018092900100152,2018년 9월 29일 09시,토요일,전라북도 익산시 신동,경상사고,0,0,1,0,차대사람 - 횡단중,보행자보호의무위반,건조,맑음,교차로 - 교차로횡단보도내,승용,남,42세,상해없음,보행자,남,50세,경상
2018092900100197,2018년 9월 29일 10시,토요일,전라북도 군산시 서수면,중상사고,0,1,1,0,차대차 - 기타,안전운전불이행,건조,맑음,단일로 - 기타,승용,여,25세,경상,승용,남,45세,중상
2018092900100198,2018년 9월 29일 10시,토요일,전라북도 부안군 부안읍,경상사고,0,0,1,0,차대사람 - 기타,안전운전불이행,건조,맑음,단일로 - 기타,승용,남,60세,상해없음,보행자,남,49세,경상
2018092900100268,2018년 9월 29일 12시,토요일,전라북도 정읍시 상동,경상사고,0,0,2,1,차대차 - 정면충돌,중앙선침범,건조,맑음,교차로 - 교차로부근,승용,남,64세,상해없음,승용,남,44세,부상신고
2018092900100269,2018년 9월 29일 12시,토요일,전라북도 군산시 성산면,사망사고,1,0,0,0,차대차 - 추돌,안전운전불이행,건조,맑음,단일로 - 기타,화물,남,43세,사망,화물,남,54세,상해없음
2018092900100296,2018년 9월 29일 13시,토요일,전라북도 전주시 완산구 효자동2가,경상사고,0,0,2,0,차대차 - 기타,안전운전불이행,건조,맑음,교차로 - 교차로안,이륜,남,27세,상해없음,승용,남,39세,경상
2018092900100297,2018년 9월 29일 13시,토요일,전라북도 전주시 완산구 서신동,중상사고,0,1,1,0,차대차 - 기타,신호위반,건조,맑음,교차로 - 교차로안,승합,남,24세,상해없음,승용,남,42세,중상
2018092900100298,2018년 9월 29일 13시,토요일,전라북도 부안군 부안읍,경상사고,0,0,1,0,차대차 - 측면충돌,신호위반,건조,맑음,교차로 - 교차로안,이륜,남,56세,경상,승용,남,45세,상해없음
2018092900100395,2018년 9월 29일 16시,토요일,전라북도 고창군 고창읍,중상사고,0,1,0,0,차대차 - 기타,안전거리미확보,건조,맑음,단일로 - 기타,승용,남,24세,상해없음,승용,남,52세,중상
2018092900100429,2018년 9월 29일 17시,토요일,전라북도 완주군 봉동읍,경상사고,0,0,3,0,차대차 - 추돌,안전운전불이행,건조,맑음,교차로 - 교차로부근,승용,남,57세,기타불명,승용,남,56세,경상
2018092900100573,2018년 9월 29일 21시,토요일,전라북도 김제시 서암동,사망사고,1,0,0,0,차대차 - 측면충돌,직진우회전진행방해,건조,맑음,교차로 - 교차로안,자전거,남,23세,사망,승용,여,51세,상해없음
2018092900100612,2018년 9월 29일 23시,토요일,전라북도 전주시 완산구 다가동4가,경상사고,0,0,1,0,차대사람 - 기타,안전운전불이행,건조,맑음,단일로 - 기타,승용,남,30세,상해없음,보행자,여,25세,경상
2018092900100613,2018년 9월 29일 23시,토요일,전라북도 김제시 연정동,중상사고,0,1,1,0,차대차 - 추돌,안전운전불이행,건조,맑음,교차로 - 교차로부근,승용,남,52세,상해없음,화물,남,62세,중상
2018093000100064,2018년 9월 30일 06시,일요일,전라북도 익산시 모현동2가,중상사고,0,1,0,0,차대사람 - 차도통행중,안전운전불이행,건조,맑음,교차로 - 교차로안,승용,남,48세,상해없음,보행자,여,76세,중상
2018093000100077,2018년 9월 30일 07시,일요일,전라북도 군산시 중앙로2가,경상사고,0,0,1,0,차대차 - 기타,과속,건조,맑음,단일로 - 기타,승용,남,41세,상해없음,원동기,여,58세,경상
2018093000100078,2018년 9월 30일 07시,일요일,전라북도 부안군 부안읍,중상사고,0,1,1,0,차대차 - 측면충돌,안전운전불이행,건조,맑음,교차로 - 교차로안,승용,여,50세,경상,승용,여,62세,중상
2018093000100116,2018년 9월 30일 09시,일요일,전라북도 남원시 산곡동,경상사고,0,0,1,0,차대차 - 측면충돌,신호위반,건조,맑음,교차로 - 교차로안,승용,남,37세,기타불명,승용,남,60세,경상
2018093000100178,2018년 9월 30일 12시,일요일,전라북도 남원시 향교동,중상사고,0,1,3,0,차대차 - 측면충돌,안전운전불이행,건조,맑음,단일로 - 기타,승용,남,64세,기타불명,화물,남,55세,중상
2018093000100209,2018년 9월 30일 13시,일요일,전라북도 임실군 신평면,경상사고,0,0,1,0,차대차 - 측면충돌,교차로운행방법위반,건조,맑음,교차로 - 교차로안,승용,남,47세,상해없음,화물,남,58세,상해없음
2018093000100284,2018년 9월 30일 15시,일요일,전라북도 익산시 어양동,경상사고,0,0,1,0,차대차 - 측면충돌,안전운전불이행,건조,맑음,단일로 - 기타,승용,여,48세,상해없음,승용,남,64세,경상
2018093000100285,2018년 9월 30일 15시,일요일,전라북도 순창군 순창읍,부상신고사고,0,0,0,1,차대차 - 측면충돌,직진우회전진행방해,건조,맑음,교차로 - 교차로안,자전거,남,9세,부상신고,승용,여,36세,상해없음
2018093000100359,2018년 9월 30일 17시,일요일,전라북도 김제시 검산동,경상사고,0,0,1,0,차대차 - 측면충돌,안전운전불이행,건조,맑음,교차로 - 교차로부근,화물,남,56세,상해없음,승합,남,57세,상해없음
2018093000100429,2018년 9월 30일 19시,일요일,전라북도 김제시 금구면,사망사고,1,0,0,0,차량단독 - 기타,중앙선침범,건조,맑음,단일로 - 기타,승용,남,72세,사망,,,,
2018093000100430,2018년 9월 30일 19시,일요일,전라북도 완주군 봉동읍,중상사고,0,1,0,0,차대사람 - 차도통행중,안전운전불이행,건조,맑음,교차로 - 교차로안,화물,남,57세,상해없음,보행자,남,45세,중상
2018093000100456,2018년 9월 30일 20시,일요일,전라북도 정읍시 수성동,중상사고,0,1,0,0,차대사람 - 횡단중,안전운전불이행,건조,맑음,단일로 - 기타,이륜,남,26세,상해없음,보행자,여,54세,중상
2018093000100476,2018년 9월 30일 21시,일요일,전라북도 군산시 미룡동,경상사고,0,0,1,0,차대차 - 측면충돌,신호위반,건조,맑음,교차로 - 교차로안,승용,남,61세,상해없음,이륜,남,18세,경상
2018100100100033,2018년 10월 1일 04시,월요일,전라북도 익산시 신동,경상사고,0,0,1,0,차대사람 - 차도통행중,안전운전불이행,건조,맑음,교차로 - 교차로안,승용,남,24세,상해없음,보행자,여,49세,경상
2018100100100044,2018년 10월 1일 05시,월요일,전라북도 전주시 덕진구 전미동1가,사망사고,1,0,0,0,차대사람 - 횡단중,과속,젖음/습기,흐림,교차로 - 교차로안,승용,남,50세,상해없음,보행자,여,81세,사망
2018100100100055,2018년 10월 1일 06시,월요일,전라북도 전주시 덕진구 금암동,사망사고,1,0,0,0,차대차 - 측면충돌,안전운전불이행,젖음/습기,흐림,교차로 - 교차로부근,화물,남,74세,상해없음,자전거,남,56세,사망
2018100100100102,2018년 10월 1일 08시,월요일,전라북도 전주시 완산구 전동,경상사고,0,0,1,0,차대차 - 후진중충돌,안전운전불이행,건조,맑음,교차로 - 교차로안,화물,남,45세,상해없음,이륜,남,76세,경상
2018100100100103,2018년 10월 1일 08시,월요일,전라북도 군산시 미룡동,경상사고,0,0,1,0,차대차 - 기타,안전거리미확보,건조,맑음,단일로 - 기타,화물,남,54세,상해없음,화물,남,57세,경상
2018100100100104,2018년 10월 1일 08시,월요일,전라북도 김제시 금구면,사망사고,1,0,0,0,차대차 - 기타,중앙선침범,건조,맑음,교차로 - 교차로부근,이륜,남,82세,사망,승용,남,67세,상해없음
2018100100100105,2018년 10월 1일 08시,월요일,전라북도 고창군 고창읍,중상사고,0,1,0,0,차대차 - 측면충돌,안전운전불이행,건조,맑음,단일로 - 기타,승용,여,56세,상해없음,자전거,남,82세,중상
2018100100100106,2018년 10월 1일 08시,월요일,전라북도 순창군 순창읍,중상사고,0,1,0,0,차대차 - 측면충돌,신호위반,건조,맑음,교차로 - 교차로횡단보도내,승용,여,43세,상해없음,자전거,남,13세,중상
2018100100100146,2018년 10월 1일 09시,월요일,전라북도 익산시 신동,중상사고,0,1,0,0,차대차 - 측면충돌,안전운전불이행,건조,맑음,교차로 - 교차로안,승용,여,31세,상해없음,이륜,남,56세,중상
2018100100100181,2018년 10월 1일 10시,월요일,전라북도 군산시 미원동,중상사고,0,1,0,0,차대사람 - 기타,안전운전불이행,건조,흐림,교차로 - 교차로부근,건설기계,남,51세,상해없음,보행자,남,81세,중상