사고번호,사고일시,요일,시군구,사고내용,사망자수,중상자수,경상자수,부상신고자수,사고유형,법규위반,노면상태,기상상태,도로형태,가해운전자 차종,가해운전자 성별,가해운전자 연령,가해운전자 상해정도,피해운전자 차종,피해운전자 성별,피해운전자 연령,피해운전자 상해정도
2018100100100182,2018년 10월 1일 10시,월요일,전라북도 익산시 오산면,부상신고사고,0,0,0,1,차대차 - 측면충돌,안전운전불이행,건조,맑음,교차로 - 교차로안,자전거,남,76세,부상신고,특수,남,58세,상해없음
2018100100100210,2018년 10월 1일 11시,월요일,전라북도 남원시 향교동,중상사고,0,1,0,0,차대차 - 측면충돌,안전운전불이행,건조,맑음,단일로 - 기타,화물,남,68세,상해없음,이륜,남,50세,중상
2018100100100243,2018년 10월 1일 12시,월요일,전라북도 익산시 신용동,중상사고,0,1,0,0,차량단독 - 전도전복 - 전도,안전운전불이행,건조,맑음,단일로 - 기타,이륜,남,19세,상해없음,미분류,미분류,미분류,미분류
2018100100100320,2018년 10월 1일 14시,월요일,전라북도 전주시 덕진구 중동,경상사고,0,0,1,0,차대차 - 측면충돌,안전운전불이행,건조,맑음,교차로 - 교차로안,승용,여,49세,상해없음,승용,여,36세,경상
2018100100100321,2018년 10월 1일 14시,월요일,전라북도 군산시 경암동,중상사고,0,3,0,0,차대차 - 기타,직진우회전진행방해,건조,맑음,교차로 - 교차로안,승용,남,60세,상해없음,승용,남,23세,중상
2018100100100390,2018년 10월 1일 16시,월요일,전라북도 전주시 덕진구 인후동2가,경상사고,0,0,1,0,차대사람 - 기타,안전운전불이행,건조,맑음,기타 - 기타,승용,여,46세,상해없음,보행자,남,73세,경상
2018100100100391,2018년 10월 1일 16시,월요일,전라북도 군산시 회현면,사망사고,1,0,0,0,차대차 - 기타,안전운전불이행,건조,흐림,교차로 - 교차로안,화물,남,38세,상해없음,자전거,남,82세,사망
2018100100100392,2018년 10월 1일 16시,월요일,전라북도 익산시 부송동,중상사고,0,1,0,0,차대사람 - 횡단중,보행자보호의무위반,건조,맑음,교차로 - 교차로횡단보도내,승용,남,38세,상해없음,보행자,여,10세,중상
2018100100100439,2018년 10월 1일 17시,월요일,전라북도 군산시 미룡동,경상사고,0,0,2,0,차대차 - 기타,안전운전불이행,건조,흐림,교차로 - 교차로부근,승용,남,38세,상해없음,승용,여,40세,경상
2018100100100527,2018년 10월 1일 19시,월요일,전라북도 군산시 개정면,경상사고,0,0,2,0,차대차 - 측면충돌,안전운전불이행,건조,맑음,교차로 - 교차로안,승용,남,55세,기타불명,화물,남,66세,경상
2018100100100528,2018년 10월 1일 19시,월요일,전라북도 김제시 하동,중상사고,0,1,0,0,차대차 - 측면충돌,안전운전불이행,젖음/습기,비,교차로 - 교차로안,승용,남,45세,상해없음,이륜,남,33세,중상
2018100100100557,2018년 10월 1일 20시,월요일,전라북도 전주시 완산구 효자동3가,중상사고,0,1,0,0,차대차 - 정면충돌,신호위반,건조,흐림,교차로 - 교차로안,승용,남,50세,상해없음,승용,남,23세,중상
2018100100100580,2018년 10월 1일 21시,월요일,전라북도 전주시 완산구 중화산동2가,경상사고,0,0,1,0,차대차 - 측면충돌,신호위반,건조,흐림,교차로 - 교차로안,승용,남,63세,상해없음,승용,여,41세,경상
2018100100100581,2018년 10월 1일 21시,월요일,전라북도 전주시 덕진구 용정동,경상사고,0,0,2,0,차대차 - 추돌,안전운전불이행,건조,흐림,단일로 - 기타,승용,남,61세,상해없음,화물,남,48세,경상
2018100100100601,2018년 10월 1일 22시,월요일,전라북도 전주시 완산구 서신동,경상사고,0,0,1,0,차대차 - 기타,안전운전불이행,건조,맑음,단일로 - 기타,이륜,남,17세,상해없음,승합,남,56세,상해없음
2018100200100012,2018년 10월 2일 01시,화요일,전라북도 군산시 서수면,경상사고,0,0,2,0,차대차 - 추돌,안전운전불이행,건조,맑음,단일로 - 기타,승용,남,29세,상해없음,승용,남,60세,경상
2018100200100013,2018년 10월 2일 01시,화요일,전라북도 익산시 신동,중상사고,0,1,0,0,차대사람 - 기타,안전운전불이행,건조,맑음,단일로 - 기타,이륜,남,23세,상해없음,보행자,여,27세,중상
2018100200100014,2018년 10월 2일 01시,화요일,전라북도 익산시 신동,중상사고,0,1,0,0,차대사람 - 차도통행중,안전운전불이행,건조,맑음,단일로 - 기타,이륜,남,22세,상해없음,보행자,남,25세,중상
2018100200100047,2018년 10월 2일 05시,화요일,전라북도 익산시 부송동,경상사고,0,0,1,0,차대차 - 측면충돌,안전운전불이행,건조,맑음,단일로 - 기타,승용,남,29세,상해없음,승용,기타불명,기타불명,기타불명
2018100200100117,2018년 10월 2일 08시,화요일,전라북도 전주시 완산구 효자동2가,중상사고,0,1,0,0,차대사람 - 횡단중,신호위반,건조,맑음,단일로 - 기타,승용,여,49세,상해없음,보행자,여,19세,중상
2018100200100162,2018년 10월 2일 09시,화요일,전라북도 군산시 수송동,경상사고,0,0,1,0,차대차 - 측면충돌,신호위반,건조,맑음,교차로 - 교차로안,이륜,남,67세,상해없음,승용,여,53세,경상
2018100200100163,2018년 10월 2일 09시,화요일,전라북도 군산시 수송동,경상사고,0,0,2,0,차대차 - 측면충돌,신호위반,건조,맑음,교차로 - 교차로안,승용,남,46세,상해없음,승합,남,67세,경상
2018100200100164,2018년 10월 2일 09시,화요일,전라북도 무주군 무주읍,경상사고,0,0,1,0,차대차 - 추돌,안전운전불이행,건조,맑음,단일로 - 기타,승용,여,50세,상해없음,승용,여,49세,경상
2018100200100201,2018년 10월 2일 10시,화요일,전라북도 김제시 용지면,중상사고,0,1,0,0,차대차 - 측면충돌,신호위반,건조,맑음,교차로 - 교차로안,승용,여,28세,상해없음,자전거,남,73세,중상
2018100200100263,2018년 10월 2일 12시,화요일,전라북도 익산시 남중동,중상사고,0,1,0,0,차대사람 - 기타,기타,건조,맑음,단일로 - 기타,승합,남,62세,상해없음,보행자,여,73세,중상
2018100200100264,2018년 10월 2일 12시,화요일,전라북도 김제시 신풍동,경상사고,0,0,2,0,차대차 - 추돌,안전거리미확보,건조,맑음,교차로 - 교차로부근,화물,남,61세,상해없음,승용,남,35세,경상
2018100200100300,2018년 10월 2일 13시,화요일,전라북도 익산시 웅포면,중상사고,0,1,0,0,차대차 - 측면충돌,직진우회전진행방해,건조,맑음,교차로 - 교차로안,이륜,남,70세,중상,승용,남,57세,상해없음
2018100200100338,2018년 10월 2일 14시,화요일,전라북도 정읍시 수성동,경상사고,0,0,1,0,차량단독 - 전도전복 - 전도,안전운전불이행,건조,맑음,단일로 - 기타,이륜,남,62세,상해없음,미분류,미분류,미분류,미분류
2018100200100339,2018년 10월 2일 14시,화요일,전라북도 장수군 장계면,사망사고,1,0,0,0,차량단독 - 도로외이탈 - 추락,안전운전불이행,건조,맑음,기타 - 기타,화물,남,49세,사망,,,,
2018100200100364,2018년 10월 2일 15시,화요일,전라북도 익산시 어양동,경상사고,0,0,1,0,차대차 - 측면충돌,교차로운행방법위반,건조,맑음,교차로 - 교차로안,화물,남,59세,상해없음,승용,남,47세,경상
2018100200100406,2018년 10월 2일 16시,화요일,전라북도 전주시 완산구 효자동1가,경상사고,0,0,1,0,차대차 - 측면충돌,안전운전불이행,건조,맑음,단일로 - 기타,승용,여,59세,상해없음,자전거,남,49세,경상
2018100200100439,2018년 10월 2일 17시,화요일,전라북도 무주군 부남면,경상사고,0,0,1,0,차대차 - 기타,안전운전불이행,건조,맑음,단일로 - 교량,사륜오토바이(ATV),남,75세,상해없음,사륜오토바이(ATV),여,73세,경상
2018100200100489,2018년 10월 2일 18시,화요일,전라북도 군산시 개정면,중상사고,0,1,1,0,차대차 - 기타,직진우회전진행방해,건조,맑음,교차로 - 교차로안,승용,남,52세,상해없음,승용,남,51세,중상
2018100200100490,2018년 10월 2일 18시,화요일,전라북도 정읍시 칠보면,중상사고,0,1,1,0,차대차 - 정면충돌,중앙선침범,건조,맑음,단일로 - 기타,승용,남,75세,중상,승용,여,60세,경상
2018100200100547,2018년 10월 2일 19시,화요일,전라북도 정읍시 북면,중상사고,0,1,1,0,차대차 - 정면충돌,중앙선침범,건조,맑음,단일로 - 기타,승용,남,59세,상해없음,승용,남,48세,중상
2018100200100627,2018년 10월 2일 21시,화요일,전라북도 전주시 덕진구 송천동1가,중상사고,0,1,0,0,차량단독 - 기타,안전운전불이행,건조,맑음,교차로 - 교차로안,승합,남,54세,상해없음,,,,
2018100200100655,2018년 10월 2일 22시,화요일,전라북도 전주시 덕진구 고랑동,경상사고,0,0,5,0,차대차 - 추돌,안전운전불이행,건조,맑음,교차로 - 교차로부근,화물,남,50세,상해없음,승용,여,26세,경상
2018100200100676,2018년 10월 2일 23시,화요일,전라북도 전주시 덕진구 송천동2가,중상사고,0,1,0,0,차대차 - 후진중충돌,안전운전불이행,건조,맑음,교차로 - 교차로부근,승용,남,61세,상해없음,승용,여,22세,중상
2018100300100012,2018년 10월 3일 00시,수요일,전라북도 정읍시 쌍암동,경상사고,0,0,2,0,차량단독 - 도로외이탈 - 기타,안전운전불이행,건조,맑음,교차로 - 교차로안,승용,남,30세,상해없음,,,,
2018100300100066,2018년 10월 3일 03시,수요일,전라북도 전주시 완산구 효자동3가,경상사고,0,0,2,0,차대차 - 측면충돌,신호위반,건조,맑음,교차로 - 교차로안,승합,남,22세,상해없음,승용,남,63세,경상
2018100300100094,2018년 10월 3일 05시,수요일,전라북도 전주시 완산구 효자동3가,경상사고,0,0,2,0,차대차 - 측면충돌,안전운전불이행,건조,맑음,교차로 - 교차로안,승용,남,32세,상해없음,승용,여,47세,경상
2018100300100095,2018년 10월 3일 05시,수요일,전라북도 남원시 향교동,경상사고,0,0,2,0,차대차 - 측면충돌,신호위반,건조,맑음,교차로 - 교차로안,승용,여,64세,경상,화물,남,73세,경상
2018100300100096,2018년 10월 3일 05시,수요일,전라북도 장수군 장수읍,중상사고,0,1,0,0,차대사람 - 차도통행중,안전운전불이행,젖음/습기,안개,교차로 - 교차로안,화물,남,65세,상해없음,보행자,여,64세,중상
2018100300100181,2018년 10월 3일 10시,수요일,전라북도 전주시 덕진구 팔복동3가,경상사고,0,0,3,0,차대차 - 추돌,안전운전불이행,건조,맑음,교차로 - 교차로부근,화물,남,54세,상해없음,승용,여,49세,경상
2018100300100228,2018년 10월 3일 12시,수요일,전라북도 전주시 완산구 태평동,경상사고,0,0,1,0,차대차 - 기타,중앙선침범,건조,맑음,단일로 - 기타,승용,남,36세,상해없음,자전거,남,70세,경상
2018100300100229,2018년 10월 3일 12시,수요일,전라북도 남원시 인월면,경상사고,0,0,1,0,차대차 - 측면충돌,직진우회전진행방해,건조,맑음,교차로 - 교차로안,승용,남,54세,상해없음,이륜,남,35세,경상
2018100300100308,2018년 10월 3일 14시,수요일,전라북도 전주시 완산구 효자동3가,중상사고,0,1,1,0,차대차 - 추돌,신호위반,건조,맑음,교차로 - 교차로안,승용,남,39세,경상,승용,여,42세,중상
2018100300100338,2018년 10월 3일 15시,수요일,전라북도 정읍시 덕천면,경상사고,0,0,1,0,차량단독 - 공작물충돌,안전운전불이행,건조,맑음,단일로 - 기타,승용,여,51세,경상,,,,
2018100300100339,2018년 10월 3일 15시,수요일,전라북도 남원시 사매면,경상사고,0,0,1,0,차대차 - 측면충돌,차로위반,건조,맑음,단일로 - 기타,승용,남,61세,상해없음,화물,남,68세,경상
2018100300100340,2018년 10월 3일 15시,수요일,전라북도 부안군 변산면,중상사고,0,1,0,0,차대차 - 정면충돌,중앙선침범,건조,맑음,교차로 - 교차로부근,승용,남,40세,상해없음,원동기,여,61세,중상
2018100300100419,2018년 10월 3일 17시,수요일,전라북도 고창군 고창읍,경상사고,0,0,1,0,차대사람 - 횡단중,보행자보호의무위반,건조,맑음,교차로 - 교차로안,승용,여,57세,상해없음,보행자,남,9세,경상
2018100300100457,2018년 10월 3일 18시,수요일,전라북도 익산시 모현동1가,경상사고,0,0,1,0,차대차 - 추돌,안전운전불이행,건조,맑음,단일로 - 기타,승용,남,73세,상해없음,화물,남,55세,상해없음
2018100300100458,2018년 10월 3일 18시,수요일,전라북도 김제시 금구면,중상사고,0,1,1,0,차대사람 - 기타,안전운전불이행,건조,맑음,단일로 - 기타,이륜,남,76세,중상,보행자,남,55세,경상
2018100300100459,2018년 10월 3일 18시,수요일,전라북도 부안군 계화면,중상사고,0,1,1,0,차대차 - 후진중충돌,안전운전불이행,건조,맑음,단일로 - 기타,화물,여,62세,경상,승용,남,47세,중상
2018100300100495,2018년 10월 3일 19시,수요일,전라북도 전주시 덕진구 인후동1가,경상사고,0,0,1,0,차대차 - 기타,안전운전불이행,건조,기타,단일로 - 기타,승용,남,68세,상해없음,승용,남,62세,경상
2018100300100496,2018년 10월 3일 19시,수요일,전라북도 남원시 천거동,경상사고,0,0,4,0,차대차 - 추돌,안전운전불이행,건조,맑음,단일로 - 기타,화물,남,55세,상해없음,승용,남,37세,경상
2018100400100051,2018년 10월 4일 05시,목요일,전라북도 부안군 동진면,경상사고,0,0,1,0,차대차 - 측면충돌,중앙선침범,기타,안개,단일로 - 기타,자전거,남,79세,경상,화물,남,60세,상해없음
2018100400100120,2018년 10월 4일 08시,목요일,전라북도 군산시 미룡동,경상사고,0,0,2,0,차대사람 - 기타,안전운전불이행,건조,맑음,기타 - 기타,이륜,남,21세,경상,보행자,남,20세,경상
2018100400100121,2018년 10월 4일 08시,목요일,전라북도 정읍시 시기동,중상사고,0,1,1,0,차대차 - 기타,안전운전불이행,건조,맑음,단일로 - 기타,승용,남,42세,상해없음,이륜,남,73세,중상
2018100400100226,2018년 10월 4일 10시,목요일,전라북도 군산시 옥산면,경상사고,0,0,2,0,차대차 - 기타,안전운전불이행,건조,맑음,단일로 - 기타,화물,남,57세,상해없음,승용,남,61세,경상
2018100400100227,2018년 10월 4일 10시,목요일,전라북도 김제시 공덕면,경상사고,0,0,7,0,차대차 - 추돌,안전운전불이행,건조,맑음,단일로 - 기타,화물,남,41세,상해없음,승용,여,23세,경상
2018100400100254,2018년 10월 4일 11시,목요일,전라북도 정읍시 산내면,경상사고,0,0,2,0,차대차 - 측면충돌,중앙선침범,건조,맑음,단일로 - 기타,승용,남,69세,상해없음,화물,남,64세,경상
2018100400100255,2018년 10월 4일 11시,목요일,전라북도 남원시 금동,경상사고,0,0,1,0,차대사람 - 차도통행중,안전운전불이행,건조,맑음,단일로 - 기타,승용,남,58세,상해없음,보행자,여,77세,경상
2018100400100256,2018년 10월 4일 11시,목요일,전라북도 순창군 순창읍,중상사고,0,1,0,0,차대차 - 측면충돌,안전운전불이행,건조,맑음,교차로 - 교차로안,승용,남,51세,상해없음,사륜오토바이(ATV),여,75세,중상
2018100400100285,2018년 10월 4일 12시,목요일,전라북도 임실군 임실읍,경상사고,0,0,1,0,차대차 - 측면충돌,안전운전불이행,건조,맑음,교차로 - 교차로안,승용,남,34세,상해없음,이륜,남,22세,경상
2018100400100322,2018년 10월 4일 13시,목요일,전라북도 전주시 완산구 동서학동,중상사고,0,1,0,0,차대차 - 기타,교차로운행방법위반,건조,맑음,교차로 - 교차로안,승용,여,58세,상해없음,자전거,남,89세,중상
2018100400100323,2018년 10월 4일 13시,목요일,전라북도 정읍시 수성동,경상사고,0,0,1,0,차대차 - 측면충돌,직진우회전진행방해,건조,맑음,교차로 - 교차로안,승용,남,63세,상해없음,승용,여,55세,경상
2018100400100362,2018년 10월 4일 14시,목요일,전라북도 정읍시 입암면,사망사고,1,0,0,0,차대사람 - 차도통행중,안전운전불이행,건조,맑음,교차로 - 교차로안,화물,남,56세,상해없음,보행자,여,76세,사망
2018100400100363,2018년 10월 4일 14시,목요일,전라북도 부안군 하서면,중상사고,0,1,0,0,차대차 - 기타,안전거리미확보,건조,맑음,교차로 - 교차로부근,승용,남,61세,상해없음,승용,여,46세,중상
2018100400100426,2018년 10월 4일 16시,목요일,전라북도 정읍시 시기동,경상사고,0,0,1,0,차대차 - 측면충돌,불법유턴,건조,맑음,교차로 - 교차로횡단보도내,이륜,여,72세,경상,승용,남,49세,상해없음
2018100400100427,2018년 10월 4일 16시,목요일,전라북도 진안군 진안읍,중상사고,0,1,0,0,차대차 - 측면충돌,안전거리미확보,건조,맑음,단일로 - 기타,이륜,남,59세,중상,승용,여,53세,상해없음
2018100400100464,2018년 10월 4일 17시,목요일,전라북도 정읍시 부전동,경상사고,0,0,1,0,차대차 - 기타,안전운전불이행,건조,맑음,단일로 - 기타,자전거,남,76세,경상,승용,남,56세,상해없음
2018100400100515,2018년 10월 4일 18시,목요일,전라북도 전주시 덕진구 인후동1가,경상사고,0,0,1,0,차대사람 - 횡단중,안전운전불이행,건조,맑음,단일로 - 기타,이륜,남,68세,상해없음,보행자,여,56세,경상
2018100400100516,2018년 10월 4일 18시,목요일,전라북도 익산시 영등동,중상사고,0,1,0,0,차대사람 - 기타,안전운전불이행,건조,맑음,단일로 - 기타,승용,남,37세,상해없음,보행자,남,72세,중상
2018100400100517,2018년 10월 4일 18시,목요일,전라북도 완주군 고산면,중상사고,0,1,0,0,차대차 - 측면충돌,신호위반,건조,맑음,교차로 - 교차로안,승용,남,69세,상해없음,승용,여,52세,중상
2018100400100572,2018년 10월 4일 19시,목요일,전라북도 군산시 나운동,경상사고,0,0,2,0,차대차 - 측면충돌,교차로운행방법위반,건조,맑음,교차로 - 교차로안,승합,남,69세,상해없음,승용,여,40세,경상
2018100400100618,2018년 10월 4일 20시,목요일,전라북도 전주시 덕진구 진북동,경상사고,0,0,1,0,차대차 - 추돌,안전운전불이행,건조,맑음,단일로 - 기타,승용,남,39세,상해없음,승용,여,28세,상해없음
2018100400100619,2018년 10월 4일 20시,목요일,전라북도 군산시 금동,경상사고,0,0,1,0,차대차 - 측면충돌,신호위반,건조,맑음,교차로 - 교차로안,화물,남,64세,상해없음,승용,남,61세,경상
2018100400100650,2018년 10월 4일 21시,목요일,전라북도 군산시 나운동,경상사고,0,0,3,0,차대차 - 정면충돌,중앙선침범,건조,맑음,단일로 - 기타,승용,여,57세,경상,승합,남,50세,경상
2018100400100714,2018년 10월 4일 23시,목요일,전라북도 완주군 용진읍,경상사고,0,0,1,0,차대차 - 기타,안전운전불이행,젖음/습기,비,단일로 - 교량,승용,남,32세,상해없음,승용,남,47세,경상
2018100400100715,2018년 10월 4일 23시,목요일,전라북도 완주군 용진읍,경상사고,0,0,1,0,차대차 - 측면충돌,안전운전불이행,젖음/습기,비,교차로 - 교차로안,승용,남,32세,기타불명,승용,남,39세,경상
2018100500100013,2018년 10월 5일 00시,금요일,전라북도 전주시 완산구 중노송동,경상사고,0,0,1,0,차대차 - 추돌,안전운전불이행,건조,맑음,교차로 - 교차로안,승용,남,27세,상해없음,승용,남,45세,경상
2018100500100064,2018년 10월 5일 05시,금요일,전라북도 전주시 덕진구 호성동1가,사망사고,1,0,0,0,차대사람 - 횡단중,안전운전불이행,젖음/습기,비,단일로 - 기타,승용,남,35세,상해없음,보행자,남,46세,사망
2018100500100189,2018년 10월 5일 09시,금요일,전라북도 전주시 완산구 중화산동2가,중상사고,0,1,2,0,차대차 - 측면충돌,신호위반,젖음/습기,비,교차로 - 교차로안,승용,여,37세,상해없음,승용,남,70세,경상
2018100500100219,2018년 10월 5일 10시,금요일,전라북도 전주시 완산구 효자동3가,중상사고,0,1,0,0,차대사람 - 횡단중,안전운전불이행,젖음/습기,비,교차로 - 교차로안,승용,여,60세,상해없음,보행자,남,38세,중상
2018100500100287,2018년 10월 5일 12시,금요일,전라북도 정읍시 수성동,경상사고,0,0,1,0,차대차 - 측면충돌,안전운전불이행,젖음/습기,비,단일로 - 기타,승용,남,29세,상해없음,승용,여,47세,경상
2018100500100362,2018년 10월 5일 14시,금요일,전라북도 김제시 요촌동,경상사고,0,0,1,0,차대차 - 추돌,안전운전불이행,젖음/습기,맑음,단일로 - 기타,승용,남,49세,상해없음,승용,남,33세,경상
2018100500100422,2018년 10월 5일 15시,금요일,전라북도 군산시 지곡동,경상사고,0,0,1,0,차대차 - 후진중충돌,안전운전불이행,건조,맑음,교차로 - 교차로안,승용,여,57세,상해없음,승용,여,53세,경상
2018100500100458,2018년 10월 5일 16시,금요일,전라북도 완주군 봉동읍,경상사고,0,0,1,0,차대사람 - 기타,안전운전불이행,젖음/습기,비,교차로 - 교차로안,승용,여,52세,상해없음,보행자,여,68세,경상
2018100500100505,2018년 10월 5일 17시,금요일,전라북도 군산시 산북동,중상사고,0,1,0,0,차대사람 - 횡단중,보행자보호의무위반,젖음/습기,비,교차로 - 교차로횡단보도내,승용,여,44세,상해없음,보행자,여,39세,중상
2018100500100661,2018년 10월 5일 19시,금요일,전라북도 남원시 도통동,경상사고,0,0,3,0,차대차 - 추돌,안전운전불이행,젖음/습기,비,교차로 - 교차로안,승용,남,59세,상해없음,승용,남,30세,경상
2018100500100727,2018년 10월 5일 20시,금요일,전라북도 정읍시 상동,경상사고,0,0,1,0,차대차 - 측면충돌,불법유턴,젖음/습기,비,단일로 - 기타,승용,남,53세,상해없음,이륜,남,21세,경상
2018100500100728,2018년 10월 5일 20시,금요일,전라북도 부안군 부안읍,경상사고,0,0,1,0,차대사람 - 기타,신호위반,젖음/습기,비,교차로 - 교차로안,승용,남,58세,상해없음,보행자,남,16세,경상
2018100500100769,2018년 10월 5일 21시,금요일,전라북도 전주시 완산구 중앙동2가,경상사고,0,0,1,0,차대차 - 기타,안전운전불이행,젖음/습기,비,교차로 - 교차로부근,승용,남,57세,상해없음,승용,여,26세,경상
2018100600100013,2018년 10월 6일 00시,토요일,전라북도 정읍시 덕천면,경상사고,0,0,1,0,차량단독 - 공작물충돌,안전운전불이행,젖음/습기,비,단일로 - 기타,승용,여,51세,경상,,,,
2018100600100057,2018년 10월 6일 01시,토요일,전라북도 군산시 옥산면,경상사고,0,0,1,0,차대사람 - 횡단중,안전운전불이행,젖음/습기,비,교차로 - 교차로안,승용,남,65세,상해없음,보행자,여,38세,경상
2018100600100095,2018년 10월 6일 02시,토요일,전라북도 익산시 남중동,사망사고,1,0,0,0,차량단독 - 공작물충돌,안전운전불이행,젖음/습기,비,단일로 - 기타,승용,남,60세,사망,,,,
2018100600100096,2018년 10월 6일 02시,토요일,전라북도 정읍시 상동,경상사고,0,0,1,0,차대차 - 추돌,안전운전불이행,젖음/습기,비,단일로 - 기타,화물,남,61세,경상,승용,남,41세,기타불명
2018100600100146,2018년 10월 6일 04시,토요일,전라북도 군산시 산북동,중상사고,0,1,0,0,차대사람 - 기타,안전운전불이행,젖음/습기,맑음,기타 - 기타,승용,남,18세,상해없음,보행자,여,85세,중상
2018100600100167,2018년 10월 6일 05시,토요일,전라북도 익산시 인화동2가,중상사고,0,1,0,0,차대사람 - 횡단중,과속,젖음/습기,비,단일로 - 기타,승용,남,25세,상해없음,보행자,여,62세,중상
2018100600100229,2018년 10월 6일 09시,토요일,전라북도 군산시 사정동,경상사고,0,0,1,0,차대차 - 기타,신호위반,젖음/습기,비,교차로 - 교차로안,화물,남,75세,상해없음,승용,남,52세,경상
2018100600100264,2018년 10월 6일 10시,토요일,전라북도 전주시 덕진구 진북동,경상사고,0,0,5,0,차대차 - 측면충돌,안전거리미확보,젖음/습기,비,교차로 - 교차로안,화물,남,62세,상해없음,승용,남,36세,경상
2018100600100265,2018년 10월 6일 10시,토요일,전라북도 군산시 옥산면,경상사고,0,0,1,0,차대차 - 기타,신호위반,젖음/습기,비,교차로 - 교차로안,화물,남,58세,상해없음,화물,남,55세,상해없음
2018100600100301,2018년 10월 6일 11시,토요일,전라북도 익산시 금강동,경상사고,0,0,1,0,차대차 - 측면충돌,신호위반,젖음/습기,비,교차로 - 교차로안,승용,남,82세,상해없음,화물,여,54세,경상
2018100600100362,2018년 10월 6일 13시,토요일,전라북도 정읍시 상동,경상사고,0,0,1,0,차대차 - 추돌,안전운전불이행,젖음/습기,비,교차로 - 교차로부근,화물,남,24세,상해없음,승용,여,64세,경상
2018100600100384,2018년 10월 6일 14시,토요일,전라북도 전주시 완산구 서신동,경상사고,0,0,2,0,차대차 - 측면충돌,안전거리미확보,건조,맑음,단일로 - 기타,승용,남,42세,경상,승용,여,45세,경상
2018100600100515,2018년 10월 6일 18시,토요일,전라북도 전주시 덕진구 산정동,경상사고,0,0,2,0,차대차 - 추돌,안전운전불이행,건조,맑음,단일로 - 기타,승용,남,49세,상해없음,승용,여,23세,경상
2018100600100553,2018년 10월 6일 19시,토요일,전라북도 장수군 장수읍,경상사고,0,0,1,0,차대사람 - 기타,안전운전불이행,건조,맑음,단일로 - 기타,승용,여,38세,상해없음,보행자,여,44세,경상
2018100600100582,2018년 10월 6일 20시,토요일,전라북도 전주시 완산구 중화산동2가,중상사고,0,1,0,0,차대차 - 추돌,안전운전불이행,건조,기타,단일로 - 기타,승용,남,22세,상해없음,이륜,남,21세,중상
2018100600100583,2018년 10월 6일 20시,토요일,전라북도 전주시 완산구 중노송동,경상사고,0,0,2,0,차대차 - 측면충돌,안전운전불이행,건조,기타,교차로 - 교차로안,승용,남,53세,상해없음,승용,남,36세,경상
2018100600100611,2018년 10월 6일 21시,토요일,전라북도 전주시 완산구 효자동1가,경상사고,0,0,3,0,차대차 - 측면충돌,신호위반,건조,기타,교차로 - 교차로안,승용,남,69세,상해없음,승용,남,41세,경상
2018100700100029,2018년 10월 7일 01시,일요일,전라북도 전주시 완산구 중화산동2가,경상사고,0,0,1,0,차대차 - 정면충돌,신호위반,건조,기타,교차로 - 교차로안,승합,남,29세,상해없음,화물,남,37세,경상
2018100700100077,2018년 10월 7일 05시,일요일,전라북도 정읍시 상동,경상사고,0,0,2,0,차대차 - 추돌,안전운전불이행,건조,맑음,단일로 - 기타,승용,남,22세,상해없음,승용,남,22세,상해없음
2018100700100109,2018년 10월 7일 07시,일요일,전라북도 정읍시 수성동,경상사고,0,0,1,0,차대차 - 측면충돌,신호위반,건조,맑음,교차로 - 교차로안,승용,남,31세,상해없음,승용,남,71세,경상
2018100700100110,2018년 10월 7일 07시,일요일,전라북도 김제시 갈공동,경상사고,0,0,1,0,차대차 - 정면충돌,중앙선침범,젖음/습기,안개,단일로 - 기타,승용,남,25세,상해없음,승용,남,60세,경상
2018100700100147,2018년 10월 7일 09시,일요일,전라북도 부안군 부안읍,경상사고,0,0,1,0,차대사람 - 기타,안전운전불이행,건조,맑음,교차로 - 교차로부근,승합,남,56세,상해없음,보행자,남,82세,경상
2018100700100172,2018년 10월 7일 10시,일요일,전라북도 김제시 요촌동,경상사고,0,0,1,0,차대차 - 추돌,안전운전불이행,건조,맑음,단일로 - 기타,승용,남,63세,상해없음,승용,남,45세,경상
2018100700100198,2018년 10월 7일 11시,일요일,전라북도 부안군 부안읍,경상사고,0,0,1,0,차량단독 - 도로외이탈 - 기타,안전운전불이행,건조,맑음,단일로 - 기타,화물,남,78세,경상,,,,
2018100700100248,2018년 10월 7일 13시,일요일,전라북도 군산시 신풍동,사망사고,1,0,0,0,차대차 - 측면충돌,신호위반,건조,맑음,교차로 - 교차로안,승용,남,60세,상해없음,이륜,남,21세,사망
2018100700100314,2018년 10월 7일 15시,일요일,전라북도 군산시 미룡동,경상사고,0,0,1,0,차대차 - 기타,불법유턴,건조,맑음,교차로 - 교차로안,승용,남,63세,상해없음,이륜,남,24세,경상
2018100700100317,2018년 10월 7일 15시,일요일,전라북도 익산시 여산면,경상사고,0,0,1,0,차대사람 - 기타,안전운전불이행,건조,맑음,기타 - 기타,승용,여,58세,상해없음,보행자,여,42세,경상
2018100700100355,2018년 10월 7일 16시,일요일,전라북도 전주시 덕진구 호성동2가,경상사고,0,0,3,0,차대차 - 기타,안전운전불이행,건조,맑음,단일로 - 기타,승용,여,57세,상해없음,승용,남,63세,경상