사고번호,사고일시,요일,시군구,사고내용,사망자수,중상자수,경상자수,부상신고자수,사고유형,법규위반,노면상태,기상상태,도로형태,가해운전자 차종,가해운전자 성별,가해운전자 연령,가해운전자 상해정도,피해운전자 차종,피해운전자 성별,피해운전자 연령,피해운전자 상해정도
2018100700100356,2018년 10월 7일 16시,일요일,전라북도 익산시 모현동2가,경상사고,0,0,1,0,차대차 - 추돌,안전거리미확보,건조,맑음,교차로 - 교차로횡단보도내,승합,남,75세,상해없음,승용,남,38세,경상
2018100700100357,2018년 10월 7일 16시,일요일,전라북도 김제시 부량면,경상사고,0,0,1,0,차대사람 - 차도통행중,안전운전불이행,건조,맑음,단일로 - 기타,승합,남,60세,상해없음,보행자,남,62세,경상
2018100700100358,2018년 10월 7일 16시,일요일,전라북도 완주군 상관면,경상사고,0,0,4,0,차대차 - 추돌,안전운전불이행,건조,맑음,단일로 - 기타,승용,남,59세,상해없음,승용,남,59세,경상
2018100700100434,2018년 10월 7일 18시,일요일,전라북도 전주시 완산구 효자동1가,경상사고,0,0,2,0,차대차 - 측면충돌,신호위반,건조,맑음,교차로 - 교차로안,승용,여,48세,상해없음,승용,남,65세,경상
2018100700100479,2018년 10월 7일 19시,일요일,전라북도 정읍시 북면,경상사고,0,0,1,0,차대차 - 측면충돌,안전운전불이행,건조,맑음,단일로 - 기타,승용,남,49세,상해없음,자전거,남,47세,경상
2018100700100480,2018년 10월 7일 19시,일요일,전라북도 정읍시 송산동,중상사고,0,1,0,0,차대차 - 측면충돌,직진우회전진행방해,건조,맑음,교차로 - 교차로안,자전거,여,64세,중상,승용,남,51세,상해없음
2018100700100513,2018년 10월 7일 20시,일요일,전라북도 익산시 함열읍,경상사고,0,0,1,0,차대차 - 측면충돌,안전운전불이행,건조,맑음,교차로 - 교차로부근,승용,남,59세,상해없음,이륜,남,43세,경상
2018100700100514,2018년 10월 7일 20시,일요일,전라북도 익산시 마동,경상사고,0,0,1,0,차대차 - 측면충돌,직진우회전진행방해,건조,맑음,교차로 - 교차로안,승용,남,64세,상해없음,승용,남,31세,경상
2018100700100533,2018년 10월 7일 21시,일요일,전라북도 익산시 영등동,경상사고,0,0,1,0,차대사람 - 횡단중,안전운전불이행,건조,맑음,교차로 - 교차로안,화물,남,56세,상해없음,보행자,남,52세,경상
2018100700100534,2018년 10월 7일 21시,일요일,전라북도 익산시 마동,경상사고,0,0,1,0,차대차 - 추돌,안전운전불이행,건조,맑음,교차로 - 교차로부근,이륜,남,49세,상해없음,승용,남,61세,경상
2018100700100535,2018년 10월 7일 21시,일요일,전라북도 김제시 금구면,중상사고,0,3,5,0,차대차 - 추돌,안전운전불이행,건조,맑음,교차로 - 교차로부근,승용,남,63세,상해없음,승용,여,25세,중상
2018100700100536,2018년 10월 7일 21시,일요일,전라북도 남원시 월락동,경상사고,0,0,3,0,차대차 - 측면충돌,중앙선침범,건조,맑음,교차로 - 교차로부근,승용,남,47세,경상,승용,여,39세,경상
2018100700100559,2018년 10월 7일 22시,일요일,전라북도 전주시 완산구 삼천동1가,경상사고,0,0,2,0,차대차 - 정면충돌,중앙선침범,건조,맑음,교차로 - 교차로부근,승용,남,38세,상해없음,승용,남,47세,경상
2018100800100015,2018년 10월 8일 01시,월요일,전라북도 고창군 고창읍,경상사고,0,0,1,0,차대차 - 측면충돌,신호위반,건조,맑음,교차로 - 교차로안,승용,여,53세,상해없음,승합,남,58세,경상
2018100800100039,2018년 10월 8일 05시,월요일,전라북도 전주시 완산구 효자동2가,경상사고,0,0,3,0,차대차 - 측면충돌,신호위반,건조,맑음,교차로 - 교차로안,승용,여,20세,상해없음,승용,남,46세,경상
2018100800100066,2018년 10월 8일 07시,월요일,전라북도 정읍시 수성동,중상사고,0,1,0,0,차대사람 - 기타,안전운전불이행,건조,맑음,교차로 - 교차로안,원동기,남,41세,상해없음,보행자,여,80세,중상
2018100800100093,2018년 10월 8일 08시,월요일,전라북도 군산시 미원동,경상사고,0,0,2,0,차대차 - 측면충돌,직진우회전진행방해,건조,맑음,교차로 - 교차로안,승용,남,66세,상해없음,화물,남,46세,경상
2018100800100180,2018년 10월 8일 10시,월요일,전라북도 전주시 덕진구 호성동2가,중상사고,0,1,0,0,차대차 - 측면충돌,안전운전불이행,건조,맑음,교차로 - 교차로안,승용,남,74세,상해없음,승용,여,47세,중상
2018100800100181,2018년 10월 8일 10시,월요일,전라북도 장수군 장수읍,중상사고,0,1,0,0,차대차 - 측면충돌,교차로운행방법위반,건조,맑음,교차로 - 교차로안,화물,남,55세,상해없음,이륜,남,81세,중상
2018100800100182,2018년 10월 8일 10시,월요일,전라북도 무주군 무풍면,경상사고,0,0,1,0,차대차 - 측면충돌,안전운전불이행,건조,맑음,교차로 - 교차로안,승용,여,65세,상해없음,원동기,남,59세,경상
2018100800100225,2018년 10월 8일 11시,월요일,전라북도 전주시 덕진구 송천동2가,경상사고,0,0,2,0,차대차 - 측면충돌,안전거리미확보,건조,맑음,교차로 - 교차로부근,승용,남,71세,상해없음,승용,남,39세,경상
2018100800100365,2018년 10월 8일 15시,월요일,전라북도 순창군 구림면,중상사고,0,1,5,0,차대차 - 측면충돌,중앙선침범,건조,맑음,단일로 - 기타,승용,여,58세,기타불명,승합,남,55세,상해없음
2018100800100414,2018년 10월 8일 16시,월요일,전라북도 군산시 장재동,경상사고,0,0,1,0,차대차 - 추돌,안전거리미확보,건조,맑음,교차로 - 교차로부근,승용,남,44세,상해없음,승용,여,42세,경상
2018100800100508,2018년 10월 8일 18시,월요일,전라북도 전주시 덕진구 인후동1가,경상사고,0,0,2,0,차대차 - 기타,차로위반,건조,맑음,단일로 - 기타,승용,남,54세,상해없음,승용,남,64세,상해없음
2018100800100577,2018년 10월 8일 20시,월요일,전라북도 정읍시 수성동,경상사고,0,0,1,0,차대사람 - 기타,안전운전불이행,건조,맑음,교차로 - 교차로안,승용,남,49세,상해없음,보행자,여,30세,경상
2018100800100578,2018년 10월 8일 20시,월요일,전라북도 완주군 삼례읍,중상사고,0,1,0,0,차대사람 - 기타,안전운전불이행,건조,맑음,교차로 - 교차로횡단보도내,승합,남,58세,상해없음,보행자,남,55세,중상
2018100800100579,2018년 10월 8일 20시,월요일,전라북도 부안군 백산면,경상사고,0,0,3,0,차대차 - 기타,기타,건조,맑음,단일로 - 기타,화물,남,54세,상해없음,승용,남,35세,경상
2018100900100012,2018년 10월 9일 00시,화요일,전라북도 전주시 덕진구 우아동3가,경상사고,0,0,1,0,차대사람 - 기타,안전운전불이행,건조,맑음,단일로 - 기타,승용,남,61세,상해없음,보행자,남,64세,경상
2018100900100042,2018년 10월 9일 02시,화요일,전라북도 순창군 팔덕면,중상사고,0,1,0,0,차량단독 - 기타,안전운전불이행,건조,맑음,교차로 - 교차로안,승용,여,24세,중상,,,,
2018100900100079,2018년 10월 9일 05시,화요일,전라북도 정읍시 소성면,경상사고,0,0,1,0,차대차 - 기타,직진우회전진행방해,건조,맑음,교차로 - 교차로안,건설기계,남,40세,상해없음,승용,남,54세,경상
2018100900100162,2018년 10월 9일 10시,화요일,전라북도 전주시 완산구 평화동1가,경상사고,0,0,1,0,차대차 - 측면충돌,안전운전불이행,건조,맑음,교차로 - 교차로안,승용,남,67세,상해없음,승합,남,56세,경상
2018100900100163,2018년 10월 9일 10시,화요일,전라북도 전주시 완산구 경원동1가,경상사고,0,0,1,0,차대차 - 기타,안전운전불이행,건조,맑음,단일로 - 기타,이륜,남,58세,상해없음,승용,남,68세,상해없음
2018100900100164,2018년 10월 9일 10시,화요일,전라북도 익산시 삼기면,중상사고,0,1,0,0,차대차 - 측면충돌,신호위반,건조,맑음,교차로 - 교차로안,승용,여,52세,상해없음,승용,여,27세,중상
2018100900100190,2018년 10월 9일 11시,화요일,전라북도 전주시 완산구 평화동1가,경상사고,0,0,1,0,차대차 - 측면충돌,안전운전불이행,건조,맑음,단일로 - 기타,승용,여,57세,상해없음,이륜,남,62세,경상
2018100900100191,2018년 10월 9일 11시,화요일,전라북도 남원시 죽항동,경상사고,0,0,1,0,차대차 - 측면충돌,신호위반,건조,맑음,교차로 - 교차로안,승용,남,76세,상해없음,승용,남,35세,경상
2018100900100219,2018년 10월 9일 12시,화요일,전라북도 남원시 죽항동,사망사고,1,0,0,0,차대사람 - 횡단중,안전운전불이행,건조,맑음,교차로 - 교차로부근,화물,남,56세,상해없음,보행자,여,75세,사망
2018100900100296,2018년 10월 9일 15시,화요일,전라북도 전주시 완산구 중화산동2가,중상사고,0,2,0,0,차대차 - 측면충돌,안전운전불이행,건조,맑음,교차로 - 교차로부근,승용,여,31세,상해없음,승용,여,60세,중상
2018100900100297,2018년 10월 9일 15시,화요일,전라북도 정읍시 시기동,경상사고,0,0,1,0,차대사람 - 횡단중,안전운전불이행,건조,흐림,교차로 - 교차로안,승용,남,61세,상해없음,보행자,남,75세,경상
2018100900100298,2018년 10월 9일 15시,화요일,전라북도 완주군 용진읍,중상사고,0,1,0,0,차대사람 - 보도통행중,보행자보호의무위반,건조,맑음,교차로 - 교차로부근,화물,여,48세,상해없음,보행자,남,69세,중상
2018100900100318,2018년 10월 9일 16시,화요일,전라북도 무주군 무주읍,경상사고,0,0,1,0,차량단독 - 전도전복 - 전도,안전운전불이행,건조,맑음,단일로 - 지하차도(도로)내,사륜오토바이(ATV),남,82세,경상,미분류,미분류,미분류,미분류
2018100900100338,2018년 10월 9일 17시,화요일,전라북도 임실군 관촌면,경상사고,0,0,3,0,차대차 - 측면충돌,안전운전불이행,건조,맑음,단일로 - 기타,승용,남,79세,상해없음,승용,남,31세,경상
2018100900100377,2018년 10월 9일 18시,화요일,전라북도 전주시 덕진구 산정동,경상사고,0,0,1,0,차대차 - 측면충돌,안전거리미확보,건조,맑음,단일로 - 기타,화물,남,61세,상해없음,승용,남,60세,경상
2018100900100417,2018년 10월 9일 19시,화요일,전라북도 부안군 변산면,경상사고,0,0,1,0,차대사람 - 길가장자리구역통행중,안전운전불이행,건조,맑음,단일로 - 기타,기타불명,기타불명,미분류,기타불명,보행자,여,17세,경상
2018100900100452,2018년 10월 9일 20시,화요일,전라북도 군산시 나운동,경상사고,0,0,1,0,차대차 - 측면충돌,중앙선침범,건조,맑음,단일로 - 기타,이륜,남,17세,상해없음,이륜,남,23세,경상
2018100900100503,2018년 10월 9일 23시,화요일,전라북도 전주시 덕진구 장동,경상사고,0,0,1,0,차대차 - 측면충돌,신호위반,건조,맑음,교차로 - 교차로안,승용,남,53세,상해없음,승용,남,37세,경상
2018100900100504,2018년 10월 9일 23시,화요일,전라북도 부안군 하서면,경상사고,0,0,1,0,차량단독 - 공작물충돌,안전운전불이행,젖음/습기,비,교차로 - 교차로안,화물,남,58세,경상,,,,
2018101000100029,2018년 10월 10일 04시,수요일,전라북도 군산시 옥도면,사망사고,1,0,0,0,차량단독 - 공작물충돌,안전운전불이행,건조,맑음,단일로 - 기타,화물,남,42세,사망,,,,
2018101000100094,2018년 10월 10일 08시,수요일,전라북도 순창군 적성면,경상사고,0,0,1,0,차대차 - 측면충돌,직진우회전진행방해,건조,맑음,교차로 - 교차로안,승용,여,47세,상해없음,이륜,여,74세,경상
2018101000100148,2018년 10월 10일 10시,수요일,전라북도 군산시 회현면,경상사고,0,0,3,0,차대차 - 측면충돌,기타,건조,맑음,교차로 - 교차로안,건설기계,남,68세,상해없음,승용,여,40세,경상
2018101000100149,2018년 10월 10일 10시,수요일,전라북도 익산시 인화동1가,경상사고,0,0,1,0,차대차 - 추돌,안전운전불이행,건조,맑음,단일로 - 기타,승용,여,30세,상해없음,화물,남,36세,경상
2018101000100181,2018년 10월 10일 11시,수요일,전라북도 김제시 성덕면,중상사고,0,1,0,0,차대사람 - 기타,안전운전불이행,건조,맑음,단일로 - 기타,화물,여,62세,상해없음,보행자,남,70세,중상
2018101000100216,2018년 10월 10일 12시,수요일,전라북도 익산시 동산동,경상사고,0,0,1,0,차대차 - 측면충돌,안전운전불이행,건조,맑음,단일로 - 기타,승용,여,41세,상해없음,자전거,남,79세,경상
2018101000100244,2018년 10월 10일 13시,수요일,전라북도 군산시 서수면,중상사고,0,2,0,0,차대차 - 측면충돌,신호위반,건조,맑음,교차로 - 교차로안,건설기계,남,32세,상해없음,화물,남,61세,중상
2018101000100429,2018년 10월 10일 18시,수요일,전라북도 군산시 산북동,경상사고,0,0,2,0,차대차 - 기타,불법유턴,건조,맑음,교차로 - 교차로부근,승용,남,23세,경상,승용,남,37세,경상
2018101000100430,2018년 10월 10일 18시,수요일,전라북도 진안군 부귀면,중상사고,0,1,0,0,차량단독 - 공작물충돌,안전운전불이행,건조,맑음,단일로 - 기타,화물,남,64세,중상,,,,
2018101000100469,2018년 10월 10일 19시,수요일,전라북도 익산시 마동,경상사고,0,0,1,0,차대차 - 측면충돌,중앙선침범,건조,맑음,단일로 - 기타,승합,남,48세,상해없음,이륜,남,47세,경상
2018101000100497,2018년 10월 10일 20시,수요일,전라북도 전주시 덕진구 인후동1가,경상사고,0,0,1,0,차대차 - 측면충돌,중앙선침범,건조,맑음,단일로 - 기타,승용,남,47세,상해없음,이륜,남,19세,경상
2018101000100565,2018년 10월 10일 23시,수요일,전라북도 전주시 완산구 효자동2가,경상사고,0,0,1,0,차대사람 - 횡단중,보행자보호의무위반,건조,맑음,단일로 - 기타,승용,여,22세,상해없음,보행자,남,20세,경상
2018101100100077,2018년 10월 11일 07시,목요일,전라북도 정읍시 수성동,중상사고,0,1,0,0,차대사람 - 횡단중,보행자보호의무위반,건조,맑음,교차로 - 교차로횡단보도내,화물,남,27세,상해없음,보행자,남,44세,중상
2018101100100106,2018년 10월 11일 08시,목요일,전라북도 정읍시 상동,경상사고,0,0,2,0,차대차 - 기타,신호위반,건조,맑음,교차로 - 교차로안,이륜,남,60세,경상,승용,남,24세,경상
2018101100100107,2018년 10월 11일 08시,목요일,전라북도 진안군 진안읍,중상사고,0,1,0,0,차대차 - 후진중충돌,불법유턴,건조,맑음,단일로 - 기타,농기계,남,68세,중상,승합,남,26세,상해없음
2018101100100148,2018년 10월 11일 09시,목요일,전라북도 전주시 덕진구 인후동2가,경상사고,0,0,1,0,차대사람 - 보도통행중,기타,건조,맑음,기타 - 기타,승용,남,80세,기타불명,보행자,여,57세,경상
2018101100100149,2018년 10월 11일 09시,목요일,전라북도 익산시 인화동2가,중상사고,0,1,0,0,차대차 - 기타,안전운전불이행,건조,맑음,단일로 - 기타,화물,남,73세,상해없음,이륜,남,17세,중상
2018101100100150,2018년 10월 11일 09시,목요일,전라북도 부안군 부안읍,경상사고,0,0,4,0,차대차 - 측면충돌,신호위반,건조,맑음,교차로 - 교차로안,승용,남,69세,경상,승합,남,66세,상해없음
2018101100100206,2018년 10월 11일 11시,목요일,전라북도 전주시 완산구 효자동2가,경상사고,0,0,1,0,차대사람 - 기타,안전운전불이행,건조,맑음,주차장 - 주차장,승용,남,36세,상해없음,보행자,남,66세,경상
2018101100100207,2018년 10월 11일 11시,목요일,전라북도 전주시 완산구 중노송동,중상사고,0,1,0,0,차대차 - 추돌,안전운전불이행,건조,맑음,교차로 - 교차로안,승용,남,31세,상해없음,이륜,남,38세,중상
2018101100100247,2018년 10월 11일 12시,목요일,전라북도 익산시 함라면,경상사고,0,0,5,0,차대차 - 기타,신호위반,건조,맑음,교차로 - 교차로안,승용,남,71세,상해없음,승용,남,64세,경상
2018101100100328,2018년 10월 11일 15시,목요일,전라북도 전주시 완산구 효자동1가,경상사고,0,0,1,0,차대사람 - 기타,안전운전불이행,건조,맑음,단일로 - 기타,승용,여,34세,상해없음,보행자,여,64세,경상
2018101100100329,2018년 10월 11일 15시,목요일,전라북도 남원시 운봉읍,경상사고,0,0,1,0,차대차 - 측면충돌,신호위반,건조,맑음,교차로 - 교차로안,승용,남,65세,상해없음,사륜오토바이(ATV),남,83세,경상
2018101100100368,2018년 10월 11일 16시,목요일,전라북도 전주시 완산구 평화동1가,경상사고,0,0,1,0,차대사람 - 기타,안전운전불이행,건조,맑음,단일로 - 기타,기타불명,기타불명,미분류,기타불명,보행자,여,25세,경상
2018101100100464,2018년 10월 11일 18시,목요일,전라북도 익산시 남중동,경상사고,0,0,1,0,차대차 - 측면충돌,안전운전불이행,건조,맑음,교차로 - 교차로안,승용,남,59세,상해없음,승용,남,65세,경상
2018101100100465,2018년 10월 11일 18시,목요일,전라북도 정읍시 상동,중상사고,0,1,0,0,차대사람 - 보도통행중,안전운전불이행,건조,맑음,교차로 - 교차로안,승용,여,49세,상해없음,보행자,여,57세,중상
2018101100100466,2018년 10월 11일 18시,목요일,전라북도 남원시 금지면,경상사고,0,0,1,0,차대차 - 측면충돌,안전운전불이행,건조,맑음,교차로 - 교차로안,화물,남,58세,상해없음,승용,남,65세,경상
2018101100100503,2018년 10월 11일 19시,목요일,전라북도 군산시 오식도동,중상사고,0,1,0,0,차대차 - 측면충돌,신호위반,건조,맑음,교차로 - 교차로안,승용,남,36세,상해없음,승용,남,47세,중상
2018101100100504,2018년 10월 11일 19시,목요일,전라북도 정읍시 상동,경상사고,0,0,1,0,차대사람 - 보도통행중,보행자보호의무위반,건조,맑음,교차로 - 교차로횡단보도내,승용,남,39세,상해없음,보행자,남,76세,경상
2018101100100542,2018년 10월 11일 20시,목요일,전라북도 익산시 부송동,경상사고,0,0,1,0,차대차 - 측면충돌,안전거리미확보,건조,맑음,단일로 - 기타,화물,남,67세,상해없음,승용,여,48세,경상
2018101100100543,2018년 10월 11일 20시,목요일,전라북도 정읍시 연지동,경상사고,0,0,1,0,차대차 - 측면충돌,안전운전불이행,건조,맑음,교차로 - 교차로안,이륜,남,17세,경상,승용,여,52세,상해없음
2018101100100565,2018년 10월 11일 21시,목요일,전라북도 전주시 덕진구 송천동2가,중상사고,0,1,0,0,차대차 - 측면충돌,안전거리미확보,건조,흐림,단일로 - 기타,승용,남,60세,상해없음,원동기,남,26세,중상
2018101100100566,2018년 10월 11일 21시,목요일,전라북도 익산시 창인동1가,중상사고,0,2,1,0,차대사람 - 횡단중,안전운전불이행,건조,맑음,교차로 - 교차로안,승용,여,56세,상해없음,보행자,남,59세,중상
2018101200100006,2018년 10월 12일 00시,금요일,전라북도 전주시 덕진구 인후동2가,경상사고,0,0,1,0,차대차 - 추돌,안전거리미확보,건조,기타,단일로 - 기타,승용,남,59세,기타불명,승용,남,34세,상해없음
2018101200100049,2018년 10월 12일 05시,금요일,전라북도 익산시 모현동2가,중상사고,0,1,0,0,차대사람 - 횡단중,안전운전불이행,건조,맑음,교차로 - 교차로안,승용,남,66세,상해없음,보행자,남,78세,중상
2018101200100086,2018년 10월 12일 07시,금요일,전라북도 전주시 완산구 평화동2가,경상사고,0,0,2,0,차대차 - 측면충돌,신호위반,건조,맑음,교차로 - 교차로안,승용,남,38세,경상,승용,남,68세,경상
2018101200100165,2018년 10월 12일 09시,금요일,전라북도 전주시 완산구 효자동2가,경상사고,0,0,2,0,차대차 - 정면충돌,신호위반,건조,맑음,교차로 - 교차로안,승용,여,67세,경상,화물,남,35세,경상
2018101200100166,2018년 10월 12일 09시,금요일,전라북도 김제시 서암동,중상사고,0,1,0,0,차대차 - 측면충돌,안전운전불이행,건조,맑음,교차로 - 교차로부근,승용,남,68세,상해없음,이륜,남,81세,중상
2018101200100195,2018년 10월 12일 10시,금요일,전라북도 익산시 모현동1가,경상사고,0,0,1,0,차대사람 - 횡단중,안전운전불이행,건조,맑음,단일로 - 기타,승용,남,51세,상해없음,보행자,여,70세,경상
2018101200100230,2018년 10월 12일 11시,금요일,전라북도 김제시 요촌동,경상사고,0,0,2,0,차대차 - 추돌,안전운전불이행,건조,맑음,단일로 - 기타,승용,남,81세,상해없음,승용,여,35세,경상
2018101200100265,2018년 10월 12일 12시,금요일,전라북도 전주시 덕진구 우아동3가,경상사고,0,0,1,0,차대사람 - 보도통행중,기타,건조,맑음,단일로 - 기타,승용,남,51세,상해없음,보행자,남,34세,경상
2018101200100266,2018년 10월 12일 12시,금요일,전라북도 임실군 임실읍,경상사고,0,0,4,0,차대차 - 측면충돌,중앙선침범,건조,맑음,단일로 - 기타,특수,남,33세,상해없음,승용,여,57세,경상
2018101200100304,2018년 10월 12일 13시,금요일,전라북도 익산시 어양동,경상사고,0,0,2,0,차대차 - 추돌,안전거리미확보,건조,맑음,교차로 - 교차로부근,이륜,남,66세,상해없음,승용,남,59세,경상
2018101200100340,2018년 10월 12일 14시,금요일,전라북도 익산시 영등동,경상사고,0,0,1,0,차대차 - 기타,안전거리미확보,건조,맑음,교차로 - 교차로부근,승용,남,47세,상해없음,이륜,남,24세,경상
2018101200100383,2018년 10월 12일 15시,금요일,전라북도 김제시 금산면,중상사고,0,1,0,0,차대사람 - 횡단중,안전운전불이행,건조,맑음,단일로 - 기타,승용,남,80세,상해없음,보행자,여,65세,중상
2018101200100384,2018년 10월 12일 15시,금요일,전라북도 장수군 천천면,경상사고,0,0,2,0,차대차 - 측면충돌,교차로운행방법위반,건조,맑음,교차로 - 교차로안,화물,남,36세,경상,승용,남,54세,경상
2018101200100423,2018년 10월 12일 16시,금요일,전라북도 전주시 완산구 중화산동2가,경상사고,0,0,2,0,차대차 - 추돌,안전운전불이행,건조,맑음,교차로 - 교차로부근,승용,남,38세,상해없음,승용,여,52세,경상
2018101200100475,2018년 10월 12일 17시,금요일,전라북도 전주시 완산구 효자동3가,경상사고,0,0,1,0,차대차 - 측면충돌,중앙선침범,건조,맑음,교차로 - 교차로부근,승용,남,71세,상해없음,승용,여,32세,경상
2018101200100476,2018년 10월 12일 17시,금요일,전라북도 전주시 완산구 서신동,중상사고,0,3,0,0,차대차 - 기타,신호위반,건조,맑음,교차로 - 교차로안,승용,여,45세,상해없음,승용,여,58세,중상
2018101200100526,2018년 10월 12일 18시,금요일,전라북도 전주시 덕진구 인후동1가,중상사고,0,1,0,0,차대사람 - 기타,안전운전불이행,건조,맑음,단일로 - 기타,승용,남,55세,상해없음,보행자,여,80세,중상
2018101200100527,2018년 10월 12일 18시,금요일,전라북도 군산시 소룡동,중상사고,0,1,0,0,차대사람 - 차도통행중,안전운전불이행,건조,맑음,교차로 - 교차로안,승용,남,54세,상해없음,보행자,여,63세,중상
2018101200100714,2018년 10월 12일 23시,금요일,전라북도 전주시 완산구 중화산동2가,경상사고,0,0,2,0,차대차 - 추돌,안전운전불이행,건조,맑음,단일로 - 기타,승용,여,41세,상해없음,승용,여,44세,경상
2018101300100010,2018년 10월 13일 00시,토요일,전라북도 전주시 덕진구 송천동2가,경상사고,0,0,2,0,차대사람 - 길가장자리구역통행중,안전운전불이행,건조,맑음,단일로 - 기타,승용,남,37세,기타불명,보행자,남,35세,경상
2018101300100038,2018년 10월 13일 01시,토요일,전라북도 전주시 덕진구 덕진동2가,사망사고,1,0,0,0,차량단독 - 기타,안전운전불이행,건조,맑음,단일로 - 기타,이륜,남,38세,사망,,,,
2018101300100039,2018년 10월 13일 01시,토요일,전라북도 부안군 상서면,경상사고,0,0,1,0,차량단독 - 공작물충돌,안전운전불이행,건조,맑음,단일로 - 기타,화물,남,59세,경상,,,,
2018101300100071,2018년 10월 13일 04시,토요일,전라북도 전주시 완산구 서완산동1가,경상사고,0,0,3,0,차대차 - 추돌,신호위반,건조,맑음,교차로 - 교차로안,승용,남,52세,경상,화물,남,72세,경상
2018101300100072,2018년 10월 13일 04시,토요일,전라북도 전주시 완산구 서신동,경상사고,0,0,3,0,차대차 - 추돌,신호위반,건조,맑음,교차로 - 교차로안,승용,여,36세,경상,승용,남,46세,경상
2018101300100093,2018년 10월 13일 06시,토요일,전라북도 전주시 덕진구 진북동,중상사고,0,1,3,0,차대차 - 측면충돌,신호위반,건조,맑음,교차로 - 교차로안,승용,남,53세,상해없음,승용,남,70세,경상
2018101300100237,2018년 10월 13일 11시,토요일,전라북도 정읍시 고부면,경상사고,0,0,4,0,차대차 - 추돌,안전운전불이행,건조,맑음,교차로 - 교차로부근,승용,남,70세,상해없음,승용,남,60세,경상
2018101300100310,2018년 10월 13일 13시,토요일,전라북도 정읍시 고부면,경상사고,0,0,1,0,차대차 - 측면충돌,신호위반,건조,맑음,교차로 - 교차로안,승용,남,59세,상해없음,승용,여,37세,경상
2018101300100412,2018년 10월 13일 16시,토요일,전라북도 군산시 나운동,경상사고,0,0,2,0,차대차 - 기타,안전운전불이행,건조,맑음,교차로 - 교차로안,승용,남,49세,상해없음,승용,남,59세,경상
2018101300100413,2018년 10월 13일 16시,토요일,전라북도 군산시 금암동,경상사고,0,0,1,0,차대차 - 기타,안전운전불이행,건조,맑음,교차로 - 교차로안,승용,남,62세,상해없음,자전거,남,70세,경상
2018101300100447,2018년 10월 13일 17시,토요일,전라북도 군산시 금동,경상사고,0,0,5,0,차대차 - 기타,직진우회전진행방해,건조,맑음,교차로 - 교차로안,승용,남,19세,상해없음,승합,남,39세,경상
2018101300100448,2018년 10월 13일 17시,토요일,전라북도 익산시 영등동,중상사고,0,1,1,0,차대차 - 측면충돌,신호위반,건조,맑음,교차로 - 교차로안,승용,남,76세,상해없음,승용,남,60세,경상
2018101300100486,2018년 10월 13일 18시,토요일,전라북도 군산시 월명동,경상사고,0,0,1,0,차대차 - 측면충돌,직진우회전진행방해,건조,맑음,교차로 - 교차로안,승용,남,39세,상해없음,승용,남,44세,경상
2018101300100518,2018년 10월 13일 19시,토요일,전라북도 남원시 도통동,경상사고,0,0,1,0,차대사람 - 횡단중,안전운전불이행,건조,맑음,단일로 - 기타,승용,남,49세,상해없음,보행자,여,54세,경상
2018101300100550,2018년 10월 13일 20시,토요일,전라북도 군산시 미룡동,경상사고,0,0,1,0,차대차 - 측면충돌,교차로운행방법위반,건조,맑음,교차로 - 교차로안,승용,남,39세,상해없음,이륜,남,38세,경상
2018101300100551,2018년 10월 13일 20시,토요일,전라북도 남원시 도통동,경상사고,0,0,1,0,차대차 - 측면충돌,교차로운행방법위반,건조,맑음,교차로 - 교차로안,승용,남,60세,상해없음,이륜,남,19세,경상
2018101300100552,2018년 10월 13일 20시,토요일,전라북도 완주군 삼례읍,중상사고,0,1,0,0,차대차 - 정면충돌,신호위반,건조,맑음,교차로 - 교차로안,이륜,남,65세,중상,승용,여,50세,상해없음
2018101300100581,2018년 10월 13일 21시,토요일,전라북도 전주시 덕진구 우아동2가,경상사고,0,0,1,0,차대차 - 기타,안전운전불이행,건조,맑음,교차로 - 교차로부근,승용,남,57세,상해없음,이륜,남,19세,경상
2018101300100603,2018년 10월 13일 22시,토요일,전라북도 익산시 인화동2가,경상사고,0,0,1,0,차대차 - 측면충돌,교차로운행방법위반,건조,맑음,교차로 - 교차로안,승용,남,60세,상해없음,승용,남,19세,경상
2018101400100079,2018년 10월 14일 07시,일요일,전라북도 전주시 완산구 평화동1가,중상사고,0,2,0,0,차대차 - 측면충돌,교차로운행방법위반,건조,맑음,교차로 - 교차로안,화물,남,27세,상해없음,이륜,남,70세,중상
2018101400100080,2018년 10월 14일 07시,일요일,전라북도 정읍시 시기동,경상사고,0,0,1,0,차대차 - 측면충돌,신호위반,건조,맑음,교차로 - 교차로안,승용,남,49세,상해없음,승용,남,72세,경상
2018101400100107,2018년 10월 14일 09시,일요일,전라북도 익산시 동산동,경상사고,0,0,1,0,차대차 - 측면충돌,안전운전불이행,건조,맑음,교차로 - 교차로안,승용,남,60세,상해없음,승용,남,24세,경상
2018101400100128,2018년 10월 14일 10시,일요일,전라북도 익산시 어양동,경상사고,0,0,1,0,차대사람 - 기타,안전운전불이행,건조,맑음,단일로 - 기타,승합,남,39세,상해없음,보행자,남,29세,경상