사고번호,사고일시,요일,시군구,사고내용,사망자수,중상자수,경상자수,부상신고자수,사고유형,법규위반,노면상태,기상상태,도로형태,가해운전자 차종,가해운전자 성별,가해운전자 연령,가해운전자 상해정도,피해운전자 차종,피해운전자 성별,피해운전자 연령,피해운전자 상해정도
2018101400100129,2018년 10월 14일 10시,일요일,전라북도 순창군 순창읍,중상사고,0,1,0,0,차대차 - 측면충돌,안전운전불이행,건조,맑음,교차로 - 교차로안,승용,남,65세,상해없음,이륜,남,55세,중상
2018101400100145,2018년 10월 14일 11시,일요일,전라북도 전주시 완산구 석구동,경상사고,0,0,2,0,차대차 - 측면충돌,안전거리미확보,건조,맑음,단일로 - 기타,승용,여,48세,상해없음,이륜,남,58세,경상
2018101400100166,2018년 10월 14일 12시,일요일,전라북도 군산시 경장동,경상사고,0,0,2,0,차대차 - 측면충돌,안전운전불이행,건조,맑음,단일로 - 기타,승용,여,75세,상해없음,승용,남,38세,경상
2018101400100223,2018년 10월 14일 14시,일요일,전라북도 전주시 완산구 풍남동1가,경상사고,0,0,1,0,차대사람 - 횡단중,안전운전불이행,건조,맑음,교차로 - 교차로안,원동기,여,23세,상해없음,보행자,남,17세,경상
2018101400100284,2018년 10월 14일 16시,일요일,전라북도 무주군 무주읍,경상사고,0,0,3,0,차대차 - 후진중충돌,안전운전불이행,건조,맑음,교차로 - 교차로부근,승용,남,81세,상해없음,화물,남,47세,경상
2018101400100311,2018년 10월 14일 17시,일요일,전라북도 전주시 덕진구 금암동,중상사고,0,1,0,0,차대차 - 측면충돌,안전운전불이행,건조,맑음,단일로 - 기타,승용,남,78세,상해없음,자전거,여,77세,중상
2018101400100312,2018년 10월 14일 17시,일요일,전라북도 전주시 덕진구 금암동,경상사고,0,0,1,0,차대차 - 측면충돌,불법유턴,건조,맑음,교차로 - 교차로횡단보도내,원동기,남,71세,기타불명,승용,남,32세,상해없음
2018101400100313,2018년 10월 14일 17시,일요일,전라북도 익산시 인화동1가,경상사고,0,0,2,0,차대차 - 측면충돌,직진우회전진행방해,건조,맑음,교차로 - 교차로안,승용,여,43세,경상,승용,여,22세,경상
2018101400100351,2018년 10월 14일 18시,일요일,전라북도 익산시 모현동2가,중상사고,0,1,0,0,차대차 - 측면충돌,신호위반,건조,맑음,교차로 - 교차로안,승용,남,42세,상해없음,승용,여,56세,중상
2018101400100384,2018년 10월 14일 19시,일요일,전라북도 군산시 소룡동,경상사고,0,0,2,0,차대차 - 기타,안전운전불이행,건조,맑음,교차로 - 교차로안,승용,여,29세,상해없음,승용,남,67세,경상
2018101400100385,2018년 10월 14일 19시,일요일,전라북도 익산시 송학동,경상사고,0,0,3,0,차대차 - 측면충돌,안전운전불이행,건조,맑음,교차로 - 교차로안,승용,남,59세,상해없음,승용,남,32세,경상
2018101400100438,2018년 10월 14일 21시,일요일,전라북도 군산시 개정동,경상사고,0,0,1,0,차대차 - 기타,차로위반,건조,맑음,단일로 - 기타,승용,남,51세,상해없음,이륜,남,53세,경상
2018101500100021,2018년 10월 15일 03시,월요일,전라북도 정읍시 입암면,경상사고,0,0,1,0,차대차 - 추돌,안전운전불이행,건조,맑음,단일로 - 기타,승용,남,36세,상해없음,승용,남,48세,경상
2018101500100048,2018년 10월 15일 06시,월요일,전라북도 전주시 완산구 효자동2가,경상사고,0,0,1,0,차대차 - 측면충돌,신호위반,건조,흐림,교차로 - 교차로안,승용,남,56세,경상,화물,남,42세,상해없음
2018101500100049,2018년 10월 15일 06시,월요일,전라북도 군산시 나운동,경상사고,0,0,1,0,차대사람 - 차도통행중,안전운전불이행,건조,맑음,교차로 - 교차로부근,승용,남,59세,상해없음,보행자,여,23세,경상
2018101500100100,2018년 10월 15일 08시,월요일,전라북도 전주시 완산구 경원동3가,경상사고,0,0,2,0,차대차 - 기타,안전운전불이행,건조,맑음,단일로 - 기타,승용,남,71세,상해없음,승합,남,56세,상해없음
2018101500100101,2018년 10월 15일 08시,월요일,전라북도 전주시 덕진구 팔복동2가,경상사고,0,0,1,0,차대차 - 측면충돌,직진우회전진행방해,건조,맑음,교차로 - 교차로안,승용,남,22세,상해없음,승용,여,32세,경상
2018101500100102,2018년 10월 15일 08시,월요일,전라북도 익산시 신동,중상사고,0,1,0,0,차대차 - 기타,차로위반,건조,맑음,단일로 - 기타,승용,여,38세,상해없음,승합,남,56세,상해없음
2018101500100103,2018년 10월 15일 08시,월요일,전라북도 순창군 팔덕면,경상사고,0,0,2,0,차대차 - 측면충돌,교차로운행방법위반,건조,맑음,교차로 - 교차로안,승용,여,35세,기타불명,승용,여,50세,경상
2018101500100132,2018년 10월 15일 09시,월요일,전라북도 전주시 덕진구 반월동,경상사고,0,0,1,0,차대차 - 측면충돌,직진우회전진행방해,건조,맑음,교차로 - 교차로안,승용,남,65세,상해없음,승합,남,56세,경상
2018101500100160,2018년 10월 15일 10시,월요일,전라북도 부안군 줄포면,경상사고,0,0,1,0,차대차 - 정면충돌,교차로운행방법위반,건조,맑음,교차로 - 교차로안,원동기,여,55세,경상,화물,남,56세,상해없음
2018101500100326,2018년 10월 15일 15시,월요일,전라북도 전주시 완산구 효자동2가,중상사고,0,1,0,0,차대사람 - 횡단중,보행자보호의무위반,건조,맑음,교차로 - 교차로횡단보도내,승용,여,45세,상해없음,보행자,여,22세,중상
2018101500100391,2018년 10월 15일 17시,월요일,전라북도 전주시 덕진구 진북동,경상사고,0,0,1,0,차대차 - 추돌,안전운전불이행,건조,맑음,교차로 - 교차로안,승합,남,42세,상해없음,승용,여,69세,경상
2018101500100432,2018년 10월 15일 18시,월요일,전라북도 전주시 완산구 대성동,중상사고,0,1,0,0,차대사람 - 횡단중,보행자보호의무위반,건조,맑음,교차로 - 교차로횡단보도내,승용,여,48세,상해없음,보행자,여,74세,중상
2018101500100433,2018년 10월 15일 18시,월요일,전라북도 전주시 덕진구 금암동,부상신고사고,0,0,0,1,차대차 - 측면충돌,안전운전불이행,건조,맑음,단일로 - 기타,승용,남,65세,상해없음,승용,여,47세,부상신고
2018101500100486,2018년 10월 15일 19시,월요일,전라북도 군산시 비응도동,경상사고,0,0,3,0,차대차 - 기타,신호위반,건조,맑음,교차로 - 교차로안,승용,여,59세,상해없음,승용,남,49세,경상
2018101500100487,2018년 10월 15일 19시,월요일,전라북도 익산시 어양동,경상사고,0,0,1,0,차대사람 - 횡단중,안전운전불이행,건조,맑음,교차로 - 교차로안,승용,남,27세,상해없음,보행자,남,41세,경상
2018101500100526,2018년 10월 15일 20시,월요일,전라북도 전주시 완산구 평화동2가,경상사고,0,0,1,0,차대차 - 측면충돌,안전운전불이행,건조,맑음,교차로 - 교차로안,승용,여,37세,상해없음,승용,남,28세,경상
2018101500100527,2018년 10월 15일 20시,월요일,전라북도 정읍시 장명동,경상사고,0,0,1,0,차대차 - 측면충돌,중앙선침범,건조,맑음,단일로 - 기타,이륜,남,21세,경상,승용,남,41세,상해없음
2018101500100568,2018년 10월 15일 22시,월요일,전라북도 김제시 만경읍,경상사고,0,0,1,0,차대차 - 측면충돌,안전운전불이행,건조,맑음,단일로 - 기타,승용,남,35세,상해없음,승합,남,48세,상해없음
2018101600100058,2018년 10월 16일 06시,화요일,전라북도 군산시 해망동,경상사고,0,0,1,0,차대사람 - 기타,안전운전불이행,젖음/습기,안개,기타 - 기타,화물,남,58세,상해없음,보행자,여,59세,경상
2018101600100096,2018년 10월 16일 08시,화요일,전라북도 익산시 웅포면,경상사고,0,0,1,0,차대차 - 측면충돌,안전운전불이행,건조,맑음,단일로 - 기타,승합,남,61세,상해없음,승용,여,45세,경상
2018101600100190,2018년 10월 16일 11시,화요일,전라북도 군산시 지곡동,경상사고,0,0,1,0,차대차 - 측면충돌,안전운전불이행,건조,맑음,교차로 - 교차로안,승용,남,41세,상해없음,승용,여,56세,경상
2018101600100227,2018년 10월 16일 12시,화요일,전라북도 익산시 중앙동3가,중상사고,0,1,0,0,차대사람 - 보도통행중,기타,건조,맑음,단일로 - 기타,자전거,여,71세,상해없음,보행자,여,70세,중상
2018101600100257,2018년 10월 16일 13시,화요일,전라북도 정읍시 칠보면,중상사고,0,2,2,0,차대차 - 기타,직진우회전진행방해,건조,맑음,교차로 - 교차로안,승용,남,76세,상해없음,승용,여,56세,경상
2018101600100290,2018년 10월 16일 14시,화요일,전라북도 정읍시 수성동,중상사고,0,1,0,0,차대사람 - 기타,보행자보호의무위반,건조,맑음,교차로 - 교차로안,화물,남,52세,상해없음,보행자,여,43세,중상
2018101600100364,2018년 10월 16일 16시,화요일,전라북도 부안군 동진면,경상사고,0,0,1,0,차대차 - 추돌,안전거리미확보,건조,맑음,교차로 - 교차로부근,승용,남,27세,상해없음,화물,남,44세,경상
2018101600100456,2018년 10월 16일 18시,화요일,전라북도 김제시 요촌동,중상사고,0,1,0,0,차대차 - 기타,기타,건조,맑음,단일로 - 기타,승합,남,64세,상해없음,자전거,여,62세,중상
2018101600100547,2018년 10월 16일 20시,화요일,전라북도 익산시 영등동,경상사고,0,0,1,0,차대차 - 측면충돌,중앙선침범,건조,맑음,교차로 - 교차로부근,승용,남,38세,기타불명,승용,남,58세,경상
2018101600100577,2018년 10월 16일 21시,화요일,전라북도 전주시 덕진구 덕진동2가,중상사고,0,1,0,0,차대차 - 측면충돌,중앙선침범,건조,맑음,단일로 - 기타,승용,남,75세,상해없음,이륜,남,46세,중상
2018101600100605,2018년 10월 16일 23시,화요일,전라북도 전주시 완산구 효자동2가,경상사고,0,0,1,0,차대차 - 측면충돌,신호위반,건조,맑음,교차로 - 교차로안,승용,남,48세,상해없음,승용,남,59세,경상
2018101700100033,2018년 10월 17일 03시,수요일,전라북도 군산시 해망동,경상사고,0,0,1,0,차대사람 - 기타,안전운전불이행,건조,맑음,교차로 - 교차로안,승용,여,65세,상해없음,보행자,여,65세,경상
2018101700100103,2018년 10월 17일 08시,수요일,전라북도 군산시 오식도동,경상사고,0,0,1,0,차대차 - 기타,중앙선침범,건조,맑음,단일로 - 기타,특수,남,56세,상해없음,화물,남,36세,경상
2018101700100104,2018년 10월 17일 08시,수요일,전라북도 익산시 송학동,경상사고,0,0,1,0,차대사람 - 횡단중,보행자보호의무위반,건조,맑음,교차로 - 교차로횡단보도내,승용,여,41세,상해없음,보행자,여,31세,경상
2018101700100105,2018년 10월 17일 08시,수요일,전라북도 익산시 신동,경상사고,0,0,1,0,차대차 - 추돌,안전운전불이행,건조,맑음,교차로 - 교차로부근,승용,남,56세,상해없음,승용,여,37세,경상
2018101700100147,2018년 10월 17일 09시,수요일,전라북도 임실군 관촌면,경상사고,0,0,1,0,차대차 - 정면충돌,중앙선침범,건조,맑음,단일로 - 기타,승용,여,58세,상해없음,화물,남,47세,경상
2018101700100167,2018년 10월 17일 10시,수요일,전라북도 익산시 팔봉동,경상사고,0,0,1,0,차대차 - 측면충돌,안전운전불이행,건조,맑음,교차로 - 교차로안,승용,남,46세,경상,승용,남,62세,상해없음
2018101700100210,2018년 10월 17일 11시,수요일,전라북도 정읍시 수성동,경상사고,0,0,3,0,차대차 - 측면충돌,신호위반,건조,맑음,교차로 - 교차로안,승용,여,56세,경상,승용,여,56세,경상
2018101700100211,2018년 10월 17일 11시,수요일,전라북도 정읍시 연지동,경상사고,0,0,2,0,차대차 - 측면충돌,교차로운행방법위반,건조,맑음,교차로 - 교차로안,승용,여,59세,경상,화물,남,64세,경상
2018101700100280,2018년 10월 17일 13시,수요일,전라북도 순창군 순창읍,중상사고,0,1,0,0,차대사람 - 보도통행중,기타,건조,맑음,기타 - 기타,승용,남,38세,상해없음,보행자,여,54세,중상
2018101700100331,2018년 10월 17일 14시,수요일,전라북도 정읍시 장명동,중상사고,0,1,0,0,차대사람 - 횡단중,보행자보호의무위반,건조,맑음,단일로 - 기타,승용,남,26세,상해없음,보행자,여,58세,중상
2018101700100372,2018년 10월 17일 15시,수요일,전라북도 군산시 나운동,경상사고,0,0,1,0,차대사람 - 기타,안전운전불이행,건조,맑음,교차로 - 교차로부근,승용,여,56세,상해없음,보행자,남,13세,경상
2018101700100418,2018년 10월 17일 16시,수요일,전라북도 전주시 완산구 서신동,중상사고,0,1,0,0,차대차 - 측면충돌,교차로운행방법위반,건조,맑음,교차로 - 교차로안,승용,남,61세,상해없음,이륜,여,37세,중상
2018101700100419,2018년 10월 17일 16시,수요일,전라북도 군산시 경암동,중상사고,0,1,0,0,차대차 - 기타,안전운전불이행,건조,맑음,단일로 - 기타,자전거,남,78세,중상,승용,남,62세,상해없음
2018101700100420,2018년 10월 17일 16시,수요일,전라북도 군산시 회현면,중상사고,0,1,0,0,차량단독 - 전도전복 - 전도,중앙선침범,건조,맑음,단일로 - 기타,이륜,남,41세,중상,미분류,미분류,미분류,미분류
2018101700100465,2018년 10월 17일 17시,수요일,전라북도 전주시 완산구 서신동,경상사고,0,0,2,0,차대사람 - 차도통행중,안전운전불이행,건조,맑음,단일로 - 기타,승용,여,57세,상해없음,보행자,여,37세,경상
2018101700100466,2018년 10월 17일 17시,수요일,전라북도 군산시 소룡동,경상사고,0,0,1,0,차대차 - 기타,안전운전불이행,건조,맑음,교차로 - 교차로횡단보도내,승용,남,47세,상해없음,자전거,남,68세,경상
2018101700100516,2018년 10월 17일 18시,수요일,전라북도 익산시 용안면,경상사고,0,0,1,0,차대차 - 추돌,안전운전불이행,건조,맑음,단일로 - 기타,승용,남,48세,상해없음,농기계,남,38세,경상
2018101700100517,2018년 10월 17일 18시,수요일,전라북도 남원시 노암동,중상사고,0,1,0,0,차대사람 - 횡단중,보행자보호의무위반,건조,맑음,교차로 - 교차로횡단보도내,승용,남,57세,상해없음,보행자,여,82세,중상
2018101700100556,2018년 10월 17일 19시,수요일,전라북도 전주시 완산구 중화산동2가,경상사고,0,0,2,0,차대차 - 측면충돌,안전운전불이행,건조,맑음,교차로 - 교차로안,승용,남,62세,상해없음,승용,남,34세,경상
2018101700100621,2018년 10월 17일 21시,수요일,전라북도 전주시 덕진구 송천동1가,중상사고,0,1,2,0,차대차 - 측면충돌,안전운전불이행,건조,맑음,교차로 - 교차로안,승용,남,57세,상해없음,승합,남,57세,경상
2018101700100622,2018년 10월 17일 21시,수요일,전라북도 익산시 팔봉동,중상사고,0,2,0,0,차대차 - 추돌,안전운전불이행,건조,맑음,단일로 - 기타,승용,남,41세,상해없음,승용,여,30세,중상
2018101700100665,2018년 10월 17일 23시,수요일,전라북도 전주시 완산구 삼천동1가,경상사고,0,0,2,0,차대차 - 기타,안전거리미확보,건조,맑음,교차로 - 교차로부근,승합,남,33세,상해없음,승용,여,23세,경상
2018101800100023,2018년 10월 18일 01시,목요일,전라북도 전주시 완산구 평화동1가,경상사고,0,0,2,0,차대차 - 측면충돌,신호위반,건조,맑음,교차로 - 교차로안,승용,남,43세,상해없음,승용,남,47세,경상
2018101800100056,2018년 10월 18일 06시,목요일,전라북도 정읍시 고부면,사망사고,1,0,0,0,차량단독 - 도로외이탈 - 추락,안전운전불이행,건조,맑음,단일로 - 기타,승용,남,53세,사망,,,,
2018101800100075,2018년 10월 18일 07시,목요일,전라북도 김제시 순동,중상사고,0,1,0,0,차대차 - 측면충돌,차로위반,건조,맑음,교차로 - 교차로부근,화물,남,58세,상해없음,승용,남,34세,중상
2018101800100110,2018년 10월 18일 08시,목요일,전라북도 전주시 덕진구 호성동1가,경상사고,0,0,1,0,차대차 - 기타,불법유턴,건조,맑음,교차로 - 교차로안,승용,여,35세,상해없음,승용,남,48세,경상
2018101800100163,2018년 10월 18일 09시,목요일,전라북도 전주시 완산구 고사동,중상사고,0,1,0,0,차대사람 - 횡단중,보행자보호의무위반,건조,맑음,교차로 - 교차로횡단보도내,승용,남,60세,상해없음,보행자,여,78세,중상
2018101800100164,2018년 10월 18일 09시,목요일,전라북도 익산시 금마면,경상사고,0,0,2,0,차대차 - 측면충돌,중앙선침범,건조,맑음,단일로 - 기타,승용,남,63세,상해없음,승용,남,55세,경상
2018101800100165,2018년 10월 18일 09시,목요일,전라북도 정읍시 시기동,경상사고,0,0,1,0,차대차 - 추돌,안전운전불이행,건조,맑음,단일로 - 기타,승용,남,70세,상해없음,승용,남,39세,경상
2018101800100166,2018년 10월 18일 09시,목요일,전라북도 임실군 임실읍,중상사고,0,1,0,0,차대차 - 측면충돌,안전운전불이행,건조,맑음,교차로 - 교차로부근,승용,남,50세,상해없음,이륜,남,52세,중상
2018101800100225,2018년 10월 18일 11시,목요일,전라북도 전주시 덕진구 인후동2가,중상사고,0,1,0,0,차대사람 - 기타,보행자보호의무위반,건조,기타,단일로 - 기타,승용,남,55세,상해없음,보행자,여,78세,중상
2018101800100226,2018년 10월 18일 11시,목요일,전라북도 남원시 이백면,경상사고,0,0,1,0,차대사람 - 길가장자리구역통행중,안전운전불이행,건조,맑음,단일로 - 기타,화물,남,71세,상해없음,보행자,여,77세,경상
2018101800100284,2018년 10월 18일 13시,목요일,전라북도 김제시 금구면,중상사고,0,1,0,0,차대사람 - 차도통행중,안전운전불이행,건조,맑음,단일로 - 기타,승용,남,64세,상해없음,보행자,여,71세,중상
2018101800100354,2018년 10월 18일 15시,목요일,전라북도 익산시 오산면,중상사고,0,1,0,0,차대사람 - 횡단중,안전운전불이행,건조,맑음,단일로 - 기타,승용,남,69세,상해없음,보행자,남,77세,중상
2018101800100355,2018년 10월 18일 15시,목요일,전라북도 순창군 동계면,경상사고,0,0,1,0,차대차 - 기타,중앙선침범,건조,맑음,단일로 - 기타,화물,남,56세,상해없음,화물,남,50세,경상
2018101800100403,2018년 10월 18일 16시,목요일,전라북도 남원시 금동,중상사고,0,1,0,0,차대차 - 측면충돌,교차로운행방법위반,건조,맑음,교차로 - 교차로안,승용,여,57세,상해없음,이륜,남,44세,중상
2018101800100492,2018년 10월 18일 18시,목요일,전라북도 전주시 덕진구 호성동1가,경상사고,0,0,2,0,차대차 - 측면충돌,불법유턴,건조,맑음,단일로 - 기타,화물,남,59세,상해없음,승합,남,53세,경상
2018101800100493,2018년 10월 18일 18시,목요일,전라북도 익산시 금마면,경상사고,0,0,1,0,차대차 - 측면충돌,안전운전불이행,건조,맑음,교차로 - 교차로안,승용,남,66세,상해없음,농기계,남,64세,기타불명
2018101800100494,2018년 10월 18일 18시,목요일,전라북도 정읍시 태인면,경상사고,0,0,3,0,차대차 - 측면충돌,차로위반,건조,맑음,단일로 - 기타,승용,남,35세,경상,승용,남,53세,경상
2018101800100556,2018년 10월 18일 19시,목요일,전라북도 익산시 어양동,중상사고,0,1,0,0,차대사람 - 횡단중,보행자보호의무위반,건조,맑음,교차로 - 교차로횡단보도내,승용,남,26세,상해없음,보행자,여,45세,중상
2018101800100557,2018년 10월 18일 19시,목요일,전라북도 익산시 신동,경상사고,0,0,1,0,차대사람 - 횡단중,보행자보호의무위반,건조,맑음,교차로 - 교차로횡단보도내,화물,남,43세,상해없음,보행자,남,14세,경상
2018101800100558,2018년 10월 18일 19시,목요일,전라북도 완주군 운주면,경상사고,0,0,1,0,차대차 - 정면충돌,중앙선침범,건조,맑음,단일로 - 기타,승용,남,62세,상해없음,특수,남,44세,경상
2018101800100630,2018년 10월 18일 21시,목요일,전라북도 전주시 덕진구 장동,경상사고,0,0,1,0,차대차 - 측면충돌,신호위반,건조,맑음,교차로 - 교차로횡단보도내,승용,여,43세,상해없음,자전거,남,13세,경상
2018101900100016,2018년 10월 19일 00시,금요일,전라북도 전주시 완산구 경원동1가,경상사고,0,0,1,0,차대차 - 추돌,안전운전불이행,건조,맑음,교차로 - 교차로부근,승용,남,39세,상해없음,승용,남,34세,경상
2018101900100066,2018년 10월 19일 06시,금요일,전라북도 전주시 완산구 중노송동,중상사고,0,1,0,0,차대사람 - 횡단중,안전운전불이행,건조,맑음,단일로 - 기타,승용,남,49세,상해없음,보행자,여,64세,중상
2018101900100092,2018년 10월 19일 07시,금요일,전라북도 전주시 덕진구 금암동,경상사고,0,0,2,0,차대차 - 측면충돌,신호위반,건조,맑음,단일로 - 기타,승용,남,63세,경상,승용,남,34세,경상
2018101900100126,2018년 10월 19일 08시,금요일,전라북도 전주시 완산구 서신동,중상사고,0,1,0,0,차대사람 - 횡단중,안전운전불이행,건조,맑음,교차로 - 교차로안,승용,여,40세,상해없음,보행자,남,33세,중상
2018101900100127,2018년 10월 19일 08시,금요일,전라북도 전주시 덕진구 덕진동2가,경상사고,0,0,4,0,차대차 - 측면충돌,신호위반,건조,맑음,교차로 - 교차로안,승용,남,51세,상해없음,승용,남,52세,경상
2018101900100128,2018년 10월 19일 08시,금요일,전라북도 군산시 내초동,경상사고,0,0,2,0,차대차 - 추돌,안전운전불이행,건조,맑음,단일로 - 기타,화물,남,46세,경상,화물,남,50세,경상
2018101900100176,2018년 10월 19일 09시,금요일,전라북도 김제시 검산동,경상사고,0,0,1,0,차대차 - 기타,안전거리미확보,건조,맑음,단일로 - 기타,화물,남,43세,상해없음,이륜,남,24세,경상
2018101900100257,2018년 10월 19일 11시,금요일,전라북도 전주시 덕진구 동산동,경상사고,0,0,1,0,차대사람 - 횡단중,안전운전불이행,건조,맑음,교차로 - 교차로안,승용,여,51세,상해없음,보행자,여,60세,경상
2018101900100258,2018년 10월 19일 11시,금요일,전라북도 정읍시 옹동면,경상사고,0,0,1,0,차대차 - 측면충돌,차로위반,건조,맑음,단일로 - 기타,승용,남,74세,상해없음,승용,남,33세,경상
2018101900100305,2018년 10월 19일 12시,금요일,전라북도 장수군 번암면,중상사고,0,2,2,0,차대차 - 측면충돌,직진우회전진행방해,건조,맑음,교차로 - 교차로안,화물,남,68세,상해없음,화물,남,76세,중상
2018101900100344,2018년 10월 19일 13시,금요일,전라북도 전주시 완산구 전동,경상사고,0,0,1,0,차대사람 - 횡단중,안전운전불이행,건조,맑음,교차로 - 교차로부근,승용,남,47세,상해없음,보행자,여,62세,경상
2018101900100345,2018년 10월 19일 13시,금요일,전라북도 전주시 덕진구 우아동3가,중상사고,0,1,0,0,차대사람 - 기타,안전운전불이행,건조,맑음,단일로 - 기타,승용,남,49세,상해없음,보행자,여,70세,중상
2018101900100346,2018년 10월 19일 13시,금요일,전라북도 군산시 조촌동,중상사고,0,1,0,0,차대차 - 추돌,안전운전불이행,건조,맑음,단일로 - 기타,원동기,여,71세,중상,화물,남,38세,상해없음
2018101900100384,2018년 10월 19일 14시,금요일,전라북도 순창군 금과면,중상사고,0,1,0,0,차량단독 - 기타,안전운전불이행,건조,맑음,단일로 - 기타,원동기,남,77세,중상,,,,
2018101900100425,2018년 10월 19일 15시,금요일,전라북도 정읍시 연지동,경상사고,0,0,1,0,차대차 - 측면충돌,교차로운행방법위반,건조,맑음,교차로 - 교차로안,승용,남,38세,상해없음,승용,여,32세,경상
2018101900100426,2018년 10월 19일 15시,금요일,전라북도 남원시 금동,경상사고,0,0,1,0,차대차 - 측면충돌,차로위반,건조,맑음,단일로 - 기타,승용,남,71세,상해없음,이륜,여,70세,경상
2018101900100427,2018년 10월 19일 15시,금요일,전라북도 부안군 부안읍,경상사고,0,0,1,0,차대차 - 측면충돌,안전운전불이행,건조,맑음,교차로 - 교차로안,화물,남,59세,상해없음,승합,여,42세,경상
2018101900100428,2018년 10월 19일 15시,금요일,전라북도 부안군 부안읍,경상사고,0,0,1,0,차대사람 - 기타,안전운전불이행,건조,맑음,교차로 - 교차로안,승용,남,24세,상해없음,보행자,여,71세,경상
2018101900100429,2018년 10월 19일 15시,금요일,전라북도 부안군 위도면,중상사고,0,1,0,0,차량단독 - 공작물충돌,안전운전불이행,건조,맑음,단일로 - 기타,화물,남,56세,상해없음,,,,
2018101900100472,2018년 10월 19일 16시,금요일,전라북도 남원시 금동,사망사고,1,0,0,0,차대사람 - 기타,안전운전불이행,건조,맑음,기타 - 기타,승용,남,42세,상해없음,보행자,여,86세,사망
2018101900100473,2018년 10월 19일 16시,금요일,전라북도 고창군 성내면,경상사고,0,0,2,0,차대차 - 측면충돌,신호위반,건조,맑음,교차로 - 교차로안,건설기계,남,63세,상해없음,승용,여,60세,경상
2018101900100526,2018년 10월 19일 17시,금요일,전라북도 전주시 완산구 석구동,중상사고,0,1,0,0,차량단독 - 도로외이탈 - 추락,안전운전불이행,건조,맑음,단일로 - 기타,이륜,남,24세,중상,,,,
2018101900100597,2018년 10월 19일 18시,금요일,전라북도 전주시 덕진구 팔복동3가,경상사고,0,0,1,0,차대차 - 추돌,안전운전불이행,건조,기타,단일로 - 기타,승용,남,43세,상해없음,승용,남,40세,경상
2018101900100598,2018년 10월 19일 18시,금요일,전라북도 군산시 경암동,경상사고,0,0,2,0,차대차 - 기타,안전운전불이행,건조,맑음,교차로 - 교차로부근,화물,남,62세,상해없음,승용,남,20세,경상
2018101900100599,2018년 10월 19일 18시,금요일,전라북도 군산시 미룡동,경상사고,0,0,2,0,차대차 - 측면충돌,안전운전불이행,건조,맑음,교차로 - 교차로안,승용,남,29세,상해없음,승합,남,62세,경상
2018101900100600,2018년 10월 19일 18시,금요일,전라북도 남원시 월락동,경상사고,0,0,1,0,차대차 - 정면충돌,직진우회전진행방해,건조,맑음,교차로 - 교차로안,이륜,남,73세,경상,승용,남,51세,상해없음
2018101900100601,2018년 10월 19일 18시,금요일,전라북도 부안군 부안읍,사망사고,1,1,0,0,차대차 - 추돌,안전운전불이행,건조,맑음,단일로 - 기타,화물,여,63세,사망,농기계,남,61세,중상
2018101900100655,2018년 10월 19일 19시,금요일,전라북도 완주군 삼례읍,중상사고,0,1,1,0,차대차 - 추돌,안전운전불이행,건조,맑음,단일로 - 기타,승용,남,27세,경상,농기계,남,54세,중상
2018101900100701,2018년 10월 19일 20시,금요일,전라북도 김제시 검산동,중상사고,0,1,1,0,차대차 - 측면충돌,안전운전불이행,건조,맑음,교차로 - 교차로안,승용,남,54세,상해없음,승용,남,51세,경상
2018101900100742,2018년 10월 19일 21시,금요일,전라북도 완주군 봉동읍,중상사고,0,1,0,0,차대차 - 추돌,안전운전불이행,건조,맑음,교차로 - 교차로부근,승용,남,34세,상해없음,승용,여,45세,중상
2018101900100795,2018년 10월 19일 23시,금요일,전라북도 전주시 덕진구 송천동1가,중상사고,0,1,0,0,차대차 - 기타,신호위반,건조,흐림,교차로 - 교차로횡단보도내,승용,남,34세,상해없음,자전거,남,21세,중상
2018102000100024,2018년 10월 20일 01시,토요일,전라북도 전주시 덕진구 진북동,경상사고,0,0,1,0,차대차 - 기타,신호위반,건조,맑음,교차로 - 교차로안,승용,남,36세,상해없음,승용,남,64세,경상
2018102000100053,2018년 10월 20일 03시,토요일,전라북도 익산시 남중동,경상사고,0,0,2,0,차대차 - 추돌,안전운전불이행,건조,맑음,교차로 - 교차로부근,승용,남,33세,상해없음,승용,남,53세,경상
2018102000100087,2018년 10월 20일 05시,토요일,전라북도 남원시 도통동,경상사고,0,0,1,0,차대차 - 측면충돌,불법유턴,건조,맑음,교차로 - 교차로안,승용,여,60세,상해없음,승용,여,52세,경상
2018102000100107,2018년 10월 20일 06시,토요일,전라북도 전주시 덕진구 금암동,경상사고,0,0,2,0,차대차 - 추돌,안전운전불이행,건조,흐림,단일로 - 기타,승용,남,55세,상해없음,승용,여,56세,경상
2018102000100108,2018년 10월 20일 06시,토요일,전라북도 군산시 옥서면,중상사고,0,1,0,0,차대차 - 측면충돌,직진우회전진행방해,건조,맑음,교차로 - 교차로안,화물,남,55세,상해없음,자전거,여,71세,중상
2018102000100180,2018년 10월 20일 09시,토요일,전라북도 김제시 금구면,경상사고,0,0,1,0,차대차 - 추돌,안전운전불이행,건조,맑음,단일로 - 기타,화물,남,48세,상해없음,승용,남,28세,경상