사고번호,사고일시,요일,시군구,사고내용,사망자수,중상자수,경상자수,부상신고자수,사고유형,법규위반,노면상태,기상상태,도로형태,가해운전자 차종,가해운전자 성별,가해운전자 연령,가해운전자 상해정도,피해운전자 차종,피해운전자 성별,피해운전자 연령,피해운전자 상해정도
2018103000100309,2018년 10월 30일 13시,화요일,전라북도 익산시 석암동,경상사고,0,0,1,0,차대차 - 측면충돌,신호위반,건조,맑음,교차로 - 교차로안,화물,남,49세,상해없음,화물,여,54세,경상
2018103000100310,2018년 10월 30일 13시,화요일,전라북도 익산시 모현동1가,경상사고,0,0,3,0,차대차 - 후진중충돌,안전운전불이행,건조,맑음,단일로 - 기타,화물,남,22세,상해없음,승용,남,31세,경상
2018103000100346,2018년 10월 30일 14시,화요일,전라북도 군산시 나운동,경상사고,0,0,1,0,차대차 - 기타,안전운전불이행,건조,맑음,교차로 - 교차로안,승용,남,61세,상해없음,승용,여,42세,경상
2018103000100347,2018년 10월 30일 14시,화요일,전라북도 부안군 줄포면,경상사고,0,0,2,0,차대차 - 측면충돌,신호위반,건조,맑음,교차로 - 교차로안,승용,여,65세,경상,화물,남,44세,경상
2018103000100383,2018년 10월 30일 15시,화요일,전라북도 군산시 문화동,중상사고,0,1,0,0,차대사람 - 횡단중,안전운전불이행,건조,맑음,단일로 - 기타,승용,남,27세,상해없음,보행자,여,78세,중상
2018103000100420,2018년 10월 30일 16시,화요일,전라북도 전주시 덕진구 인후동1가,사망사고,1,0,0,0,차대사람 - 횡단중,안전운전불이행,건조,맑음,단일로 - 기타,승용,남,67세,상해없음,보행자,여,63세,사망
2018103000100421,2018년 10월 30일 16시,화요일,전라북도 군산시 오식도동,경상사고,0,0,1,0,차대차 - 기타,교차로운행방법위반,건조,맑음,교차로 - 교차로안,화물,남,54세,상해없음,화물,남,27세,경상
2018103000100422,2018년 10월 30일 16시,화요일,전라북도 익산시 인화동1가,경상사고,0,0,1,0,차대차 - 추돌,안전운전불이행,건조,맑음,단일로 - 기타,승합,남,70세,상해없음,승용,남,64세,상해없음
2018103000100423,2018년 10월 30일 16시,화요일,전라북도 부안군 부안읍,중상사고,0,1,0,0,차대사람 - 횡단중,보행자보호의무위반,건조,맑음,교차로 - 교차로횡단보도내,화물,남,62세,상해없음,보행자,남,7세,중상
2018103000100424,2018년 10월 30일 16시,화요일,전라북도 무주군 안성면,경상사고,0,0,1,0,차대차 - 측면충돌,안전운전불이행,건조,맑음,교차로 - 교차로부근,화물,남,57세,상해없음,원동기,남,84세,경상
2018103000100577,2018년 10월 30일 19시,화요일,전라북도 군산시 나운동,경상사고,0,0,1,0,차대차 - 기타,안전운전불이행,건조,맑음,교차로 - 교차로안,승용,남,56세,상해없음,승용,여,52세,경상
2018103000100621,2018년 10월 30일 20시,화요일,전라북도 전주시 완산구 효자동3가,경상사고,0,0,3,0,차대차 - 측면충돌,안전거리미확보,건조,맑음,교차로 - 교차로안,승용,남,21세,상해없음,승용,남,40세,경상
2018103000100622,2018년 10월 30일 20시,화요일,전라북도 전주시 완산구 서신동,경상사고,0,0,2,0,차대차 - 측면충돌,안전거리미확보,건조,기타,교차로 - 교차로안,승용,여,53세,상해없음,승용,남,54세,경상
2018103000100623,2018년 10월 30일 20시,화요일,전라북도 전주시 덕진구 인후동1가,경상사고,0,0,1,0,차대차 - 추돌,안전운전불이행,건조,흐림,교차로 - 교차로부근,승용,남,40세,상해없음,승용,남,50세,경상
2018103000100624,2018년 10월 30일 20시,화요일,전라북도 순창군 복흥면,부상신고사고,0,0,0,1,차량단독 - 기타,안전운전불이행,건조,맑음,단일로 - 기타,사륜오토바이(ATV),남,68세,부상신고,,,,
2018103000100651,2018년 10월 30일 21시,화요일,전라북도 전주시 완산구 평화동2가,중상사고,0,1,0,0,차대사람 - 차도통행중,안전운전불이행,건조,기타,교차로 - 교차로부근,승용,남,64세,상해없음,보행자,남,63세,중상
2018103000100652,2018년 10월 30일 21시,화요일,전라북도 전주시 덕진구 우아동3가,경상사고,0,0,2,0,차대차 - 추돌,안전운전불이행,건조,맑음,교차로 - 교차로부근,승용,남,61세,상해없음,승용,여,30세,경상
2018103000100699,2018년 10월 30일 23시,화요일,전라북도 전주시 완산구 효자동3가,경상사고,0,0,1,0,차대차 - 측면충돌,안전운전불이행,건조,맑음,단일로 - 기타,기타불명,기타불명,미분류,기타불명,승용,남,58세,상해없음
2018103100100012,2018년 10월 31일 00시,수요일,전라북도 전주시 덕진구 송천동2가,경상사고,0,0,2,0,차대차 - 측면충돌,신호위반,건조,맑음,교차로 - 교차로안,승용,남,51세,상해없음,승용,남,46세,경상
2018103100100086,2018년 10월 31일 07시,수요일,전라북도 김제시 백구면,중상사고,0,1,0,0,차대차 - 추돌,안전운전불이행,건조,맑음,단일로 - 기타,승용,여,27세,상해없음,승용,여,34세,중상
2018103100100087,2018년 10월 31일 07시,수요일,전라북도 부안군 부안읍,경상사고,0,0,1,0,차대차 - 측면충돌,신호위반,젖음/습기,흐림,교차로 - 교차로안,승용,남,84세,상해없음,승용,남,33세,경상
2018103100100119,2018년 10월 31일 08시,수요일,전라북도 전주시 덕진구 금암동,경상사고,0,0,1,0,차대차 - 측면충돌,중앙선침범,건조,맑음,단일로 - 기타,승용,여,56세,상해없음,승용,여,28세,경상
2018103100100157,2018년 10월 31일 09시,수요일,전라북도 부안군 부안읍,경상사고,0,0,3,0,차대차 - 추돌,안전운전불이행,건조,맑음,단일로 - 기타,승용,남,22세,경상,화물,남,75세,경상
2018103100100327,2018년 10월 31일 14시,수요일,전라북도 전주시 덕진구 덕진동1가,경상사고,0,0,1,0,차대차 - 측면충돌,안전거리미확보,건조,맑음,단일로 - 기타,승합,남,56세,상해없음,승용,여,57세,경상
2018103100100328,2018년 10월 31일 14시,수요일,전라북도 군산시 수송동,경상사고,0,0,1,0,차대차 - 측면충돌,직진우회전진행방해,건조,맑음,교차로 - 교차로안,화물,여,51세,상해없음,승용,남,68세,경상
2018103100100354,2018년 10월 31일 15시,수요일,전라북도 전주시 덕진구 금암동,중상사고,0,1,0,0,차대차 - 측면충돌,교차로운행방법위반,건조,맑음,교차로 - 교차로안,승용,여,50세,상해없음,자전거,남,60세,중상
2018103100100355,2018년 10월 31일 15시,수요일,전라북도 정읍시 연지동,경상사고,0,0,1,0,차대차 - 측면충돌,안전운전불이행,건조,맑음,단일로 - 기타,화물,남,59세,상해없음,자전거,남,49세,경상
2018103100100404,2018년 10월 31일 16시,수요일,전라북도 김제시 교동,경상사고,0,0,1,0,차대사람 - 횡단중,안전운전불이행,건조,맑음,단일로 - 기타,승용,여,50세,상해없음,보행자,남,9세,경상
2018103100100405,2018년 10월 31일 16시,수요일,전라북도 순창군 풍산면,경상사고,0,0,1,0,차량단독 - 공작물충돌,안전운전불이행,건조,맑음,단일로 - 기타,화물,남,77세,경상,,,,
2018103100100446,2018년 10월 31일 17시,수요일,전라북도 남원시 동충동,경상사고,0,0,1,0,차대차 - 기타,안전운전불이행,건조,맑음,교차로 - 교차로안,승용,여,58세,상해없음,자전거,여,55세,경상
2018103100100496,2018년 10월 31일 18시,수요일,전라북도 전주시 덕진구 송천동1가,경상사고,0,0,1,0,차대차 - 측면충돌,안전운전불이행,건조,맑음,단일로 - 기타,승합,여,35세,상해없음,승용,여,39세,경상
2018103100100497,2018년 10월 31일 18시,수요일,전라북도 전주시 덕진구 반월동,경상사고,0,0,2,0,차대차 - 측면충돌,차로위반,건조,맑음,교차로 - 교차로부근,승용,남,58세,상해없음,승용,남,67세,경상
2018103100100498,2018년 10월 31일 18시,수요일,전라북도 익산시 왕궁면,사망사고,1,0,0,0,차대차 - 추돌,안전운전불이행,건조,맑음,단일로 - 기타,이륜,남,81세,사망,농기계,남,44세,기타불명
2018103100100499,2018년 10월 31일 18시,수요일,전라북도 익산시 신동,경상사고,0,0,1,0,차대차 - 측면충돌,안전운전불이행,젖음/습기,흐림,교차로 - 교차로안,승용,남,64세,상해없음,승용,여,20세,경상
2018103100100602,2018년 10월 31일 20시,수요일,전라북도 군산시 경암동,경상사고,0,0,2,0,차대차 - 기타,신호위반,젖음/습기,안개,교차로 - 교차로안,승용,여,31세,상해없음,승용,남,67세,경상
2018103100100655,2018년 10월 31일 22시,수요일,전라북도 전주시 덕진구 진북동,경상사고,0,0,1,0,차대사람 - 횡단중,안전운전불이행,건조,맑음,교차로 - 교차로횡단보도내,승용,여,60세,상해없음,보행자,남,40세,경상
2018103100100682,2018년 10월 31일 23시,수요일,전라북도 전주시 완산구 전동,경상사고,0,0,1,0,차대차 - 측면충돌,교차로운행방법위반,건조,맑음,교차로 - 교차로부근,승용,남,45세,상해없음,승용,남,37세,상해없음
2018110100100025,2018년 11월 1일 02시,목요일,전라북도 전주시 완산구 서신동,경상사고,0,0,1,0,차대차 - 측면충돌,교차로운행방법위반,건조,맑음,교차로 - 교차로부근,승용,남,61세,상해없음,승용,여,33세,경상
2018110100100043,2018년 11월 1일 04시,목요일,전라북도 익산시 마동,경상사고,0,0,3,0,차대차 - 측면충돌,신호위반,건조,맑음,교차로 - 교차로안,승용,남,63세,경상,승용,여,59세,경상
2018110100100086,2018년 11월 1일 07시,목요일,전라북도 전주시 덕진구 인후동2가,경상사고,0,0,1,0,차대차 - 측면충돌,안전운전불이행,건조,맑음,교차로 - 교차로안,승용,여,54세,상해없음,승용,남,26세,경상
2018110100100124,2018년 11월 1일 08시,목요일,전라북도 군산시 미원동,중상사고,0,1,0,0,차대차 - 정면충돌,안전운전불이행,건조,맑음,교차로 - 교차로안,승용,여,46세,상해없음,이륜,남,54세,중상
2018110100100170,2018년 11월 1일 09시,목요일,전라북도 전주시 덕진구 송천동1가,경상사고,0,0,1,0,차대차 - 측면충돌,직진우회전진행방해,건조,맑음,교차로 - 교차로안,승용,여,68세,상해없음,승합,남,62세,상해없음
2018110100100171,2018년 11월 1일 09시,목요일,전라북도 군산시 서흥남동,경상사고,0,0,1,0,차대차 - 기타,안전운전불이행,건조,맑음,기타 - 기타,자전거,남,72세,경상,이륜,남,62세,상해없음
2018110100100207,2018년 11월 1일 10시,목요일,전라북도 전주시 완산구 서신동,경상사고,0,0,1,0,차대사람 - 횡단중,보행자보호의무위반,건조,맑음,교차로 - 교차로안,승용,남,65세,상해없음,보행자,여,39세,경상
2018110100100208,2018년 11월 1일 10시,목요일,전라북도 군산시 성산면,경상사고,0,0,1,0,차대차 - 추돌,안전운전불이행,건조,맑음,단일로 - 기타,특수,남,57세,상해없음,건설기계,남,59세,경상
2018110100100238,2018년 11월 1일 11시,목요일,전라북도 익산시 어양동,중상사고,0,1,2,0,차대차 - 측면충돌,안전운전불이행,건조,맑음,단일로 - 기타,승용,남,31세,상해없음,승용,여,56세,경상
2018110100100239,2018년 11월 1일 11시,목요일,전라북도 장수군 장수읍,중상사고,0,1,0,0,차대차 - 측면충돌,교차로운행방법위반,건조,맑음,교차로 - 교차로안,승용,남,86세,상해없음,화물,남,54세,중상
2018110100100273,2018년 11월 1일 12시,목요일,전라북도 전주시 덕진구 호성동1가,경상사고,0,0,1,0,차대차 - 측면충돌,신호위반,건조,맑음,교차로 - 교차로안,건설기계,남,65세,상해없음,화물,남,50세,경상
2018110100100299,2018년 11월 1일 13시,목요일,전라북도 정읍시 내장동,중상사고,0,1,0,0,차대사람 - 길가장자리구역통행중,안전운전불이행,건조,맑음,단일로 - 기타,승용,남,68세,상해없음,보행자,남,78세,중상
2018110100100330,2018년 11월 1일 14시,목요일,전라북도 군산시 옥산면,경상사고,0,0,1,0,차대차 - 추돌,안전운전불이행,건조,맑음,단일로 - 기타,화물,남,63세,상해없음,건설기계,남,48세,경상
2018110100100332,2018년 11월 1일 14시,목요일,전라북도 남원시 금동,경상사고,0,0,1,0,차대사람 - 기타,중앙선침범,건조,맑음,단일로 - 기타,승용,여,56세,상해없음,보행자,여,72세,경상
2018110100100382,2018년 11월 1일 15시,목요일,전라북도 전주시 덕진구 송천동2가,경상사고,0,0,1,0,차대차 - 측면충돌,안전운전불이행,건조,맑음,교차로 - 교차로안,승용,남,75세,상해없음,승합,남,39세,경상
2018110100100383,2018년 11월 1일 15시,목요일,전라북도 전주시 덕진구 덕진동1가,중상사고,0,1,0,0,차대차 - 측면충돌,안전운전불이행,건조,맑음,교차로 - 교차로안,승용,여,63세,상해없음,이륜,남,17세,중상
2018110100100384,2018년 11월 1일 15시,목요일,전라북도 군산시 경암동,중상사고,0,1,0,0,차대사람 - 횡단중,안전운전불이행,건조,맑음,교차로 - 교차로안,화물,남,72세,상해없음,보행자,남,66세,중상
2018110100100385,2018년 11월 1일 15시,목요일,전라북도 남원시 주천면,경상사고,0,0,1,0,차대차 - 측면충돌,신호위반,건조,맑음,교차로 - 교차로안,승합,남,69세,기타불명,승용,여,50세,경상
2018110100100426,2018년 11월 1일 16시,목요일,전라북도 순창군 구림면,경상사고,0,0,1,0,차량단독 - 도로외이탈 - 추락,안전거리미확보,건조,맑음,단일로 - 기타,승용,남,59세,경상,,,,
2018110100100465,2018년 11월 1일 17시,목요일,전라북도 전주시 완산구 효자동3가,중상사고,0,2,0,0,차대차 - 기타,신호위반,건조,맑음,교차로 - 교차로안,농기계,남,81세,중상,승용,남,66세,중상
2018110100100466,2018년 11월 1일 17시,목요일,전라북도 전주시 덕진구 진북동,경상사고,0,0,2,0,차대차 - 측면충돌,신호위반,건조,맑음,교차로 - 교차로안,승용,남,66세,상해없음,승용,여,43세,경상
2018110100100518,2018년 11월 1일 18시,목요일,전라북도 군산시 옥구읍,사망사고,1,0,0,0,차대사람 - 횡단중,보행자보호의무위반,건조,맑음,교차로 - 교차로안,승용,남,54세,상해없음,보행자,남,75세,사망
2018110100100519,2018년 11월 1일 18시,목요일,전라북도 익산시 용제동,경상사고,0,0,1,0,차대사람 - 보도통행중,안전운전불이행,건조,맑음,단일로 - 기타,화물,여,62세,상해없음,보행자,여,63세,경상
2018110100100520,2018년 11월 1일 18시,목요일,전라북도 무주군 설천면,중상사고,0,1,0,0,차대차 - 추돌,안전운전불이행,건조,맑음,단일로 - 지하차도(도로)내,승용,여,47세,상해없음,자전거,남,76세,중상
2018110100100571,2018년 11월 1일 19시,목요일,전라북도 군산시 나운동,경상사고,0,0,3,0,차대차 - 기타,차로위반,건조,맑음,교차로 - 교차로안,승용,남,30세,기타불명,승용,여,26세,경상
2018110100100572,2018년 11월 1일 19시,목요일,전라북도 군산시 수송동,경상사고,0,0,1,0,차대차 - 추돌,안전거리미확보,건조,맑음,단일로 - 기타,승용,남,58세,상해없음,이륜,남,20세,경상
2018110100100573,2018년 11월 1일 19시,목요일,전라북도 정읍시 연지동,경상사고,0,0,1,0,차대사람 - 기타,안전운전불이행,건조,맑음,교차로 - 교차로부근,승용,남,56세,상해없음,보행자,남,44세,경상
2018110100100605,2018년 11월 1일 20시,목요일,전라북도 전주시 덕진구 우아동2가,중상사고,0,1,0,0,차대차 - 측면충돌,직진우회전진행방해,건조,맑음,교차로 - 교차로안,승용,남,55세,상해없음,이륜,남,19세,중상
2018110100100606,2018년 11월 1일 20시,목요일,전라북도 군산시 수송동,중상사고,0,1,0,0,차대사람 - 횡단중,보행자보호의무위반,건조,맑음,교차로 - 교차로안,승용,남,28세,상해없음,보행자,남,38세,중상
2018110100100665,2018년 11월 1일 22시,목요일,전라북도 김제시 금구면,경상사고,0,0,1,0,차대차 - 기타,안전운전불이행,건조,맑음,단일로 - 기타,승용,남,55세,경상,승용,여,59세,상해없음
2018110100100685,2018년 11월 1일 23시,목요일,전라북도 전주시 덕진구 금암동,경상사고,0,0,2,0,차대차 - 측면충돌,신호위반,건조,맑음,교차로 - 교차로안,승용,남,55세,상해없음,승용,남,63세,경상
2018110200100086,2018년 11월 2일 07시,금요일,전라북도 군산시 서수면,중상사고,0,1,0,0,차대차 - 측면충돌,신호위반,건조,맑음,교차로 - 교차로안,승용,여,41세,상해없음,이륜,남,56세,중상
2018110200100184,2018년 11월 2일 09시,금요일,전라북도 군산시 산북동,경상사고,0,0,1,0,차대차 - 기타,안전운전불이행,건조,맑음,단일로 - 기타,승용,남,45세,상해없음,화물,남,24세,경상
2018110200100220,2018년 11월 2일 10시,금요일,전라북도 전주시 완산구 효자동1가,중상사고,0,1,0,0,차대사람 - 차도통행중,안전운전불이행,건조,맑음,교차로 - 교차로안,승용,여,40세,상해없음,보행자,여,49세,중상
2018110200100221,2018년 11월 2일 10시,금요일,전라북도 정읍시 시기동,경상사고,0,0,1,0,차대사람 - 차도통행중,안전운전불이행,건조,맑음,단일로 - 기타,승용,남,83세,상해없음,보행자,여,77세,경상
2018110200100222,2018년 11월 2일 10시,금요일,전라북도 남원시 운봉읍,경상사고,0,0,1,0,차대차 - 측면충돌,직진우회전진행방해,건조,맑음,교차로 - 교차로안,화물,남,68세,상해없음,화물,남,38세,경상
2018110200100257,2018년 11월 2일 11시,금요일,전라북도 정읍시 수성동,경상사고,0,0,1,0,차대차 - 측면충돌,신호위반,건조,맑음,교차로 - 교차로안,승용,여,49세,상해없음,승용,여,55세,경상
2018110200100345,2018년 11월 2일 13시,금요일,전라북도 전주시 덕진구 금암동,경상사고,0,0,1,0,차대차 - 추돌,안전운전불이행,건조,맑음,단일로 - 기타,승용,남,56세,상해없음,승용,남,60세,경상
2018110200100346,2018년 11월 2일 13시,금요일,전라북도 군산시 나포면,중상사고,0,1,0,0,차대차 - 기타,신호위반,건조,맑음,교차로 - 교차로안,승용,여,57세,상해없음,자전거,남,72세,중상
2018110200100388,2018년 11월 2일 14시,금요일,전라북도 전주시 덕진구 우아동1가,중상사고,0,1,0,0,차대사람 - 기타,기타,건조,맑음,단일로 - 기타,승용,남,66세,상해없음,보행자,여,71세,중상
2018110200100426,2018년 11월 2일 15시,금요일,전라북도 군산시 나운동,경상사고,0,0,2,0,차대차 - 기타,안전운전불이행,건조,맑음,교차로 - 교차로안,승용,남,68세,상해없음,승용,남,80세,경상
2018110200100427,2018년 11월 2일 15시,금요일,전라북도 남원시 금지면,경상사고,0,0,1,0,차대차 - 측면충돌,직진우회전진행방해,건조,맑음,교차로 - 교차로안,화물,남,50세,경상,화물,남,38세,상해없음
2018110200100475,2018년 11월 2일 16시,금요일,전라북도 완주군 이서면,중상사고,0,1,1,0,차대차 - 기타,신호위반,건조,맑음,교차로 - 교차로안,승용,여,32세,상해없음,승용,남,65세,중상
2018110200100538,2018년 11월 2일 17시,금요일,전라북도 군산시 조촌동,경상사고,0,0,1,0,차대사람 - 기타,보행자보호의무위반,건조,맑음,교차로 - 교차로횡단보도내,승용,남,69세,상해없음,보행자,남,12세,경상
2018110200100607,2018년 11월 2일 18시,금요일,전라북도 전주시 완산구 교동,중상사고,0,1,0,0,차대사람 - 기타,안전운전불이행,건조,맑음,교차로 - 교차로안,승용,여,35세,상해없음,보행자,여,62세,중상
2018110200100608,2018년 11월 2일 18시,금요일,전라북도 전주시 덕진구 금암동,경상사고,0,0,1,0,차대차 - 기타,안전운전불이행,건조,맑음,단일로 - 기타,승용,남,27세,상해없음,이륜,남,21세,경상
2018110200100609,2018년 11월 2일 18시,금요일,전라북도 전주시 덕진구 성덕동,경상사고,0,0,1,0,차대차 - 추돌,안전운전불이행,건조,맑음,단일로 - 기타,화물,남,57세,상해없음,승용,남,41세,상해없음
2018110200100610,2018년 11월 2일 18시,금요일,전라북도 전주시 덕진구 금암동,경상사고,0,0,1,0,차대차 - 추돌,안전운전불이행,건조,맑음,단일로 - 기타,승용,남,60세,상해없음,승용,여,44세,경상
2018110200100611,2018년 11월 2일 18시,금요일,전라북도 전주시 덕진구 팔복동1가,경상사고,0,0,1,0,차대차 - 측면충돌,안전운전불이행,건조,맑음,기타 - 기타,승용,남,71세,상해없음,승용,여,33세,경상
2018110200100612,2018년 11월 2일 18시,금요일,전라북도 완주군 봉동읍,중상사고,0,1,3,0,차대차 - 기타,교차로운행방법위반,건조,맑음,교차로 - 교차로안,승용,여,58세,상해없음,화물,남,72세,중상
2018110200100680,2018년 11월 2일 19시,금요일,전라북도 익산시 모현동2가,경상사고,0,0,5,0,차대차 - 측면충돌,안전운전불이행,건조,맑음,교차로 - 교차로안,화물,남,66세,상해없음,승용,여,31세,경상
2018110200100681,2018년 11월 2일 19시,금요일,전라북도 남원시 용정동,경상사고,0,0,1,0,차량단독 - 기타,기타,건조,맑음,교차로 - 교차로안,이륜,남,69세,경상,,,,
2018110200100834,2018년 11월 2일 23시,금요일,전라북도 익산시 인화동1가,경상사고,0,0,1,0,차대차 - 추돌,안전운전불이행,건조,맑음,단일로 - 기타,승용,남,48세,상해없음,승용,여,39세,경상
2018110300100023,2018년 11월 3일 01시,토요일,전라북도 군산시 수송동,경상사고,0,0,1,0,차대차 - 추돌,안전운전불이행,건조,맑음,교차로 - 교차로안,승용,남,42세,상해없음,화물,남,27세,경상
2018110300100088,2018년 11월 3일 06시,토요일,전라북도 전주시 덕진구 진북동,중상사고,0,1,0,0,차대사람 - 기타,안전운전불이행,건조,맑음,교차로 - 교차로부근,승용,남,72세,상해없음,보행자,남,82세,중상
2018110300100175,2018년 11월 3일 10시,토요일,전라북도 익산시 모현동1가,경상사고,0,0,1,0,차대차 - 측면충돌,신호위반,건조,맑음,교차로 - 교차로횡단보도내,이륜,남,19세,상해없음,자전거,남,37세,경상
2018110300100220,2018년 11월 3일 11시,토요일,전라북도 전주시 완산구 효자동2가,중상사고,0,1,0,0,차대차 - 측면충돌,안전운전불이행,건조,맑음,교차로 - 교차로안,승용,남,57세,상해없음,이륜,남,86세,중상
2018110300100228,2018년 11월 3일 11시,토요일,전라북도 완주군 삼례읍,경상사고,0,0,1,0,차대차 - 추돌,안전운전불이행,건조,맑음,단일로 - 기타,승용,남,56세,상해없음,화물,남,66세,경상
2018110300100270,2018년 11월 3일 12시,토요일,전라북도 정읍시 수성동,경상사고,0,0,1,0,차대차 - 기타,직진우회전진행방해,건조,맑음,교차로 - 교차로안,승용,남,59세,상해없음,승용,남,67세,경상
2018110300100309,2018년 11월 3일 13시,토요일,전라북도 군산시 대야면,중상사고,0,1,1,0,차대차 - 추돌,안전운전불이행,건조,맑음,단일로 - 지하차도(도로)내,화물,남,66세,상해없음,이륜,남,70세,중상
2018110300100310,2018년 11월 3일 13시,토요일,전라북도 익산시 왕궁면,경상사고,0,0,1,0,차대차 - 기타,안전운전불이행,건조,맑음,기타 - 기타,건설기계,남,58세,상해없음,건설기계,남,35세,경상
2018110300100349,2018년 11월 3일 14시,토요일,전라북도 완주군 삼례읍,경상사고,0,0,2,0,차대차 - 측면충돌,신호위반,건조,맑음,교차로 - 교차로안,승용,남,74세,경상,화물,남,32세,경상
2018110300100386,2018년 11월 3일 15시,토요일,전라북도 군산시 신영동,중상사고,0,1,0,0,차대사람 - 횡단중,신호위반,건조,맑음,교차로 - 교차로횡단보도내,승용,여,66세,상해없음,보행자,남,74세,중상
2018110300100423,2018년 11월 3일 16시,토요일,전라북도 군산시 장재동,경상사고,0,0,1,0,차대차 - 기타,안전운전불이행,건조,맑음,단일로 - 기타,승용,남,56세,상해없음,승용,남,59세,경상
2018110300100424,2018년 11월 3일 16시,토요일,전라북도 익산시 인화동1가,경상사고,0,0,1,0,차대차 - 측면충돌,안전거리미확보,건조,맑음,단일로 - 기타,승용,남,61세,상해없음,화물,남,54세,경상
2018110300100465,2018년 11월 3일 17시,토요일,전라북도 김제시 신풍동,중상사고,0,1,0,0,차대사람 - 횡단중,보행자보호의무위반,건조,맑음,교차로 - 교차로안,화물,남,66세,상해없음,보행자,남,53세,중상
2018110300100466,2018년 11월 3일 17시,토요일,전라북도 남원시 광치동,경상사고,0,0,1,0,차대차 - 측면충돌,신호위반,건조,맑음,교차로 - 교차로안,승용,남,55세,상해없음,승용,남,46세,경상
2018110300100517,2018년 11월 3일 18시,토요일,전라북도 익산시 함열읍,경상사고,0,0,4,0,차대차 - 측면충돌,신호위반,건조,맑음,교차로 - 교차로안,승합,남,58세,상해없음,승용,남,35세,경상
2018110300100518,2018년 11월 3일 18시,토요일,전라북도 김제시 만경읍,중상사고,0,1,1,0,차대차 - 기타,안전운전불이행,건조,맑음,단일로 - 기타,승용,남,58세,상해없음,승용,남,29세,경상
2018110300100563,2018년 11월 3일 19시,토요일,전라북도 전주시 완산구 전동3가,경상사고,0,0,2,0,차대사람 - 보도통행중,안전운전불이행,젖음/습기,흐림,단일로 - 기타,승용,남,33세,상해없음,보행자,여,21세,경상
2018110300100650,2018년 11월 3일 23시,토요일,전라북도 전주시 완산구 효자동3가,경상사고,0,0,1,0,차대차 - 측면충돌,안전운전불이행,건조,맑음,교차로 - 교차로안,승용,남,51세,상해없음,승용,남,41세,상해없음
2018110400100025,2018년 11월 4일 01시,일요일,전라북도 전주시 완산구 중화산동2가,중상사고,0,1,2,0,차대차 - 정면충돌,신호위반,건조,맑음,교차로 - 교차로안,이륜,남,53세,중상,승용,남,51세,경상
2018110400100077,2018년 11월 4일 06시,일요일,전라북도 전주시 덕진구 금암동,경상사고,0,0,1,0,차대차 - 측면충돌,불법유턴,건조,맑음,교차로 - 교차로횡단보도내,자전거,남,17세,경상,승용,남,60세,상해없음
2018110400100078,2018년 11월 4일 06시,일요일,전라북도 부안군 상서면,중상사고,0,1,0,0,차대차 - 추돌,안전운전불이행,건조,맑음,단일로 - 기타,승용,여,69세,상해없음,농기계,남,67세,중상
2018110400100142,2018년 11월 4일 10시,일요일,전라북도 전주시 완산구 원당동,중상사고,0,1,0,0,차대사람 - 기타,안전운전불이행,건조,맑음,교차로 - 교차로안,승용,남,61세,상해없음,보행자,남,66세,중상
2018110400100143,2018년 11월 4일 10시,일요일,전라북도 전주시 덕진구 인후동1가,경상사고,0,0,3,0,차대차 - 추돌,안전거리미확보,건조,맑음,단일로 - 기타,승용,여,57세,상해없음,승용,여,51세,경상
2018110400100164,2018년 11월 4일 11시,일요일,전라북도 군산시 소룡동,경상사고,0,0,1,0,차대차 - 측면충돌,안전운전불이행,건조,맑음,교차로 - 교차로안,승용,남,22세,상해없음,승용,남,34세,경상
2018110400100231,2018년 11월 4일 13시,일요일,전라북도 남원시 산동면,중상사고,0,1,0,0,차대차 - 측면충돌,기타,건조,맑음,교차로 - 교차로안,이륜,남,53세,중상,화물,남,42세,상해없음
2018110400100301,2018년 11월 4일 15시,일요일,전라북도 순창군 유등면,경상사고,0,0,3,0,차대차 - 측면충돌,안전거리미확보,건조,맑음,단일로 - 기타,승용,남,52세,상해없음,승합,남,39세,경상
2018110400100339,2018년 11월 4일 16시,일요일,전라북도 완주군 용진읍,중상사고,0,1,0,0,차대차 - 측면충돌,신호위반,건조,맑음,교차로 - 교차로안,건설기계,남,59세,상해없음,화물,남,65세,중상
2018110400100373,2018년 11월 4일 17시,일요일,전라북도 전주시 완산구 효자동3가,경상사고,0,0,2,0,차대차 - 측면충돌,안전운전불이행,건조,맑음,교차로 - 교차로안,승용,남,71세,상해없음,화물,남,57세,경상
2018110400100374,2018년 11월 4일 17시,일요일,전라북도 고창군 대산면,중상사고,0,1,0,0,차대사람 - 기타,안전운전불이행,건조,맑음,단일로 - 기타,화물,남,63세,상해없음,보행자,여,74세,중상
2018110400100375,2018년 11월 4일 17시,일요일,전라북도 완주군 상관면,중상사고,0,1,1,0,차대차 - 측면충돌,신호위반,건조,맑음,교차로 - 교차로안,이륜,남,33세,중상,승용,남,27세,경상
2018110400100408,2018년 11월 4일 18시,일요일,전라북도 익산시 석탄동,경상사고,0,0,1,0,차대차 - 추돌,안전운전불이행,건조,맑음,단일로 - 기타,승용,남,51세,상해없음,농기계,남,61세,경상