사고번호,사고일시,요일,시군구,사고내용,사망자수,중상자수,경상자수,부상신고자수,사고유형,법규위반,노면상태,기상상태,도로형태,가해운전자 차종,가해운전자 성별,가해운전자 연령,가해운전자 상해정도,피해운전자 차종,피해운전자 성별,피해운전자 연령,피해운전자 상해정도
2018110400100451,2018년 11월 4일 19시,일요일,전라북도 김제시 금구면,경상사고,0,0,5,0,차대차 - 측면충돌,신호위반,건조,맑음,교차로 - 교차로안,화물,남,70세,경상,승용,남,44세,경상
2018110400100524,2018년 11월 4일 22시,일요일,전라북도 정읍시 연지동,경상사고,0,0,2,0,차대차 - 측면충돌,직진우회전진행방해,건조,맑음,교차로 - 교차로안,승용,여,56세,상해없음,승용,여,28세,경상
2018110500100004,2018년 11월 5일 00시,월요일,전라북도 정읍시 수성동,중상사고,0,1,2,0,차대차 - 측면충돌,신호위반,건조,맑음,교차로 - 교차로안,승용,남,21세,경상,승용,남,62세,경상
2018110500100055,2018년 11월 5일 06시,월요일,전라북도 군산시 수송동,중상사고,0,1,0,0,차대사람 - 차도통행중,안전운전불이행,건조,맑음,단일로 - 지하차도(도로)내,승용,여,56세,상해없음,보행자,여,73세,중상
2018110500100056,2018년 11월 5일 06시,월요일,전라북도 정읍시 용계동,경상사고,0,0,1,0,차대차 - 측면충돌,안전운전불이행,건조,맑음,단일로 - 기타,승용,남,57세,상해없음,승용,여,60세,경상
2018110500100117,2018년 11월 5일 08시,월요일,전라북도 전주시 완산구 삼천동1가,중상사고,0,1,0,0,차대사람 - 차도통행중,안전운전불이행,건조,맑음,단일로 - 기타,승용,여,59세,상해없음,보행자,여,15세,중상
2018110500100118,2018년 11월 5일 08시,월요일,전라북도 전주시 덕진구 송천동1가,경상사고,0,0,1,0,차대사람 - 기타,안전운전불이행,건조,맑음,교차로 - 교차로부근,승용,남,67세,상해없음,보행자,남,79세,경상
2018110500100200,2018년 11월 5일 10시,월요일,전라북도 임실군 임실읍,경상사고,0,0,1,0,차대사람 - 보도통행중,기타,건조,맑음,기타 - 기타,화물,남,76세,상해없음,보행자,남,78세,경상
2018110500100240,2018년 11월 5일 11시,월요일,전라북도 군산시 영화동,경상사고,0,0,2,0,차대차 - 기타,교차로운행방법위반,건조,맑음,교차로 - 교차로안,승용,남,64세,경상,승용,남,25세,경상
2018110500100241,2018년 11월 5일 11시,월요일,전라북도 김제시 요촌동,경상사고,0,0,1,0,차대사람 - 횡단중,안전운전불이행,건조,맑음,교차로 - 교차로안,승용,여,44세,상해없음,보행자,남,58세,경상
2018110500100311,2018년 11월 5일 13시,월요일,전라북도 전주시 덕진구 호성동2가,중상사고,0,1,0,0,차대차 - 기타,중앙선침범,건조,맑음,교차로 - 교차로안,승용,남,36세,상해없음,이륜,남,73세,중상
2018110500100346,2018년 11월 5일 14시,월요일,전라북도 전주시 완산구 상림동,경상사고,0,0,1,0,차대차 - 측면충돌,안전거리미확보,건조,맑음,교차로 - 교차로부근,승용,남,55세,상해없음,승합,남,49세,경상
2018110500100383,2018년 11월 5일 15시,월요일,전라북도 전주시 완산구 서신동,경상사고,0,0,1,0,차대차 - 추돌,안전운전불이행,건조,맑음,단일로 - 기타,승용,남,56세,상해없음,승용,여,46세,경상
2018110500100424,2018년 11월 5일 16시,월요일,전라북도 전주시 덕진구 인후동1가,경상사고,0,0,1,0,차대사람 - 기타,안전운전불이행,건조,맑음,교차로 - 교차로안,화물,남,52세,상해없음,보행자,여,16세,경상
2018110500100425,2018년 11월 5일 16시,월요일,전라북도 군산시 소룡동,경상사고,0,0,1,0,차대사람 - 기타,안전운전불이행,건조,맑음,단일로 - 기타,승용,여,54세,상해없음,보행자,여,23세,경상
2018110500100426,2018년 11월 5일 16시,월요일,전라북도 정읍시 상동,경상사고,0,0,1,0,차대차 - 측면충돌,신호위반,건조,맑음,교차로 - 교차로안,승합,남,57세,상해없음,승용,여,44세,경상
2018110500100427,2018년 11월 5일 16시,월요일,전라북도 임실군 강진면,중상사고,0,2,0,0,차대차 - 추돌,과속,건조,맑음,단일로 - 기타,승용,남,65세,상해없음,승용,여,57세,중상
2018110500100472,2018년 11월 5일 17시,월요일,전라북도 군산시 경암동,경상사고,0,0,1,0,차대차 - 기타,교차로운행방법위반,건조,맑음,단일로 - 기타,승용,남,57세,상해없음,자전거,남,60세,경상
2018110500100530,2018년 11월 5일 18시,월요일,전라북도 정읍시 이평면,중상사고,0,1,0,0,차대차 - 추돌,안전거리미확보,건조,맑음,단일로 - 기타,승용,남,54세,상해없음,농기계,남,63세,중상
2018110500100531,2018년 11월 5일 18시,월요일,전라북도 임실군 지사면,중상사고,0,1,0,0,차대사람 - 차도통행중,안전운전불이행,건조,맑음,단일로 - 기타,화물,남,65세,상해없음,보행자,남,86세,중상
2018110500100584,2018년 11월 5일 19시,월요일,전라북도 전주시 완산구 삼천동1가,부상신고사고,0,0,0,1,차대사람 - 횡단중,안전운전불이행,건조,맑음,교차로 - 교차로안,기타불명,기타불명,미분류,기타불명,보행자,여,57세,부상신고
2018110500100585,2018년 11월 5일 19시,월요일,전라북도 전주시 완산구 효자동1가,경상사고,0,0,1,0,차대사람 - 기타,보행자보호의무위반,건조,맑음,기타 - 기타,승용,남,55세,상해없음,보행자,남,55세,경상
2018110500100613,2018년 11월 5일 20시,월요일,전라북도 김제시 요촌동,경상사고,0,0,1,0,차대사람 - 기타,안전운전불이행,건조,맑음,단일로 - 기타,화물,남,52세,상해없음,보행자,남,36세,경상
2018110500100656,2018년 11월 5일 22시,월요일,전라북도 완주군 봉동읍,경상사고,0,0,2,0,차대차 - 추돌,안전거리미확보,건조,맑음,교차로 - 교차로부근,승용,남,53세,상해없음,승용,여,27세,경상
2018110500100677,2018년 11월 5일 23시,월요일,전라북도 완주군 삼례읍,경상사고,0,0,2,0,차대차 - 측면충돌,신호위반,건조,맑음,교차로 - 교차로안,승용,여,57세,상해없음,승용,여,42세,경상
2018110600100064,2018년 11월 6일 07시,화요일,전라북도 군산시 신관동,중상사고,0,1,0,0,차량단독 - 공작물충돌,기타,기타,안개,기타 - 기타,승합,남,66세,중상,,,,
2018110600100103,2018년 11월 6일 08시,화요일,전라북도 익산시 남중동,경상사고,0,0,1,0,차대차 - 측면충돌,직진우회전진행방해,건조,맑음,교차로 - 교차로안,승용,여,41세,상해없음,승용,남,47세,경상
2018110600100104,2018년 11월 6일 08시,화요일,전라북도 정읍시 북면,경상사고,0,0,1,0,차대차 - 측면충돌,교차로운행방법위반,건조,맑음,교차로 - 교차로안,승용,남,25세,상해없음,승용,남,36세,경상
2018110600100145,2018년 11월 6일 09시,화요일,전라북도 전주시 완산구 효자동1가,경상사고,0,0,1,0,차대사람 - 길가장자리구역통행중,안전운전불이행,건조,맑음,단일로 - 기타,승용,남,60세,상해없음,보행자,여,66세,경상
2018110600100146,2018년 11월 6일 09시,화요일,전라북도 김제시 요촌동,경상사고,0,0,1,0,차대차 - 측면충돌,안전운전불이행,건조,맑음,교차로 - 교차로안,화물,남,67세,상해없음,이륜,남,74세,경상
2018110600100177,2018년 11월 6일 10시,화요일,전라북도 익산시 영등동,경상사고,0,0,1,0,차대차 - 측면충돌,안전운전불이행,건조,맑음,교차로 - 교차로부근,화물,남,45세,상해없음,승용,남,58세,경상
2018110600100208,2018년 11월 6일 11시,화요일,전라북도 전주시 완산구 다가동3가,경상사고,0,0,1,0,차대차 - 기타,신호위반,건조,맑음,교차로 - 교차로안,승용,남,65세,상해없음,승용,남,48세,상해없음
2018110600100209,2018년 11월 6일 11시,화요일,전라북도 군산시 경장동,경상사고,0,0,3,0,차대차 - 측면충돌,신호위반,건조,맑음,교차로 - 교차로안,승용,남,56세,상해없음,화물,남,52세,경상
2018110600100246,2018년 11월 6일 12시,화요일,전라북도 전주시 완산구 중앙동3가,경상사고,0,0,1,0,차대차 - 측면충돌,신호위반,건조,맑음,교차로 - 교차로안,자전거,여,78세,경상,승용,남,25세,상해없음
2018110600100295,2018년 11월 6일 14시,화요일,전라북도 순창군 적성면,경상사고,0,0,1,0,차대차 - 측면충돌,안전운전불이행,건조,맑음,교차로 - 교차로안,승용,여,40세,경상,승용,남,59세,상해없음
2018110600100363,2018년 11월 6일 16시,화요일,전라북도 전주시 완산구 중화산동1가,경상사고,0,0,2,0,차대차 - 후진중충돌,안전운전불이행,건조,맑음,단일로 - 기타,승용,남,62세,상해없음,승용,남,28세,경상
2018110600100403,2018년 11월 6일 17시,화요일,전라북도 전주시 덕진구 인후동2가,경상사고,0,0,1,0,차대차 - 추돌,안전운전불이행,건조,맑음,교차로 - 교차로부근,이륜,남,71세,경상,승용,여,57세,상해없음
2018110600100404,2018년 11월 6일 17시,화요일,전라북도 전주시 덕진구 진북동,경상사고,0,0,2,0,차대차 - 추돌,안전운전불이행,건조,맑음,교차로 - 교차로부근,승용,여,20세,상해없음,승용,여,43세,경상
2018110600100405,2018년 11월 6일 17시,화요일,전라북도 익산시 영등동,경상사고,0,0,3,0,차대차 - 측면충돌,안전운전불이행,건조,맑음,교차로 - 교차로안,승용,여,35세,상해없음,이륜,남,17세,경상
2018110600100406,2018년 11월 6일 17시,화요일,전라북도 정읍시 송산동,경상사고,0,0,1,0,차대차 - 측면충돌,안전운전불이행,건조,맑음,교차로 - 교차로안,승합,남,72세,상해없음,화물,남,36세,경상
2018110600100407,2018년 11월 6일 17시,화요일,전라북도 부안군 부안읍,중상사고,0,1,0,0,차대사람 - 횡단중,보행자보호의무위반,건조,맑음,단일로 - 기타,승용,남,38세,상해없음,보행자,여,7세,중상
2018110600100408,2018년 11월 6일 17시,화요일,전라북도 완주군 구이면,경상사고,0,0,2,0,차대차 - 추돌,안전운전불이행,젖음/습기,흐림,단일로 - 기타,승용,남,64세,상해없음,승용,여,27세,경상
2018110600100461,2018년 11월 6일 18시,화요일,전라북도 정읍시 옹동면,중상사고,0,2,1,0,차대차 - 추돌,안전운전불이행,건조,맑음,단일로 - 기타,화물,남,72세,상해없음,농기계,남,71세,중상
2018110600100555,2018년 11월 6일 20시,화요일,전라북도 군산시 산북동,경상사고,0,0,1,0,차대사람 - 기타,안전운전불이행,건조,맑음,단일로 - 기타,승용,여,40세,상해없음,보행자,남,57세,경상
2018110600100599,2018년 11월 6일 22시,화요일,전라북도 전주시 완산구 평화동2가,경상사고,0,0,1,0,차대사람 - 차도통행중,중앙선침범,젖음/습기,흐림,단일로 - 기타,승용,남,57세,상해없음,보행자,여,60세,경상
2018110600100600,2018년 11월 6일 22시,화요일,전라북도 군산시 수송동,경상사고,0,0,1,0,차대차 - 추돌,안전거리미확보,건조,맑음,단일로 - 기타,승용,여,26세,상해없음,승용,여,45세,경상
2018110700100058,2018년 11월 7일 05시,수요일,전라북도 전주시 완산구 서완산동1가,중상사고,0,1,0,0,차대사람 - 횡단중,보행자보호의무위반,젖음/습기,비,교차로 - 교차로안,승용,여,62세,상해없음,보행자,여,80세,중상
2018110700100100,2018년 11월 7일 07시,수요일,전라북도 익산시 춘포면,경상사고,0,0,1,0,차대차 - 측면충돌,중앙선침범,젖음/습기,비,단일로 - 기타,승용,남,51세,상해없음,화물,남,49세,경상
2018110700100172,2018년 11월 7일 09시,수요일,전라북도 정읍시 수성동,경상사고,0,0,2,0,차대차 - 측면충돌,불법유턴,젖음/습기,흐림,교차로 - 교차로부근,승용,남,57세,상해없음,승용,여,44세,경상
2018110700100204,2018년 11월 7일 10시,수요일,전라북도 정읍시 공평동,경상사고,0,0,2,0,차대차 - 측면충돌,신호위반,젖음/습기,비,교차로 - 교차로안,승용,여,62세,상해없음,화물,남,67세,경상
2018110700100261,2018년 11월 7일 12시,수요일,전라북도 전주시 완산구 효자동3가,경상사고,0,0,2,0,차대차 - 측면충돌,안전운전불이행,건조,맑음,교차로 - 교차로안,승용,남,52세,상해없음,화물,남,61세,경상
2018110700100262,2018년 11월 7일 12시,수요일,전라북도 전주시 완산구 효자동2가,경상사고,0,0,1,0,차대차 - 정면충돌,신호위반,건조,맑음,교차로 - 교차로안,승용,여,44세,상해없음,승용,여,56세,경상
2018110700100263,2018년 11월 7일 12시,수요일,전라북도 고창군 신림면,경상사고,0,0,1,0,차대차 - 추돌,안전거리미확보,젖음/습기,비,교차로 - 교차로부근,화물,남,63세,상해없음,승용,남,45세,경상
2018110700100298,2018년 11월 7일 13시,수요일,전라북도 익산시 남중동,경상사고,0,0,1,0,차대차 - 측면충돌,안전운전불이행,건조,흐림,단일로 - 기타,화물,남,50세,상해없음,자전거,남,22세,경상
2018110700100299,2018년 11월 7일 13시,수요일,전라북도 익산시 영등동,경상사고,0,0,1,0,차대차 - 측면충돌,중앙선침범,건조,맑음,단일로 - 기타,승용,남,17세,상해없음,승용,남,50세,경상
2018110700100360,2018년 11월 7일 15시,수요일,전라북도 익산시 창인동1가,중상사고,0,1,0,0,차대사람 - 횡단중,보행자보호의무위반,젖음/습기,비,교차로 - 교차로횡단보도내,승용,여,45세,상해없음,보행자,여,43세,중상
2018110700100396,2018년 11월 7일 16시,수요일,전라북도 전주시 덕진구 우아동2가,경상사고,0,0,1,0,차대사람 - 횡단중,안전운전불이행,건조,흐림,단일로 - 기타,승용,남,47세,상해없음,보행자,여,8세,경상
2018110700100442,2018년 11월 7일 17시,수요일,전라북도 전주시 덕진구 장동,경상사고,0,0,1,0,차대차 - 측면충돌,안전거리미확보,건조,맑음,교차로 - 교차로부근,이륜,남,54세,상해없음,승용,남,34세,경상
2018110700100443,2018년 11월 7일 17시,수요일,전라북도 익산시 함열읍,사망사고,1,0,0,0,차대사람 - 횡단중,안전운전불이행,젖음/습기,비,교차로 - 교차로안,화물,남,53세,상해없음,보행자,여,81세,사망
2018110700100516,2018년 11월 7일 18시,수요일,전라북도 전주시 완산구 효자동1가,경상사고,0,0,1,0,차대차 - 기타,안전운전불이행,젖음/습기,비,단일로 - 기타,승용,남,58세,상해없음,이륜,여,52세,경상
2018110700100517,2018년 11월 7일 18시,수요일,전라북도 익산시 어양동,경상사고,0,0,2,0,차대차 - 측면충돌,안전운전불이행,젖음/습기,비,교차로 - 교차로안,승용,여,27세,상해없음,승용,남,36세,경상
2018110700100518,2018년 11월 7일 18시,수요일,전라북도 남원시 용정동,중상사고,0,1,0,0,차대차 - 추돌,안전운전불이행,젖음/습기,비,단일로 - 기타,승용,남,29세,상해없음,농기계,여,72세,중상
2018110700100586,2018년 11월 7일 19시,수요일,전라북도 전주시 완산구 효자동3가,경상사고,0,0,1,0,차량단독 - 기타,안전운전불이행,건조,기타,단일로 - 기타,승합,남,46세,상해없음,,,,
2018110700100587,2018년 11월 7일 19시,수요일,전라북도 익산시 동산동,경상사고,0,0,1,0,차대차 - 측면충돌,안전운전불이행,젖음/습기,비,교차로 - 교차로부근,승용,여,65세,상해없음,승용,여,23세,경상
2018110700100665,2018년 11월 7일 21시,수요일,전라북도 전주시 완산구 효자동1가,경상사고,0,0,2,0,차대사람 - 횡단중,보행자보호의무위반,건조,기타,단일로 - 기타,이륜,남,40세,상해없음,보행자,남,64세,경상
2018110700100666,2018년 11월 7일 21시,수요일,전라북도 전주시 덕진구 팔복동2가,경상사고,0,0,2,0,차대차 - 기타,중앙선침범,젖음/습기,비,단일로 - 기타,승용,남,54세,상해없음,승용,남,30세,경상
2018110700100713,2018년 11월 7일 23시,수요일,전라북도 전주시 완산구 효자동3가,경상사고,0,0,1,0,차대차 - 측면충돌,안전운전불이행,젖음/습기,비,교차로 - 교차로안,자전거,여,22세,경상,승용,남,57세,상해없음
2018110700100714,2018년 11월 7일 23시,수요일,전라북도 군산시 나운동,경상사고,0,0,1,0,차대차 - 추돌,안전운전불이행,젖음/습기,비,교차로 - 교차로부근,승용,남,21세,상해없음,승용,여,48세,경상
2018110700100715,2018년 11월 7일 23시,수요일,전라북도 남원시 도통동,중상사고,0,2,1,0,차대차 - 기타,신호위반,젖음/습기,비,교차로 - 교차로안,승용,남,23세,상해없음,승용,남,45세,경상
2018110800100045,2018년 11월 8일 02시,목요일,전라북도 전주시 덕진구 전미동2가,중상사고,0,1,0,1,차량단독 - 공작물충돌,안전운전불이행,젖음/습기,비,단일로 - 기타,승용,남,22세,상해없음,,,,
2018110800100055,2018년 11월 8일 03시,목요일,전라북도 전주시 덕진구 인후동1가,부상신고사고,0,0,0,1,차대차 - 기타,안전운전불이행,젖음/습기,비,교차로 - 교차로안,이륜,남,19세,부상신고,승용,남,72세,상해없음
2018110800100130,2018년 11월 8일 07시,목요일,전라북도 전주시 덕진구 인후동1가,중상사고,0,1,1,0,차대차 - 측면충돌,교차로운행방법위반,젖음/습기,비,교차로 - 교차로안,승용,남,72세,상해없음,승용,여,46세,중상
2018110800100131,2018년 11월 8일 07시,목요일,전라북도 익산시 금강동,경상사고,0,0,2,0,차대차 - 측면충돌,안전운전불이행,젖음/습기,비,단일로 - 기타,승용,남,67세,상해없음,승용,남,40세,경상
2018110800100168,2018년 11월 8일 08시,목요일,전라북도 군산시 나운동,경상사고,0,0,2,0,차대차 - 추돌,안전운전불이행,건조,맑음,단일로 - 기타,승용,여,41세,상해없음,승용,여,37세,경상
2018110800100197,2018년 11월 8일 09시,목요일,전라북도 전주시 덕진구 인후동1가,경상사고,0,0,1,0,차대차 - 기타,중앙선침범,젖음/습기,비,교차로 - 교차로부근,화물,남,68세,상해없음,승용,남,26세,경상
2018110800100198,2018년 11월 8일 09시,목요일,전라북도 전주시 덕진구 중동,경상사고,0,0,1,0,차대차 - 측면충돌,교차로운행방법위반,젖음/습기,비,교차로 - 교차로안,승용,여,35세,상해없음,승용,남,29세,경상
2018110800100225,2018년 11월 8일 10시,목요일,전라북도 전주시 덕진구 송천동2가,경상사고,0,0,1,0,차대차 - 측면충돌,신호위반,젖음/습기,흐림,교차로 - 교차로안,승용,여,32세,상해없음,화물,남,58세,경상
2018110800100305,2018년 11월 8일 12시,목요일,전라북도 전주시 완산구 교동,경상사고,0,0,1,0,차대차 - 기타,안전거리미확보,젖음/습기,맑음,단일로 - 기타,승용,남,69세,상해없음,승용,남,68세,경상
2018110800100306,2018년 11월 8일 12시,목요일,전라북도 정읍시 수성동,중상사고,0,1,0,0,차대사람 - 횡단중,보행자보호의무위반,건조,맑음,교차로 - 교차로안,승용,여,49세,상해없음,보행자,여,70세,중상
2018110800100323,2018년 11월 8일 13시,목요일,전라북도 남원시 도통동,경상사고,0,0,1,0,차대차 - 기타,직진우회전진행방해,젖음/습기,흐림,교차로 - 교차로안,화물,남,47세,상해없음,승용,남,47세,상해없음
2018110800100385,2018년 11월 8일 15시,목요일,전라북도 전주시 완산구 중화산동2가,경상사고,0,0,1,0,차대차 - 측면충돌,안전운전불이행,건조,맑음,교차로 - 교차로안,승용,여,55세,상해없음,이륜,남,49세,경상
2018110800100386,2018년 11월 8일 15시,목요일,전라북도 익산시 용안면,경상사고,0,0,2,0,차대차 - 측면충돌,중앙선침범,젖음/습기,비,단일로 - 기타,화물,여,60세,상해없음,승용,남,81세,기타불명
2018110800100413,2018년 11월 8일 16시,목요일,전라북도 순창군 풍산면,경상사고,0,0,1,0,차대차 - 측면충돌,직진우회전진행방해,젖음/습기,비,교차로 - 교차로안,승합,남,47세,상해없음,승용,남,34세,경상
2018110800100457,2018년 11월 8일 17시,목요일,전라북도 전주시 덕진구 송천동2가,경상사고,0,0,1,0,차대사람 - 횡단중,보행자보호의무위반,젖음/습기,비,교차로 - 교차로횡단보도내,화물,남,52세,상해없음,보행자,남,46세,경상
2018110800100458,2018년 11월 8일 17시,목요일,전라북도 전주시 덕진구 송천동1가,경상사고,0,0,1,0,차대차 - 기타,안전운전불이행,젖음/습기,비,단일로 - 기타,승용,남,64세,상해없음,승용,여,41세,경상
2018110800100459,2018년 11월 8일 17시,목요일,전라북도 군산시 임피면,경상사고,0,0,1,0,차대사람 - 횡단중,안전운전불이행,젖음/습기,비,단일로 - 기타,승용,남,63세,상해없음,보행자,여,77세,경상
2018110800100460,2018년 11월 8일 17시,목요일,전라북도 익산시 왕궁면,중상사고,0,1,1,0,차대차 - 정면충돌,중앙선침범,젖음/습기,비,단일로 - 기타,승용,남,72세,상해없음,승용,남,51세,경상
2018110800100541,2018년 11월 8일 18시,목요일,전라북도 전주시 덕진구 팔복동2가,중상사고,0,1,0,0,차대사람 - 길가장자리구역통행중,안전운전불이행,젖음/습기,비,단일로 - 기타,승용,남,58세,상해없음,보행자,남,44세,중상
2018110800100542,2018년 11월 8일 18시,목요일,전라북도 전주시 덕진구 전미동1가,경상사고,0,0,1,0,차대차 - 추돌,안전운전불이행,젖음/습기,비,교차로 - 교차로부근,승용,남,31세,상해없음,승용,여,27세,경상
2018110800100543,2018년 11월 8일 18시,목요일,전라북도 익산시 영등동,중상사고,0,1,0,0,차대사람 - 횡단중,보행자보호의무위반,젖음/습기,비,단일로 - 기타,승용,남,54세,상해없음,보행자,남,58세,중상
2018110800100544,2018년 11월 8일 18시,목요일,전라북도 완주군 삼례읍,중상사고,0,1,1,0,차량단독 - 공작물충돌,안전운전불이행,젖음/습기,비,단일로 - 기타,승용,남,68세,경상,,,,
2018110800100644,2018년 11월 8일 19시,목요일,전라북도 전주시 완산구 서신동,중상사고,0,1,0,0,차대사람 - 횡단중,보행자보호의무위반,건조,맑음,교차로 - 교차로횡단보도내,승용,남,34세,상해없음,보행자,남,72세,중상
2018110800100645,2018년 11월 8일 19시,목요일,전라북도 익산시 영등동,경상사고,0,0,1,0,차대차 - 측면충돌,교차로운행방법위반,젖음/습기,비,교차로 - 교차로부근,승용,남,48세,상해없음,이륜,남,37세,경상
2018110800100760,2018년 11월 8일 21시,목요일,전라북도 전주시 덕진구 산정동,중상사고,0,1,0,0,차대사람 - 기타,안전운전불이행,젖음/습기,흐림,단일로 - 기타,기타불명,기타불명,미분류,기타불명,보행자,남,59세,중상
2018110800100761,2018년 11월 8일 21시,목요일,전라북도 익산시 영등동,경상사고,0,0,1,0,차대차 - 측면충돌,안전운전불이행,젖음/습기,비,교차로 - 교차로안,승용,여,26세,상해없음,승용,남,38세,경상
2018110800100809,2018년 11월 8일 22시,목요일,전라북도 전주시 덕진구 진북동,중상사고,0,1,0,0,차대차 - 측면충돌,신호위반,젖음/습기,비,교차로 - 교차로안,승용,남,54세,상해없음,승용,남,26세,상해없음
2018110800100810,2018년 11월 8일 22시,목요일,전라북도 익산시 신동,경상사고,0,0,2,0,차대차 - 측면충돌,안전운전불이행,젖음/습기,비,단일로 - 기타,승용,남,26세,상해없음,승용,여,52세,경상
2018110800100866,2018년 11월 8일 23시,목요일,전라북도 순창군 순창읍,중상사고,0,1,0,0,차대차 - 측면충돌,신호위반,젖음/습기,비,교차로 - 교차로안,승용,여,49세,상해없음,승용,여,45세,중상
2018110900100084,2018년 11월 9일 06시,금요일,전라북도 익산시 영등동,사망사고,1,0,0,0,차대사람 - 횡단중,과속,건조,맑음,단일로 - 기타,승용,남,46세,상해없음,보행자,여,69세,사망
2018110900100106,2018년 11월 9일 07시,금요일,전라북도 전주시 덕진구 용정동,중상사고,0,1,1,0,차대차 - 측면충돌,안전거리미확보,건조,맑음,단일로 - 기타,화물,남,47세,상해없음,승용,남,40세,중상
2018110900100107,2018년 11월 9일 07시,금요일,전라북도 군산시 소룡동,경상사고,0,0,2,0,차대차 - 기타,교차로운행방법위반,건조,맑음,교차로 - 교차로안,승용,남,67세,상해없음,승용,여,44세,경상
2018110900100109,2018년 11월 9일 07시,금요일,전라북도 김제시 금산면,경상사고,0,0,1,0,차대차 - 측면충돌,안전거리미확보,건조,맑음,단일로 - 기타,건설기계,남,34세,상해없음,승용,남,30세,경상
2018110900100111,2018년 11월 9일 07시,금요일,전라북도 정읍시 하모동,경상사고,0,0,1,0,차대차 - 측면충돌,차로위반,건조,맑음,단일로 - 기타,특수,남,49세,상해없음,승용,남,55세,경상
2018110900100192,2018년 11월 9일 09시,금요일,전라북도 진안군 부귀면,중상사고,0,1,0,0,차대차 - 기타,중앙선침범,젖음/습기,흐림,단일로 - 기타,화물,남,28세,상해없음,승용,기타불명,미분류,기타불명
2018110900100230,2018년 11월 9일 10시,금요일,전라북도 군산시 개사동,경상사고,0,0,1,0,차대차 - 측면충돌,안전거리미확보,건조,맑음,단일로 - 기타,화물,남,48세,상해없음,승용,남,41세,경상
2018110900100294,2018년 11월 9일 12시,금요일,전라북도 군산시 나운동,경상사고,0,0,1,0,차대차 - 측면충돌,안전운전불이행,건조,맑음,교차로 - 교차로안,승용,남,53세,상해없음,승용,남,68세,경상
2018110900100295,2018년 11월 9일 12시,금요일,전라북도 익산시 영등동,경상사고,0,0,3,0,차대차 - 측면충돌,중앙선침범,건조,맑음,단일로 - 기타,승용,남,45세,상해없음,승용,여,23세,경상
2018110900100296,2018년 11월 9일 12시,금요일,전라북도 익산시 영등동,중상사고,0,2,0,0,차대차 - 측면충돌,안전운전불이행,건조,맑음,단일로 - 기타,승용,여,56세,상해없음,이륜,남,72세,중상
2018110900100326,2018년 11월 9일 13시,금요일,전라북도 임실군 임실읍,경상사고,0,0,2,0,차량단독 - 공작물충돌,안전운전불이행,건조,맑음,단일로 - 기타,승합,남,51세,상해없음,,,,
2018110900100350,2018년 11월 9일 14시,금요일,전라북도 전주시 완산구 중앙동1가,경상사고,0,0,2,0,차대차 - 추돌,안전거리미확보,건조,맑음,단일로 - 기타,승용,남,66세,상해없음,승용,남,40세,경상
2018110900100351,2018년 11월 9일 14시,금요일,전라북도 익산시 목천동,중상사고,0,1,3,0,차대차 - 추돌,안전운전불이행,건조,맑음,단일로 - 기타,승용,여,60세,상해없음,승용,남,43세,중상
2018110900100389,2018년 11월 9일 15시,금요일,전라북도 전주시 덕진구 진북동,경상사고,0,0,1,0,차대사람 - 차도통행중,안전운전불이행,건조,흐림,교차로 - 교차로부근,승용,남,26세,상해없음,보행자,남,33세,경상
2018110900100430,2018년 11월 9일 16시,금요일,전라북도 전주시 덕진구 팔복동2가,경상사고,0,0,2,0,차대차 - 추돌,안전운전불이행,건조,맑음,교차로 - 교차로안,승용,남,22세,상해없음,승용,여,35세,경상
2018110900100431,2018년 11월 9일 16시,금요일,전라북도 김제시 공덕면,중상사고,0,1,1,0,차대차 - 후진중충돌,안전운전불이행,건조,맑음,단일로 - 기타,화물,남,57세,상해없음,이륜,여,45세,중상
2018110900100476,2018년 11월 9일 17시,금요일,전라북도 전주시 덕진구 반월동,중상사고,0,1,1,0,차대차 - 추돌,안전운전불이행,건조,맑음,단일로 - 기타,승용,남,59세,상해없음,승용,남,69세,경상
2018110900100477,2018년 11월 9일 17시,금요일,전라북도 익산시 영등동,경상사고,0,0,4,0,차대차 - 추돌,안전운전불이행,건조,맑음,단일로 - 기타,화물,남,41세,상해없음,승용,남,30세,경상
2018110900100478,2018년 11월 9일 17시,금요일,전라북도 장수군 장수읍,중상사고,0,1,0,0,차대차 - 정면충돌,중앙선침범,건조,맑음,단일로 - 기타,화물,남,72세,상해없음,승용,남,41세,중상
2018110900100479,2018년 11월 9일 17시,금요일,전라북도 무주군 적상면,중상사고,0,4,1,0,차대차 - 측면충돌,과속,건조,맑음,단일로 - 지하차도(도로)내,승용,남,59세,상해없음,승용,여,72세,중상
2018110900100543,2018년 11월 9일 18시,금요일,전라북도 전주시 완산구 평화동2가,경상사고,0,0,1,0,차대사람 - 차도통행중,안전운전불이행,건조,맑음,단일로 - 기타,기타불명,기타불명,미분류,기타불명,보행자,남,17세,경상
2018110900100544,2018년 11월 9일 18시,금요일,전라북도 군산시 미룡동,중상사고,0,1,0,0,차대차 - 측면충돌,불법유턴,건조,맑음,단일로 - 기타,승용,남,43세,상해없음,이륜,남,26세,중상
2018110900100545,2018년 11월 9일 18시,금요일,전라북도 완주군 삼례읍,경상사고,0,0,1,0,차대차 - 기타,안전운전불이행,건조,맑음,단일로 - 기타,승용,여,69세,상해없음,자전거,남,70세,경상