사고번호,사고일시,요일,시군구,사고내용,사망자수,중상자수,경상자수,부상신고자수,사고유형,법규위반,노면상태,기상상태,도로형태,가해운전자 차종,가해운전자 성별,가해운전자 연령,가해운전자 상해정도,피해운전자 차종,피해운전자 성별,피해운전자 연령,피해운전자 상해정도
2018110900100605,2018년 11월 9일 19시,금요일,전라북도 전주시 완산구 효자동2가,중상사고,0,1,0,0,차대차 - 기타,불법유턴,건조,맑음,단일로 - 기타,승용,여,49세,상해없음,이륜,남,32세,중상
2018110900100676,2018년 11월 9일 21시,금요일,전라북도 군산시 수송동,중상사고,0,1,0,0,차대차 - 기타,안전거리미확보,건조,맑음,단일로 - 기타,이륜,남,32세,중상,승용,여,21세,상해없음
2018110900100706,2018년 11월 9일 22시,금요일,전라북도 정읍시 상동,경상사고,0,0,2,0,차대차 - 측면충돌,중앙선침범,건조,맑음,단일로 - 기타,승용,여,50세,상해없음,승용,남,62세,경상
2018111000100011,2018년 11월 10일 00시,토요일,전라북도 전주시 완산구 서신동,경상사고,0,0,1,0,차대차 - 측면충돌,안전운전불이행,건조,맑음,교차로 - 교차로부근,승용,남,42세,상해없음,이륜,남,27세,경상
2018111000100012,2018년 11월 10일 00시,토요일,전라북도 전주시 완산구 서서학동,중상사고,0,1,0,0,차대차 - 기타,신호위반,건조,맑음,교차로 - 교차로안,승용,남,28세,상해없음,승용,남,76세,중상
2018111000100055,2018년 11월 10일 03시,토요일,전라북도 남원시 사매면,중상사고,0,1,0,0,차대차 - 기타,안전거리미확보,건조,맑음,단일로 - 기타,승용,남,43세,상해없음,화물,남,74세,중상
2018111000100106,2018년 11월 10일 06시,토요일,전라북도 김제시 공덕면,경상사고,0,0,1,0,차대차 - 정면충돌,중앙선침범,건조,맑음,단일로 - 기타,화물,남,54세,상해없음,화물,남,39세,경상
2018111000100124,2018년 11월 10일 07시,토요일,전라북도 전주시 완산구 효자동2가,중상사고,0,2,1,0,차대차 - 정면충돌,신호위반,건조,맑음,교차로 - 교차로안,승용,남,22세,상해없음,승용,여,46세,중상
2018111000100162,2018년 11월 10일 09시,토요일,전라북도 전주시 완산구 삼천동1가,중상사고,0,1,0,0,차대사람 - 차도통행중,안전운전불이행,건조,맑음,단일로 - 기타,승용,남,30세,상해없음,보행자,여,72세,중상
2018111000100195,2018년 11월 10일 10시,토요일,전라북도 김제시 백구면,중상사고,0,3,3,1,차대차 - 추돌,안전운전불이행,건조,맑음,단일로 - 기타,화물,남,54세,상해없음,승용,남,38세,상해없음
2018111000100230,2018년 11월 10일 11시,토요일,전라북도 전주시 덕진구 금암동,중상사고,0,3,1,0,차대차 - 측면충돌,안전운전불이행,건조,맑음,교차로 - 교차로부근,화물,남,64세,상해없음,승용,여,50세,경상
2018111000100231,2018년 11월 10일 11시,토요일,전라북도 김제시 흥사동,중상사고,0,1,1,0,차대차 - 측면충돌,신호위반,건조,맑음,교차로 - 교차로안,화물,남,51세,상해없음,승용,남,60세,상해없음
2018111000100232,2018년 11월 10일 11시,토요일,전라북도 김제시 하동,중상사고,0,1,1,0,차대차 - 측면충돌,안전운전불이행,건조,맑음,단일로 - 기타,승용,남,64세,상해없음,화물,남,20세,경상
2018111000100233,2018년 11월 10일 11시,토요일,전라북도 남원시 금동,중상사고,0,1,0,0,차대사람 - 차도통행중,안전운전불이행,건조,맑음,단일로 - 기타,승용,남,63세,상해없음,보행자,여,67세,중상
2018111000100269,2018년 11월 10일 12시,토요일,전라북도 김제시 만경읍,경상사고,0,0,3,0,차대차 - 측면충돌,기타,건조,맑음,교차로 - 교차로안,승용,남,65세,상해없음,승용,여,49세,경상
2018111000100310,2018년 11월 10일 13시,토요일,전라북도 전주시 덕진구 덕진동2가,경상사고,0,0,1,0,차대차 - 측면충돌,불법유턴,건조,맑음,교차로 - 교차로부근,승용,남,32세,상해없음,이륜,남,73세,경상
2018111000100311,2018년 11월 10일 13시,토요일,전라북도 익산시 팔봉동,경상사고,0,0,3,0,차대차 - 추돌,직진우회전진행방해,건조,맑음,교차로 - 교차로안,승용,남,61세,상해없음,승용,여,33세,경상
2018111000100312,2018년 11월 10일 13시,토요일,전라북도 부안군 행안면,경상사고,0,0,1,0,차대차 - 측면충돌,안전거리미확보,건조,맑음,교차로 - 교차로부근,원동기,남,62세,경상,화물,남,68세,상해없음
2018111000100352,2018년 11월 10일 14시,토요일,전라북도 전주시 덕진구 우아동2가,경상사고,0,0,1,0,차대사람 - 기타,안전운전불이행,건조,맑음,단일로 - 기타,승합,남,63세,상해없음,보행자,여,22세,경상
2018111000100401,2018년 11월 10일 15시,토요일,전라북도 익산시 창인동2가,중상사고,0,1,5,0,차대차 - 추돌,안전운전불이행,건조,맑음,단일로 - 기타,승용,남,49세,상해없음,승용,남,50세,경상
2018111000100440,2018년 11월 10일 16시,토요일,전라북도 익산시 목천동,중상사고,0,1,0,0,차대차 - 측면충돌,안전운전불이행,건조,맑음,단일로 - 기타,화물,남,53세,상해없음,자전거,남,80세,중상
2018111000100491,2018년 11월 10일 17시,토요일,전라북도 군산시 미장동,경상사고,0,0,2,0,차대차 - 추돌,안전거리미확보,건조,맑음,교차로 - 교차로안,화물,남,53세,상해없음,승용,여,43세,경상
2018111000100492,2018년 11월 10일 17시,토요일,전라북도 남원시 금지면,중상사고,0,1,0,0,차대차 - 측면충돌,직진우회전진행방해,건조,맑음,교차로 - 교차로안,화물,남,59세,상해없음,이륜,남,88세,중상
2018111000100580,2018년 11월 10일 19시,토요일,전라북도 전주시 덕진구 장동,경상사고,0,0,1,0,차대차 - 측면충돌,안전운전불이행,건조,흐림,교차로 - 교차로안,승용,여,53세,상해없음,승용,여,58세,경상
2018111000100615,2018년 11월 10일 20시,토요일,전라북도 군산시 중앙로2가,경상사고,0,0,1,0,차대사람 - 횡단중,안전운전불이행,건조,맑음,단일로 - 기타,승용,남,60세,기타불명,보행자,남,30세,경상
2018111000100640,2018년 11월 10일 21시,토요일,전라북도 김제시 신풍동,중상사고,0,1,0,0,차대사람 - 횡단중,과속,건조,맑음,교차로 - 교차로안,승용,여,47세,상해없음,보행자,여,78세,중상
2018111000100663,2018년 11월 10일 22시,토요일,전라북도 전주시 완산구 전동3가,경상사고,0,0,1,0,차대사람 - 차도통행중,안전운전불이행,건조,맑음,교차로 - 교차로부근,승용,남,35세,상해없음,보행자,여,60세,경상
2018111100100008,2018년 11월 11일 00시,일요일,전라북도 전주시 덕진구 금암동,경상사고,0,0,1,0,차대사람 - 기타,안전운전불이행,건조,흐림,교차로 - 교차로안,승용,남,61세,상해없음,보행자,여,20세,경상
2018111100100110,2018년 11월 11일 09시,일요일,전라북도 완주군 봉동읍,경상사고,0,0,1,0,차대차 - 기타,안전운전불이행,건조,맑음,단일로 - 기타,승합,남,64세,상해없음,승합,여,45세,경상
2018111100100124,2018년 11월 11일 10시,일요일,전라북도 부안군 백산면,경상사고,0,0,2,0,차대차 - 측면충돌,과속,기타,안개,교차로 - 교차로부근,승용,남,62세,경상,승용,남,24세,경상
2018111100100125,2018년 11월 11일 10시,일요일,전라북도 장수군 장계면,중상사고,0,1,0,0,차대사람 - 차도통행중,안전운전불이행,건조,맑음,단일로 - 기타,화물,남,81세,상해없음,보행자,여,90세 이상,중상
2018111100100159,2018년 11월 11일 12시,일요일,전라북도 정읍시 연지동,경상사고,0,0,3,0,차대차 - 측면충돌,직진우회전진행방해,건조,흐림,교차로 - 교차로안,승용,남,24세,경상,승용,여,39세,경상
2018111100100179,2018년 11월 11일 13시,일요일,전라북도 익산시 갈산동,중상사고,0,1,1,0,차대차 - 측면충돌,신호위반,기타,흐림,교차로 - 교차로안,승용,여,50세,상해없음,승용,남,58세,경상
2018111100100207,2018년 11월 11일 14시,일요일,전라북도 전주시 완산구 효자동2가,경상사고,0,0,1,0,차대차 - 측면충돌,기타,건조,맑음,단일로 - 기타,승용,남,62세,상해없음,이륜,남,54세,경상
2018111100100208,2018년 11월 11일 14시,일요일,전라북도 정읍시 시기동,경상사고,0,0,4,0,차대차 - 측면충돌,교차로운행방법위반,건조,흐림,교차로 - 교차로안,승용,남,48세,경상,화물,남,49세,경상
2018111100100234,2018년 11월 11일 15시,일요일,전라북도 정읍시 연지동,경상사고,0,0,1,0,차대사람 - 보도통행중,신호위반,건조,흐림,교차로 - 교차로안,승용,남,80세,상해없음,보행자,여,24세,경상
2018111100100311,2018년 11월 11일 17시,일요일,전라북도 정읍시 내장동,중상사고,0,2,1,0,차대차 - 추돌,안전운전불이행,젖음/습기,비,교차로 - 교차로부근,승용,남,50세,경상,승용,남,33세,중상
2018111100100421,2018년 11월 11일 20시,일요일,전라북도 전주시 완산구 효자동1가,경상사고,0,0,1,0,차대차 - 추돌,안전운전불이행,건조,맑음,단일로 - 기타,승용,남,58세,상해없음,승용,남,38세,경상
2018111100100486,2018년 11월 11일 23시,일요일,전라북도 전주시 덕진구 진북동,경상사고,0,0,1,0,차대차 - 추돌,안전운전불이행,건조,맑음,교차로 - 교차로부근,승용,남,23세,상해없음,승용,여,58세,경상
2018111200100030,2018년 11월 12일 05시,월요일,전라북도 군산시 서흥남동,경상사고,0,0,1,0,차대차 - 기타,신호위반,건조,맑음,교차로 - 교차로안,화물,남,54세,상해없음,승용,남,71세,경상
2018111200100031,2018년 11월 12일 05시,월요일,전라북도 정읍시 농소동,중상사고,0,1,2,0,차대차 - 추돌,안전운전불이행,젖음/습기,흐림,단일로 - 기타,승용,남,18세,상해없음,승용,남,69세,경상
2018111200100051,2018년 11월 12일 06시,월요일,전라북도 전주시 덕진구 호성동2가,경상사고,0,0,1,0,차대차 - 추돌,안전운전불이행,건조,맑음,교차로 - 교차로부근,승용,여,26세,상해없음,화물,남,33세,경상
2018111200100114,2018년 11월 12일 08시,월요일,전라북도 김제시 요촌동,경상사고,0,0,1,0,차대사람 - 보도통행중,신호위반,건조,맑음,교차로 - 교차로횡단보도내,승용,여,68세,상해없음,보행자,여,15세,경상
2018111200100179,2018년 11월 12일 10시,월요일,전라북도 정읍시 신태인읍,사망사고,1,0,0,0,차량단독 - 전도전복 - 전도,안전운전불이행,건조,맑음,단일로 - 기타,자전거,남,77세,사망,미분류,미분류,미분류,미분류
2018111200100210,2018년 11월 12일 11시,월요일,전라북도 전주시 완산구 효자동2가,중상사고,0,1,2,0,차대차 - 기타,안전운전불이행,건조,맑음,교차로 - 교차로안,승용,남,66세,중상,승용,남,25세,경상
2018111200100213,2018년 11월 12일 11시,월요일,전라북도 익산시 인화동1가,중상사고,0,1,0,0,차대사람 - 기타,안전운전불이행,건조,맑음,기타 - 기타,승용,남,71세,상해없음,보행자,여,78세,중상
2018111200100214,2018년 11월 12일 11시,월요일,전라북도 고창군 무장면,중상사고,0,1,0,0,차대사람 - 보도통행중,안전운전불이행,건조,맑음,단일로 - 기타,승용,남,60세,상해없음,보행자,여,73세,중상
2018111200100241,2018년 11월 12일 12시,월요일,전라북도 전주시 완산구 효자동2가,중상사고,0,1,3,0,차대차 - 기타,신호위반,건조,맑음,교차로 - 교차로안,화물,남,68세,경상,승용,남,68세,경상
2018111200100268,2018년 11월 12일 13시,월요일,전라북도 전주시 덕진구 인후동2가,중상사고,0,1,0,0,차대사람 - 횡단중,안전운전불이행,건조,맑음,단일로 - 기타,승용,남,64세,상해없음,보행자,여,75세,중상
2018111200100269,2018년 11월 12일 13시,월요일,전라북도 전주시 덕진구 팔복동2가,경상사고,0,0,1,0,차대차 - 측면충돌,직진우회전진행방해,건조,맑음,교차로 - 교차로안,승용,여,54세,상해없음,승용,남,35세,경상
2018111200100270,2018년 11월 12일 13시,월요일,전라북도 정읍시 소성면,경상사고,0,0,2,0,차대차 - 추돌,안전운전불이행,건조,맑음,교차로 - 교차로부근,화물,남,66세,경상,화물,남,50세,경상
2018111200100305,2018년 11월 12일 14시,월요일,전라북도 군산시 개정동,경상사고,0,0,1,0,차대사람 - 차도통행중,안전운전불이행,건조,맑음,교차로 - 교차로부근,승용,여,60세,상해없음,보행자,남,75세,경상
2018111200100306,2018년 11월 12일 14시,월요일,전라북도 정읍시 시기동,중상사고,0,1,0,0,차대차 - 측면충돌,직진우회전진행방해,건조,맑음,교차로 - 교차로안,이륜,여,53세,중상,승용,여,45세,상해없음
2018111200100380,2018년 11월 12일 16시,월요일,전라북도 정읍시 농소동,경상사고,0,0,4,0,차대차 - 기타,차로위반,건조,맑음,단일로 - 기타,승용,남,68세,상해없음,화물,남,57세,경상
2018111200100419,2018년 11월 12일 17시,월요일,전라북도 전주시 완산구 전동,중상사고,0,1,0,0,차대사람 - 기타,안전운전불이행,건조,맑음,단일로 - 교량,승용,여,57세,상해없음,보행자,남,64세,중상
2018111200100420,2018년 11월 12일 17시,월요일,전라북도 전주시 완산구 서신동,경상사고,0,0,2,0,차대차 - 기타,안전거리미확보,건조,맑음,단일로 - 기타,승용,기타불명,미분류,기타불명,승용,여,39세,경상
2018111200100468,2018년 11월 12일 18시,월요일,전라북도 익산시 어양동,중상사고,0,1,0,0,차대차 - 측면충돌,안전운전불이행,건조,맑음,교차로 - 교차로안,승용,남,66세,상해없음,승용,남,29세,중상
2018111200100527,2018년 11월 12일 19시,월요일,전라북도 군산시 나운동,경상사고,0,0,2,0,차대차 - 측면충돌,신호위반,건조,맑음,교차로 - 교차로안,특수,남,29세,상해없음,승용,남,61세,경상
2018111200100528,2018년 11월 12일 19시,월요일,전라북도 익산시 송학동,경상사고,0,0,1,0,차대사람 - 횡단중,안전운전불이행,건조,맑음,교차로 - 교차로부근,승용,여,71세,상해없음,보행자,여,55세,경상
2018111200100581,2018년 11월 12일 21시,월요일,전라북도 익산시 영등동,경상사고,0,0,1,0,차대사람 - 차도통행중,안전운전불이행,건조,맑음,단일로 - 기타,승용,여,42세,상해없음,보행자,남,44세,경상
2018111200100599,2018년 11월 12일 22시,월요일,전라북도 남원시 월락동,경상사고,0,0,2,0,차대차 - 측면충돌,신호위반,건조,맑음,교차로 - 교차로안,승용,여,58세,상해없음,승용,남,45세,상해없음
2018111200100612,2018년 11월 12일 23시,월요일,전라북도 전주시 덕진구 금암동,경상사고,0,0,1,0,차량단독 - 기타,안전운전불이행,건조,기타,단일로 - 기타,승용,남,50세,상해없음,,,,
2018111300100044,2018년 11월 13일 05시,화요일,전라북도 군산시 경장동,중상사고,0,1,0,0,차대사람 - 보도통행중,기타,건조,맑음,단일로 - 지하차도(도로)내,승용,남,42세,상해없음,보행자,여,63세,중상
2018111300100045,2018년 11월 13일 05시,화요일,전라북도 군산시 문화동,중상사고,0,1,0,0,차대사람 - 차도통행중,안전운전불이행,건조,맑음,교차로 - 교차로안,승용,여,69세,상해없음,보행자,남,84세,중상
2018111300100062,2018년 11월 13일 06시,화요일,전라북도 전주시 덕진구 인후동2가,중상사고,0,1,0,0,차대사람 - 기타,안전운전불이행,건조,흐림,단일로 - 기타,승용,남,37세,상해없음,보행자,여,85세,중상
2018111300100090,2018년 11월 13일 07시,화요일,전라북도 전주시 완산구 서완산동1가,중상사고,0,2,0,0,차대차 - 측면충돌,신호위반,건조,맑음,교차로 - 교차로안,화물,남,75세,중상,승용,남,60세,중상
2018111300100123,2018년 11월 13일 08시,화요일,전라북도 군산시 사정동,중상사고,0,1,0,0,차대차 - 기타,교차로운행방법위반,건조,맑음,교차로 - 교차로부근,화물,남,57세,상해없음,자전거,남,56세,중상
2018111300100124,2018년 11월 13일 08시,화요일,전라북도 정읍시 연지동,경상사고,0,0,1,0,차대사람 - 기타,안전운전불이행,건조,맑음,단일로 - 기타,승용,여,67세,상해없음,보행자,여,46세,경상
2018111300100164,2018년 11월 13일 09시,화요일,전라북도 전주시 덕진구 산정동,경상사고,0,0,2,0,차대차 - 기타,안전거리미확보,건조,맑음,교차로 - 교차로안,승용,남,63세,상해없음,이륜,남,76세,경상
2018111300100239,2018년 11월 13일 11시,화요일,전라북도 남원시 운봉읍,경상사고,0,0,1,0,차대차 - 기타,안전운전불이행,건조,맑음,교차로 - 교차로안,화물,남,71세,상해없음,이륜,남,79세,경상
2018111300100264,2018년 11월 13일 12시,화요일,전라북도 전주시 덕진구 금암동,경상사고,0,0,1,0,차대사람 - 차도통행중,안전운전불이행,건조,맑음,교차로 - 교차로안,화물,남,79세,상해없음,보행자,남,48세,경상
2018111300100265,2018년 11월 13일 12시,화요일,전라북도 완주군 소양면,사망사고,1,1,3,0,차대차 - 측면충돌,신호위반,건조,맑음,교차로 - 교차로안,승용,남,72세,경상,승용,남,54세,경상
2018111300100295,2018년 11월 13일 13시,화요일,전라북도 군산시 미원동,중상사고,0,1,0,0,차대사람 - 횡단중,보행자보호의무위반,건조,맑음,교차로 - 교차로횡단보도내,승합,남,72세,상해없음,보행자,남,71세,중상
2018111300100296,2018년 11월 13일 13시,화요일,전라북도 정읍시 내장동,중상사고,0,1,1,0,차대차 - 측면충돌,중앙선침범,건조,맑음,단일로 - 기타,승용,남,62세,상해없음,화물,남,63세,경상
2018111300100325,2018년 11월 13일 14시,화요일,전라북도 군산시 금동,경상사고,0,0,1,0,차대차 - 측면충돌,안전거리미확보,건조,맑음,교차로 - 교차로부근,승용,남,71세,상해없음,승용,남,51세,경상
2018111300100357,2018년 11월 13일 15시,화요일,전라북도 전주시 완산구 효자동1가,중상사고,0,1,0,0,차대차 - 측면충돌,신호위반,건조,맑음,교차로 - 교차로안,승용,여,37세,상해없음,이륜,남,80세,중상
2018111300100358,2018년 11월 13일 15시,화요일,전라북도 군산시 임피면,경상사고,0,0,1,0,차대차 - 측면충돌,안전운전불이행,건조,맑음,교차로 - 교차로안,화물,남,56세,상해없음,승용,여,48세,경상
2018111300100484,2018년 11월 13일 18시,화요일,전라북도 전주시 완산구 효자동1가,경상사고,0,0,1,0,차대사람 - 횡단중,신호위반,건조,맑음,교차로 - 교차로횡단보도내,화물,남,63세,상해없음,보행자,남,31세,경상
2018111300100526,2018년 11월 13일 19시,화요일,전라북도 군산시 옥도면,중상사고,0,1,1,0,차대차 - 추돌,안전운전불이행,건조,맑음,단일로 - 기타,승용,여,36세,중상,특수,남,56세,경상
2018111300100586,2018년 11월 13일 21시,화요일,전라북도 군산시 수송동,경상사고,0,0,1,0,차대사람 - 횡단중,안전운전불이행,건조,맑음,단일로 - 기타,승용,남,35세,상해없음,보행자,남,16세,경상
2018111300100587,2018년 11월 13일 21시,화요일,전라북도 익산시 오산면,중상사고,0,1,1,0,차대차 - 추돌,안전운전불이행,건조,맑음,단일로 - 기타,화물,남,49세,상해없음,화물,남,31세,경상
2018111300100614,2018년 11월 13일 22시,화요일,전라북도 정읍시 수성동,경상사고,0,0,1,1,차대차 - 측면충돌,직진우회전진행방해,건조,맑음,교차로 - 교차로안,이륜,남,26세,경상,승용,여,20세,부상신고
2018111400100006,2018년 11월 14일 00시,수요일,전라북도 군산시 수송동,경상사고,0,0,2,0,차대차 - 측면충돌,안전거리미확보,건조,맑음,단일로 - 기타,승용,남,54세,경상,승용,남,61세,경상
2018111400100015,2018년 11월 14일 01시,수요일,전라북도 전주시 완산구 효자동2가,경상사고,0,0,1,0,차대차 - 기타,안전운전불이행,건조,맑음,교차로 - 교차로안,승용,여,52세,상해없음,승용,여,63세,경상
2018111400100031,2018년 11월 14일 03시,수요일,전라북도 전주시 덕진구 인후동1가,경상사고,0,0,4,0,차대차 - 추돌,안전운전불이행,건조,맑음,교차로 - 교차로부근,승용,남,29세,상해없음,승합,남,56세,경상
2018111400100032,2018년 11월 14일 03시,수요일,전라북도 전주시 덕진구 덕진동2가,경상사고,0,0,3,0,차대차 - 측면충돌,안전거리미확보,건조,맑음,단일로 - 기타,승용,남,67세,상해없음,승합,남,45세,경상
2018111400100053,2018년 11월 14일 06시,수요일,전라북도 익산시 부송동,경상사고,0,0,1,0,차대차 - 기타,안전운전불이행,건조,맑음,교차로 - 교차로안,승용,남,58세,상해없음,승용,남,69세,경상
2018111400100110,2018년 11월 14일 08시,수요일,전라북도 군산시 나운동,경상사고,0,0,1,0,차대차 - 추돌,안전거리미확보,건조,맑음,교차로 - 교차로안,승용,여,42세,상해없음,승용,여,38세,경상
2018111400100111,2018년 11월 14일 08시,수요일,전라북도 익산시 망성면,경상사고,0,0,3,0,차대차 - 측면충돌,중앙선침범,건조,맑음,단일로 - 기타,화물,남,70세,경상,승용,남,37세,경상
2018111400100152,2018년 11월 14일 09시,수요일,전라북도 전주시 완산구 다가동1가,경상사고,0,0,1,0,차대사람 - 횡단중,보행자보호의무위반,건조,맑음,교차로 - 교차로횡단보도내,화물,남,45세,상해없음,보행자,여,76세,경상
2018111400100153,2018년 11월 14일 09시,수요일,전라북도 부안군 계화면,중상사고,0,2,0,0,차대차 - 측면충돌,직진우회전진행방해,건조,맑음,교차로 - 교차로안,승합,남,79세,상해없음,승용,남,68세,중상
2018111400100269,2018년 11월 14일 12시,수요일,전라북도 전주시 덕진구 송천동1가,중상사고,0,1,0,0,차대차 - 기타,안전운전불이행,건조,맑음,단일로 - 기타,승용,여,63세,상해없음,승용,여,37세,상해없음
2018111400100298,2018년 11월 14일 13시,수요일,전라북도 전주시 덕진구 용정동,경상사고,0,0,1,0,차대차 - 측면충돌,안전거리미확보,건조,맑음,기타 - 기타,특수,남,50세,상해없음,승용,여,49세,경상
2018111400100332,2018년 11월 14일 14시,수요일,전라북도 정읍시 수성동,중상사고,0,2,1,0,차대차 - 측면충돌,직진우회전진행방해,건조,맑음,교차로 - 교차로안,화물,남,55세,중상,화물,남,43세,경상
2018111400100366,2018년 11월 14일 15시,수요일,전라북도 남원시 향교동,경상사고,0,0,1,0,차대사람 - 횡단중,보행자보호의무위반,건조,맑음,교차로 - 교차로횡단보도내,승용,남,54세,상해없음,보행자,여,80세,경상
2018111400100402,2018년 11월 14일 16시,수요일,전라북도 전주시 덕진구 진북동,경상사고,0,0,1,0,차대사람 - 기타,안전운전불이행,건조,맑음,교차로 - 교차로횡단보도내,승용,남,66세,상해없음,보행자,남,15세,경상
2018111400100403,2018년 11월 14일 16시,수요일,전라북도 전주시 덕진구 중동,경상사고,0,0,1,0,차대차 - 기타,중앙선침범,건조,맑음,단일로 - 기타,승용,여,41세,상해없음,승용,남,50세,경상
2018111400100404,2018년 11월 14일 16시,수요일,전라북도 진안군 진안읍,경상사고,0,0,1,0,차대사람 - 기타,안전운전불이행,건조,맑음,교차로 - 교차로안,화물,남,55세,상해없음,보행자,여,71세,경상
2018111400100450,2018년 11월 14일 17시,수요일,전라북도 전주시 덕진구 덕진동2가,경상사고,0,0,1,0,차대차 - 측면충돌,신호위반,건조,맑음,교차로 - 교차로안,승용,남,69세,상해없음,승용,여,45세,경상
2018111400100451,2018년 11월 14일 17시,수요일,전라북도 임실군 임실읍,경상사고,0,0,1,0,차대차 - 추돌,안전거리미확보,건조,맑음,단일로 - 기타,승용,여,29세,상해없음,승용,여,55세,경상
2018111400100525,2018년 11월 14일 18시,수요일,전라북도 무주군 무주읍,중상사고,0,1,0,0,차대차 - 측면충돌,안전운전불이행,건조,맑음,교차로 - 교차로부근,승용,남,39세,상해없음,원동기,여,78세,중상
2018111400100582,2018년 11월 14일 19시,수요일,전라북도 전주시 완산구 서서학동,경상사고,0,0,2,0,차대차 - 측면충돌,안전운전불이행,건조,맑음,교차로 - 교차로부근,승용,남,74세,상해없음,승용,여,35세,경상
2018111400100583,2018년 11월 14일 19시,수요일,전라북도 익산시 신용동,경상사고,0,0,1,0,차대차 - 측면충돌,안전거리미확보,건조,맑음,단일로 - 기타,승용,남,83세,상해없음,이륜,남,20세,경상
2018111400100627,2018년 11월 14일 20시,수요일,전라북도 전주시 덕진구 금암동,경상사고,0,0,2,0,차대차 - 측면충돌,신호위반,건조,맑음,교차로 - 교차로안,이륜,남,18세,경상,승용,남,55세,경상
2018111400100706,2018년 11월 14일 23시,수요일,전라북도 익산시 남중동,중상사고,0,1,0,0,차대차 - 정면충돌,신호위반,건조,맑음,교차로 - 교차로안,승용,여,35세,상해없음,화물,남,50세,중상
2018111500100047,2018년 11월 15일 05시,목요일,전라북도 전주시 덕진구 우아동3가,경상사고,0,0,2,0,차대차 - 측면충돌,차로위반,건조,흐림,단일로 - 기타,승용,남,21세,상해없음,승용,남,25세,경상
2018111500100048,2018년 11월 15일 05시,목요일,전라북도 전주시 덕진구 인후동1가,중상사고,0,1,0,0,차대사람 - 횡단중,안전운전불이행,건조,맑음,교차로 - 교차로안,승용,남,54세,상해없음,보행자,여,82세,중상
2018111500100068,2018년 11월 15일 06시,목요일,전라북도 전주시 덕진구 송천동1가,사망사고,1,0,0,0,차대사람 - 횡단중,안전운전불이행,건조,맑음,단일로 - 기타,화물,남,74세,상해없음,보행자,여,71세,사망
2018111500100115,2018년 11월 15일 08시,목요일,전라북도 군산시 미원동,중상사고,0,1,0,0,차대사람 - 기타,보행자보호의무위반,건조,맑음,교차로 - 교차로횡단보도내,승용,여,65세,상해없음,보행자,여,22세,중상
2018111500100116,2018년 11월 15일 08시,목요일,전라북도 김제시 신풍동,중상사고,0,1,0,0,차대사람 - 횡단중,안전운전불이행,건조,맑음,단일로 - 기타,승용,여,57세,상해없음,보행자,여,70세,중상
2018111500100219,2018년 11월 15일 11시,목요일,전라북도 정읍시 연지동,경상사고,0,0,1,0,차대차 - 측면충돌,신호위반,건조,맑음,교차로 - 교차로안,이륜,남,66세,경상,승용,남,66세,상해없음
2018111500100220,2018년 11월 15일 11시,목요일,전라북도 김제시 죽산면,경상사고,0,0,2,0,차대차 - 기타,교차로운행방법위반,건조,맑음,교차로 - 교차로안,승용,남,71세,상해없음,건설기계,남,60세,경상
2018111500100245,2018년 11월 15일 12시,목요일,전라북도 남원시 동충동,중상사고,0,1,0,0,차대사람 - 길가장자리구역통행중,안전운전불이행,건조,맑음,교차로 - 교차로안,승용,여,76세,상해없음,보행자,여,76세,중상
2018111500100304,2018년 11월 15일 14시,목요일,전라북도 전주시 완산구 평화동2가,중상사고,0,2,0,0,차대차 - 추돌,안전거리미확보,건조,맑음,교차로 - 교차로안,승합,남,62세,상해없음,승용,남,84세,중상
2018111500100335,2018년 11월 15일 15시,목요일,전라북도 전주시 덕진구 덕진동1가,중상사고,0,1,0,0,차대차 - 측면충돌,안전운전불이행,건조,맑음,교차로 - 교차로부근,승용,여,47세,상해없음,자전거,남,72세,중상
2018111500100336,2018년 11월 15일 15시,목요일,전라북도 군산시 나운동,경상사고,0,0,3,0,차대차 - 추돌,안전운전불이행,건조,맑음,단일로 - 기타,승용,남,22세,상해없음,승용,여,30세,경상
2018111500100337,2018년 11월 15일 15시,목요일,전라북도 정읍시 연지동,경상사고,0,0,1,0,차대차 - 측면충돌,중앙선침범,건조,맑음,단일로 - 기타,승용,남,72세,상해없음,승용,남,55세,경상
2018111500100408,2018년 11월 15일 17시,목요일,전라북도 전주시 덕진구 진북동,중상사고,0,1,0,0,차대차 - 측면충돌,직진우회전진행방해,건조,맑음,교차로 - 교차로안,승용,남,47세,상해없음,승용,여,57세,중상
2018111500100409,2018년 11월 15일 17시,목요일,전라북도 전주시 덕진구 금암동,경상사고,0,0,1,0,차대차 - 측면충돌,교차로운행방법위반,건조,맑음,교차로 - 교차로안,승용,여,51세,상해없음,건설기계,남,51세,경상
2018111500100410,2018년 11월 15일 17시,목요일,전라북도 익산시 성당면,중상사고,0,1,0,0,차대차 - 추돌,과속,건조,맑음,단일로 - 기타,승용,남,32세,상해없음,건설기계,남,61세,중상
2018111500100411,2018년 11월 15일 17시,목요일,전라북도 익산시 신동,경상사고,0,0,1,0,차대차 - 측면충돌,신호위반,건조,맑음,교차로 - 교차로안,승용,여,61세,상해없음,승용,남,25세,경상