사고번호,사고일시,요일,시군구,사고내용,사망자수,중상자수,경상자수,부상신고자수,사고유형,법규위반,노면상태,기상상태,도로형태,가해운전자 차종,가해운전자 성별,가해운전자 연령,가해운전자 상해정도,피해운전자 차종,피해운전자 성별,피해운전자 연령,피해운전자 상해정도
2018111500100412,2018년 11월 15일 17시,목요일,전라북도 무주군 설천면,경상사고,0,0,1,0,차대차 - 추돌,중앙선침범,건조,맑음,단일로 - 지하차도(도로)내,승용,여,59세,상해없음,승용,남,45세,경상
2018111500100471,2018년 11월 15일 18시,목요일,전라북도 전주시 완산구 효자동1가,경상사고,0,0,1,0,차량단독 - 기타,안전운전불이행,건조,기타,교차로 - 교차로부근,승합,남,56세,상해없음,,,,
2018111500100472,2018년 11월 15일 18시,목요일,전라북도 익산시 용안면,경상사고,0,0,1,0,차대차 - 측면충돌,중앙선침범,건조,맑음,교차로 - 교차로부근,승합,남,49세,상해없음,승용,여,29세,경상
2018111500100523,2018년 11월 15일 19시,목요일,전라북도 전주시 덕진구 송천동2가,경상사고,0,0,1,0,차대차 - 추돌,안전운전불이행,건조,맑음,교차로 - 교차로횡단보도내,승합,남,59세,상해없음,승용,남,28세,경상
2018111500100524,2018년 11월 15일 19시,목요일,전라북도 부안군 행안면,경상사고,0,0,1,0,차대사람 - 기타,과속,건조,맑음,단일로 - 기타,승용,남,23세,상해없음,보행자,남,63세,경상
2018111500100526,2018년 11월 15일 19시,목요일,전라북도 부안군 상서면,중상사고,0,2,0,0,차대차 - 측면충돌,과속,건조,흐림,교차로 - 교차로안,승용,남,58세,중상,화물,남,43세,중상
2018111500100569,2018년 11월 15일 20시,목요일,전라북도 정읍시 송산동,경상사고,0,0,4,0,차대차 - 정면충돌,중앙선침범,건조,맑음,단일로 - 기타,승용,남,60세,경상,승용,남,25세,경상
2018111500100591,2018년 11월 15일 21시,목요일,전라북도 익산시 송학동,경상사고,0,0,4,0,차대차 - 측면충돌,직진우회전진행방해,건조,맑음,교차로 - 교차로안,승용,여,52세,상해없음,승용,여,44세,경상
2018111600100074,2018년 11월 16일 06시,금요일,전라북도 군산시 개정면,중상사고,0,1,0,0,차대사람 - 횡단중,신호위반,건조,맑음,교차로 - 교차로안,승용,남,63세,상해없음,보행자,남,82세,중상
2018111600100075,2018년 11월 16일 06시,금요일,전라북도 남원시 금지면,사망사고,1,0,0,0,차대차 - 기타,중앙선침범,건조,맑음,단일로 - 기타,건설기계,남,50세,상해없음,자전거,여,77세,사망
2018111600100088,2018년 11월 16일 07시,금요일,전라북도 군산시 사정동,경상사고,0,0,1,0,차대차 - 기타,안전운전불이행,건조,맑음,단일로 - 기타,승용,여,41세,상해없음,이륜,남,64세,경상
2018111600100089,2018년 11월 16일 07시,금요일,전라북도 남원시 조산동,경상사고,0,0,1,0,차대차 - 기타,안전운전불이행,건조,맑음,교차로 - 교차로안,승용,여,39세,상해없음,자전거,여,63세,경상
2018111600100130,2018년 11월 16일 08시,금요일,전라북도 익산시 영등동,중상사고,0,1,1,0,차대사람 - 횡단중,신호위반,건조,맑음,단일로 - 기타,화물,남,53세,상해없음,보행자,여,55세,중상
2018111600100164,2018년 11월 16일 09시,금요일,전라북도 전주시 완산구 효자동3가,경상사고,0,0,1,0,차대차 - 기타,교차로운행방법위반,건조,맑음,교차로 - 교차로안,승용,남,36세,상해없음,승용,여,54세,경상
2018111600100185,2018년 11월 16일 10시,금요일,전라북도 군산시 산북동,중상사고,0,1,0,0,차대차 - 기타,안전운전불이행,건조,맑음,단일로 - 기타,화물,남,58세,상해없음,이륜,여,68세,중상
2018111600100250,2018년 11월 16일 12시,금요일,전라북도 전주시 덕진구 송천동2가,중상사고,0,1,0,0,차대사람 - 횡단중,안전운전불이행,건조,흐림,단일로 - 기타,승용,남,54세,상해없음,보행자,남,42세,중상
2018111600100251,2018년 11월 16일 12시,금요일,전라북도 정읍시 연지동,경상사고,0,0,1,0,차대차 - 기타,안전운전불이행,젖음/습기,흐림,단일로 - 기타,승용,여,53세,상해없음,자전거,남,63세,경상
2018111600100252,2018년 11월 16일 12시,금요일,전라북도 정읍시 북면,경상사고,0,0,1,0,차대차 - 정면충돌,안전운전불이행,젖음/습기,맑음,교차로 - 교차로안,승용,남,18세,상해없음,건설기계,남,55세,경상
2018111600100253,2018년 11월 16일 12시,금요일,전라북도 김제시 요촌동,중상사고,0,1,0,0,차대사람 - 횡단중,안전운전불이행,건조,맑음,단일로 - 기타,화물,남,56세,상해없음,보행자,여,55세,중상
2018111600100276,2018년 11월 16일 13시,금요일,전라북도 전주시 덕진구 인후동2가,중상사고,0,1,0,0,차대사람 - 횡단중,신호위반,건조,흐림,교차로 - 교차로안,화물,남,54세,상해없음,보행자,여,76세,중상
2018111600100277,2018년 11월 16일 13시,금요일,전라북도 부안군 보안면,경상사고,0,0,1,0,차대차 - 측면충돌,직진우회전진행방해,건조,흐림,교차로 - 교차로안,승용,남,84세,상해없음,원동기,남,79세,경상
2018111600100310,2018년 11월 16일 14시,금요일,전라북도 김제시 하동,경상사고,0,0,2,0,차대차 - 추돌,안전운전불이행,건조,맑음,교차로 - 교차로안,화물,남,58세,상해없음,승용,남,64세,경상
2018111600100347,2018년 11월 16일 15시,금요일,전라북도 남원시 동충동,중상사고,0,2,2,0,차대차 - 정면충돌,중앙선침범,건조,맑음,단일로 - 기타,승합,여,37세,상해없음,화물,남,70세,경상
2018111600100376,2018년 11월 16일 16시,금요일,전라북도 군산시 나운동,중상사고,0,1,0,0,차대사람 - 기타,안전운전불이행,건조,맑음,단일로 - 기타,승용,남,70세,상해없음,보행자,여,16세,중상
2018111600100413,2018년 11월 16일 17시,금요일,전라북도 김제시 금구면,중상사고,0,1,7,0,차대차 - 추돌,안전운전불이행,건조,맑음,단일로 - 기타,승용,남,35세,경상,승용,남,59세,경상
2018111600100414,2018년 11월 16일 17시,금요일,전라북도 부안군 행안면,경상사고,0,0,1,0,차대차 - 기타,안전거리미확보,건조,맑음,단일로 - 기타,승용,남,69세,상해없음,승용,남,24세,경상
2018111600100415,2018년 11월 16일 17시,금요일,전라북도 완주군 소양면,경상사고,0,0,9,0,차대차 - 추돌,안전운전불이행,건조,맑음,단일로 - 기타,화물,남,65세,상해없음,화물,남,63세,경상
2018111600100477,2018년 11월 16일 18시,금요일,전라북도 무주군 안성면,경상사고,0,0,1,0,차대사람 - 길가장자리구역통행중,안전운전불이행,건조,맑음,단일로 - 기타,화물,남,74세,상해없음,보행자,여,38세,경상
2018111600100478,2018년 11월 16일 18시,금요일,전라북도 완주군 봉동읍,중상사고,0,1,0,0,차대사람 - 횡단중,안전운전불이행,건조,맑음,단일로 - 기타,승합,남,43세,상해없음,보행자,여,74세,중상
2018111600100535,2018년 11월 16일 19시,금요일,전라북도 정읍시 하북동,경상사고,0,0,1,0,차대사람 - 횡단중,안전운전불이행,건조,맑음,교차로 - 교차로횡단보도내,승용,남,42세,상해없음,보행자,여,35세,경상
2018111600100536,2018년 11월 16일 19시,금요일,전라북도 김제시 교동,경상사고,0,0,1,0,차대차 - 정면충돌,중앙선침범,건조,맑음,교차로 - 교차로부근,승용,남,63세,상해없음,화물,남,57세,경상
2018111600100575,2018년 11월 16일 20시,금요일,전라북도 익산시 어양동,중상사고,0,1,0,0,차대사람 - 횡단중,안전운전불이행,건조,맑음,교차로 - 교차로부근,승용,남,68세,상해없음,보행자,남,25세,중상
2018111600100576,2018년 11월 16일 20시,금요일,전라북도 익산시 송학동,경상사고,0,0,1,0,차대사람 - 횡단중,안전운전불이행,건조,맑음,교차로 - 교차로부근,승용,남,53세,상해없음,보행자,여,13세,경상
2018111600100647,2018년 11월 16일 22시,금요일,전라북도 군산시 수송동,경상사고,0,0,1,0,차대사람 - 기타,안전운전불이행,건조,맑음,단일로 - 기타,승용,여,46세,상해없음,보행자,여,20세,경상
2018111600100661,2018년 11월 16일 23시,금요일,전라북도 전주시 완산구 효자동3가,경상사고,0,0,1,0,차대사람 - 기타,안전운전불이행,건조,맑음,단일로 - 기타,승용,남,35세,상해없음,보행자,남,25세,경상
2018111600100662,2018년 11월 16일 23시,금요일,전라북도 남원시 수지면,경상사고,0,0,2,0,차대차 - 추돌,안전운전불이행,건조,맑음,단일로 - 기타,특수,남,39세,경상,화물,남,54세,경상
2018111700100011,2018년 11월 17일 00시,토요일,전라북도 익산시 현영동,경상사고,0,0,1,0,차대차 - 측면충돌,신호위반,건조,맑음,교차로 - 교차로안,승용,남,46세,상해없음,승용,남,45세,경상
2018111700100050,2018년 11월 17일 02시,토요일,전라북도 전주시 덕진구 중동,경상사고,0,0,3,0,차대차 - 측면충돌,신호위반,건조,맑음,교차로 - 교차로안,승용,남,51세,경상,승용,남,39세,경상
2018111700100113,2018년 11월 17일 07시,토요일,전라북도 군산시 개정면,중상사고,0,1,0,0,차대사람 - 기타,안전운전불이행,건조,맑음,단일로 - 기타,건설기계,남,52세,상해없음,보행자,여,72세,중상
2018111700100235,2018년 11월 17일 11시,토요일,전라북도 전주시 덕진구 팔복동2가,경상사고,0,0,1,0,차대차 - 측면충돌,신호위반,건조,맑음,교차로 - 교차로안,승용,남,47세,상해없음,승용,남,51세,경상
2018111700100275,2018년 11월 17일 12시,토요일,전라북도 정읍시 연지동,경상사고,0,0,3,0,차대차 - 측면충돌,안전운전불이행,건조,맑음,교차로 - 교차로안,승용,남,43세,경상,화물,남,57세,상해없음
2018111700100317,2018년 11월 17일 13시,토요일,전라북도 전주시 완산구 중앙동2가,경상사고,0,0,3,0,차대차 - 추돌,안전운전불이행,건조,맑음,단일로 - 기타,승용,남,63세,상해없음,승용,남,33세,경상
2018111700100318,2018년 11월 17일 13시,토요일,전라북도 군산시 경암동,경상사고,0,0,1,0,차대차 - 정면충돌,신호위반,건조,맑음,교차로 - 교차로안,승용,남,70세,상해없음,승용,남,76세,경상
2018111700100354,2018년 11월 17일 14시,토요일,전라북도 군산시 오식도동,경상사고,0,0,5,0,차대차 - 추돌,안전운전불이행,건조,맑음,교차로 - 교차로부근,승용,남,31세,상해없음,승용,여,27세,경상
2018111700100355,2018년 11월 17일 14시,토요일,전라북도 군산시 수송동,경상사고,0,0,2,0,차대차 - 정면충돌,신호위반,건조,맑음,교차로 - 교차로안,승용,여,47세,상해없음,승용,여,44세,경상
2018111700100418,2018년 11월 17일 16시,토요일,전라북도 전주시 완산구 동서학동,경상사고,0,0,1,0,차대차 - 측면충돌,안전운전불이행,젖음/습기,흐림,단일로 - 기타,승용,여,36세,상해없음,자전거,남,73세,경상
2018111700100419,2018년 11월 17일 16시,토요일,전라북도 군산시 미장동,경상사고,0,0,1,0,차대사람 - 횡단중,안전운전불이행,건조,맑음,교차로 - 교차로안,승용,남,56세,상해없음,보행자,남,10세,경상
2018111700100420,2018년 11월 17일 16시,토요일,전라북도 익산시 영등동,경상사고,0,0,1,0,차대차 - 정면충돌,중앙선침범,건조,맑음,교차로 - 교차로안,승용,남,23세,상해없음,승용,남,44세,경상
2018111700100456,2018년 11월 17일 17시,토요일,전라북도 군산시 나운동,중상사고,0,1,0,0,차대사람 - 차도통행중,안전운전불이행,건조,맑음,교차로 - 교차로부근,승용,여,46세,상해없음,보행자,남,61세,중상
2018111700100505,2018년 11월 17일 18시,토요일,전라북도 전주시 완산구 서완산동1가,중상사고,0,1,0,0,차대사람 - 횡단중,안전운전불이행,건조,맑음,교차로 - 교차로횡단보도내,승용,남,70세,상해없음,보행자,남,54세,중상
2018111700100506,2018년 11월 17일 18시,토요일,전라북도 군산시 나운동,경상사고,0,0,1,0,차대사람 - 횡단중,안전운전불이행,건조,맑음,단일로 - 기타,승용,남,48세,상해없음,보행자,여,54세,경상
2018111700100556,2018년 11월 17일 19시,토요일,전라북도 전주시 완산구 효자동1가,중상사고,0,1,0,0,차대사람 - 기타,안전운전불이행,건조,맑음,단일로 - 기타,이륜,남,21세,상해없음,보행자,남,57세,중상
2018111800100039,2018년 11월 18일 03시,일요일,전라북도 전주시 덕진구 덕진동1가,부상신고사고,0,0,0,1,차대차 - 측면충돌,안전운전불이행,건조,맑음,단일로 - 기타,승용,남,48세,상해없음,승용,여,50세,부상신고
2018111800100241,2018년 11월 18일 16시,일요일,전라북도 군산시 경암동,부상신고사고,0,0,0,1,차대차 - 측면충돌,안전운전불이행,건조,맑음,교차로 - 교차로부근,승용,여,45세,상해없음,승용,남,47세,기타불명
2018111800100276,2018년 11월 18일 17시,일요일,전라북도 전주시 완산구 효자동2가,경상사고,0,0,3,0,차대차 - 측면충돌,신호위반,건조,맑음,교차로 - 교차로안,승용,남,62세,상해없음,승용,남,24세,경상
2018111800100277,2018년 11월 18일 17시,일요일,전라북도 군산시 지곡동,경상사고,0,0,2,0,차대차 - 기타,안전운전불이행,건조,맑음,교차로 - 교차로부근,승용,남,23세,상해없음,화물,남,72세,경상
2018111800100318,2018년 11월 18일 18시,일요일,전라북도 전주시 덕진구 고랑동,경상사고,0,0,4,0,차대차 - 측면충돌,안전거리미확보,건조,맑음,교차로 - 교차로부근,승용,여,67세,상해없음,승용,남,43세,경상
2018111800100319,2018년 11월 18일 18시,일요일,전라북도 정읍시 태인면,경상사고,0,0,1,0,차대차 - 측면충돌,신호위반,건조,맑음,교차로 - 교차로안,이륜,남,55세,경상,승용,남,30세,상해없음
2018111800100411,2018년 11월 18일 21시,일요일,전라북도 전주시 완산구 효자동3가,경상사고,0,0,1,0,차대차 - 측면충돌,안전운전불이행,건조,맑음,단일로 - 기타,승용,남,44세,상해없음,승용,남,33세,경상
2018111800100412,2018년 11월 18일 21시,일요일,전라북도 군산시 대야면,경상사고,0,0,1,0,차대차 - 추돌,안전운전불이행,건조,맑음,단일로 - 기타,승용,남,51세,상해없음,승용,여,41세,경상
2018111800100429,2018년 11월 18일 22시,일요일,전라북도 부안군 부안읍,경상사고,0,0,2,0,차대차 - 측면충돌,직진우회전진행방해,건조,맑음,교차로 - 교차로안,화물,남,56세,경상,승용,남,57세,경상
2018111900100044,2018년 11월 19일 06시,월요일,전라북도 정읍시 덕천면,중상사고,0,1,4,0,차량단독 - 도로외이탈 - 기타,안전운전불이행,건조,맑음,교차로 - 교차로안,승용,남,55세,경상,,,,
2018111900100059,2018년 11월 19일 07시,월요일,전라북도 전주시 덕진구 산정동,경상사고,0,0,2,0,차대차 - 측면충돌,안전거리미확보,건조,맑음,단일로 - 기타,화물,남,60세,상해없음,승용,남,46세,경상
2018111900100060,2018년 11월 19일 07시,월요일,전라북도 전주시 덕진구 송천동2가,중상사고,0,1,0,0,차대차 - 측면충돌,신호위반,건조,맑음,교차로 - 교차로안,승용,여,55세,상해없음,승용,남,51세,중상
2018111900100094,2018년 11월 19일 08시,월요일,전라북도 익산시 남중동,경상사고,0,0,2,0,차대차 - 측면충돌,직진우회전진행방해,건조,맑음,교차로 - 교차로안,승용,남,51세,상해없음,승용,여,44세,경상
2018111900100188,2018년 11월 19일 11시,월요일,전라북도 익산시 왕궁면,중상사고,0,1,0,0,차대사람 - 기타,안전운전불이행,건조,맑음,단일로 - 기타,승합,남,53세,상해없음,보행자,여,69세,중상
2018111900100214,2018년 11월 19일 12시,월요일,전라북도 김제시 검산동,경상사고,0,0,1,0,차대차 - 측면충돌,안전운전불이행,건조,맑음,단일로 - 기타,자전거,남,68세,경상,승용,여,46세,상해없음
2018111900100242,2018년 11월 19일 13시,월요일,전라북도 김제시 죽산면,경상사고,0,0,1,0,차대차 - 측면충돌,기타,건조,맑음,교차로 - 교차로안,승용,여,56세,상해없음,이륜,남,81세,경상
2018111900100243,2018년 11월 19일 13시,월요일,전라북도 남원시 도통동,중상사고,0,1,0,0,차대차 - 측면충돌,불법유턴,건조,맑음,단일로 - 기타,자전거,남,83세,중상,승용,남,28세,상해없음
2018111900100278,2018년 11월 19일 14시,월요일,전라북도 전주시 완산구 동서학동,경상사고,0,0,1,0,차대사람 - 횡단중,안전운전불이행,건조,맑음,단일로 - 기타,화물,남,66세,상해없음,보행자,남,24세,경상
2018111900100279,2018년 11월 19일 14시,월요일,전라북도 정읍시 장명동,경상사고,0,0,2,0,차대차 - 측면충돌,신호위반,건조,맑음,교차로 - 교차로안,승용,남,34세,상해없음,승용,남,71세,경상
2018111900100318,2018년 11월 19일 15시,월요일,전라북도 완주군 삼례읍,경상사고,0,0,1,0,차대차 - 추돌,안전운전불이행,건조,맑음,교차로 - 교차로부근,화물,남,62세,상해없음,승용,남,36세,경상
2018111900100365,2018년 11월 19일 16시,월요일,전라북도 전주시 완산구 서서학동,중상사고,0,1,0,0,차대사람 - 횡단중,신호위반,건조,맑음,단일로 - 기타,승합,남,60세,상해없음,보행자,여,80세,중상
2018111900100366,2018년 11월 19일 16시,월요일,전라북도 익산시 망성면,중상사고,0,1,0,0,차대차 - 측면충돌,안전운전불이행,건조,맑음,교차로 - 교차로안,화물,남,62세,상해없음,이륜,남,77세,중상
2018111900100400,2018년 11월 19일 17시,월요일,전라북도 군산시 옥산면,경상사고,0,0,3,0,차대차 - 측면충돌,신호위반,건조,맑음,교차로 - 교차로안,승용,남,52세,상해없음,승용,여,36세,경상
2018111900100401,2018년 11월 19일 17시,월요일,전라북도 익산시 마동,중상사고,0,1,0,0,차대차 - 측면충돌,안전운전불이행,건조,맑음,단일로 - 기타,승용,남,37세,상해없음,이륜,남,32세,중상
2018111900100402,2018년 11월 19일 17시,월요일,전라북도 김제시 진봉면,중상사고,0,1,0,0,차대차 - 추돌,기타,건조,맑음,단일로 - 기타,승용,남,53세,상해없음,농기계,남,68세,중상
2018111900100456,2018년 11월 19일 18시,월요일,전라북도 군산시 경장동,경상사고,0,0,1,0,차대차 - 기타,안전운전불이행,건조,맑음,교차로 - 교차로횡단보도내,승용,여,72세,상해없음,자전거,남,63세,경상
2018111900100584,2018년 11월 19일 22시,월요일,전라북도 순창군 순창읍,경상사고,0,0,1,0,차량단독 - 전도전복 - 전복,안전운전불이행,건조,맑음,교차로 - 교차로부근,승용,여,46세,경상,미분류,미분류,미분류,미분류
2018112000100099,2018년 11월 20일 08시,화요일,전라북도 김제시 서암동,중상사고,0,1,1,0,차대차 - 측면충돌,신호위반,건조,맑음,교차로 - 교차로안,농기계,남,89세,상해없음,승용,남,37세,중상
2018112000100149,2018년 11월 20일 09시,화요일,전라북도 전주시 덕진구 금암동,중상사고,0,1,0,0,차대사람 - 기타,안전운전불이행,건조,맑음,교차로 - 교차로안,승용,남,31세,상해없음,보행자,남,87세,중상
2018112000100238,2018년 11월 20일 12시,화요일,전라북도 군산시 비응도동,중상사고,0,3,3,0,차대차 - 측면충돌,신호위반,건조,맑음,교차로 - 교차로안,승용,여,24세,경상,승용,여,53세,중상
2018112000100298,2018년 11월 20일 14시,화요일,전라북도 군산시 조촌동,경상사고,0,0,1,0,차대차 - 측면충돌,직진우회전진행방해,건조,맑음,교차로 - 교차로안,승용,남,66세,상해없음,이륜,여,74세,경상
2018112000100332,2018년 11월 20일 15시,화요일,전라북도 전주시 완산구 평화동1가,경상사고,0,0,4,0,차대차 - 기타,신호위반,건조,맑음,교차로 - 교차로안,승용,여,63세,경상,승용,남,68세,경상
2018112000100333,2018년 11월 20일 15시,화요일,전라북도 군산시 나운동,경상사고,0,0,1,0,차대차 - 측면충돌,안전운전불이행,건조,맑음,교차로 - 교차로횡단보도내,승용,여,53세,상해없음,자전거,남,75세,경상
2018112000100381,2018년 11월 20일 16시,화요일,전라북도 군산시 나운동,경상사고,0,0,2,0,차대차 - 추돌,안전운전불이행,건조,맑음,단일로 - 기타,승용,여,38세,상해없음,승용,남,74세,경상
2018112000100382,2018년 11월 20일 16시,화요일,전라북도 군산시 장미동,경상사고,0,0,1,0,차대차 - 추돌,안전운전불이행,건조,맑음,교차로 - 교차로안,승용,남,72세,상해없음,승용,남,33세,경상
2018112000100383,2018년 11월 20일 16시,화요일,전라북도 남원시 금동,경상사고,0,0,1,0,차대사람 - 횡단중,신호위반,건조,맑음,교차로 - 교차로횡단보도내,이륜,남,61세,상해없음,보행자,여,79세,경상
2018112000100442,2018년 11월 20일 17시,화요일,전라북도 군산시 중앙로3가,경상사고,0,0,1,0,차대차 - 측면충돌,직진우회전진행방해,건조,흐림,교차로 - 교차로안,승용,남,69세,상해없음,이륜,남,31세,경상
2018112000100443,2018년 11월 20일 17시,화요일,전라북도 완주군 봉동읍,경상사고,0,0,1,0,차대차 - 기타,안전운전불이행,건조,맑음,교차로 - 교차로안,승용,남,54세,상해없음,승용,남,26세,경상
2018112000100492,2018년 11월 20일 18시,화요일,전라북도 익산시 부송동,중상사고,0,1,0,0,차대사람 - 횡단중,보행자보호의무위반,건조,맑음,단일로 - 기타,승용,남,36세,상해없음,보행자,남,6세,중상
2018112000100493,2018년 11월 20일 18시,화요일,전라북도 익산시 중앙동1가,중상사고,0,1,0,0,차대사람 - 기타,안전운전불이행,건조,맑음,단일로 - 기타,승용,남,65세,상해없음,보행자,남,47세,중상
2018112000100561,2018년 11월 20일 19시,화요일,전라북도 전주시 덕진구 진북동,경상사고,0,0,2,0,차대차 - 정면충돌,중앙선침범,건조,기타,기타 - 기타,승용,남,47세,상해없음,승용,여,52세,경상
2018112000100562,2018년 11월 20일 19시,화요일,전라북도 군산시 나운동,경상사고,0,0,2,0,차대차 - 추돌,안전운전불이행,건조,맑음,교차로 - 교차로부근,승용,여,56세,상해없음,승용,여,55세,경상
2018112000100563,2018년 11월 20일 19시,화요일,전라북도 익산시 남중동,중상사고,0,1,0,0,차대사람 - 횡단중,안전운전불이행,건조,맑음,기타 - 기타,승용,여,68세,상해없음,보행자,남,66세,중상
2018112000100564,2018년 11월 20일 19시,화요일,전라북도 완주군 상관면,경상사고,0,0,1,0,차대차 - 기타,차로위반,건조,맑음,단일로 - 교량,특수,남,61세,상해없음,특수,남,46세,경상
2018112000100591,2018년 11월 20일 20시,화요일,전라북도 정읍시 정우면,중상사고,0,1,0,0,차대사람 - 보도통행중,보행자보호의무위반,건조,맑음,교차로 - 교차로안,승용,남,45세,상해없음,보행자,여,69세,중상
2018112000100661,2018년 11월 20일 23시,화요일,전라북도 전주시 완산구 삼천동1가,경상사고,0,0,1,0,차대차 - 측면충돌,차로위반,건조,맑음,단일로 - 기타,승용,남,34세,상해없음,승용,남,66세,경상
2018112100100084,2018년 11월 21일 06시,수요일,전라북도 전주시 완산구 서완산동1가,중상사고,0,2,0,0,차대차 - 측면충돌,신호위반,건조,맑음,교차로 - 교차로안,승용,남,23세,상해없음,이륜,남,80세,중상
2018112100100085,2018년 11월 21일 06시,수요일,전라북도 전주시 완산구 효자동3가,경상사고,0,0,1,0,차대차 - 측면충돌,기타,건조,맑음,단일로 - 기타,화물,남,35세,상해없음,승용,남,50세,경상
2018112100100136,2018년 11월 21일 08시,수요일,전라북도 정읍시 시기동,경상사고,0,0,1,0,차대차 - 측면충돌,안전운전불이행,건조,맑음,교차로 - 교차로안,자전거,남,17세,경상,승용,여,37세,상해없음
2018112100100168,2018년 11월 21일 09시,수요일,전라북도 전주시 완산구 중화산동2가,경상사고,0,0,1,0,차대차 - 기타,안전거리미확보,건조,맑음,교차로 - 교차로부근,승용,남,59세,상해없음,승용,여,58세,경상
2018112100100169,2018년 11월 21일 09시,수요일,전라북도 익산시 황등면,사망사고,1,0,0,0,차량단독 - 기타,안전운전불이행,건조,맑음,교차로 - 교차로부근,원동기,남,86세,사망,,,,
2018112100100192,2018년 11월 21일 10시,수요일,전라북도 진안군 용담면,중상사고,0,1,0,0,차량단독 - 공작물충돌,안전운전불이행,건조,맑음,단일로 - 기타,화물,여,69세,중상,,,,
2018112100100219,2018년 11월 21일 11시,수요일,전라북도 임실군 오수면,경상사고,0,0,1,0,차대차 - 측면충돌,교차로운행방법위반,건조,맑음,교차로 - 교차로안,승용,남,38세,상해없음,이륜,남,86세,경상
2018112100100246,2018년 11월 21일 12시,수요일,전라북도 남원시 주천면,사망사고,1,0,0,0,차량단독 - 전도전복 - 전도,안전운전불이행,건조,맑음,단일로 - 기타,이륜,남,71세,사망,미분류,미분류,미분류,미분류
2018112100100273,2018년 11월 21일 13시,수요일,전라북도 군산시 장미동,중상사고,0,1,1,0,차대사람 - 횡단중,보행자보호의무위반,건조,맑음,교차로 - 교차로횡단보도내,승합,남,62세,상해없음,보행자,여,70세,중상
2018112100100274,2018년 11월 21일 13시,수요일,전라북도 정읍시 시기동,경상사고,0,0,1,0,차대차 - 기타,안전운전불이행,건조,맑음,교차로 - 교차로안,자전거,남,83세,경상,승용,여,38세,상해없음
2018112100100297,2018년 11월 21일 14시,수요일,전라북도 정읍시 농소동,경상사고,0,0,2,0,차대차 - 기타,불법유턴,건조,맑음,단일로 - 기타,화물,여,53세,경상,승용,여,60세,경상
2018112100100408,2018년 11월 21일 17시,수요일,전라북도 전주시 완산구 서노송동,경상사고,0,0,2,0,차대차 - 추돌,안전운전불이행,건조,맑음,단일로 - 기타,승용,남,65세,경상,승용,남,43세,경상
2018112100100409,2018년 11월 21일 17시,수요일,전라북도 정읍시 옹동면,중상사고,0,2,0,0,차대차 - 기타,중앙선침범,건조,맑음,기타 - 기타,화물,남,70세,상해없음,이륜,남,70세,중상
2018112100100410,2018년 11월 21일 17시,수요일,전라북도 남원시 사매면,중상사고,0,1,0,0,차대차 - 추돌,안전운전불이행,건조,맑음,단일로 - 기타,승용,여,46세,상해없음,농기계,남,63세,중상
2018112100100460,2018년 11월 21일 18시,수요일,전라북도 전주시 완산구 남노송동,경상사고,0,0,1,0,차대사람 - 차도통행중,안전운전불이행,건조,맑음,교차로 - 교차로부근,기타불명,기타불명,미분류,기타불명,보행자,여,80세,경상
2018112100100461,2018년 11월 21일 18시,수요일,전라북도 전주시 덕진구 팔복동2가,경상사고,0,0,1,0,차대차 - 추돌,안전운전불이행,건조,맑음,단일로 - 기타,승용,남,19세,상해없음,승용,여,53세,경상
2018112100100462,2018년 11월 21일 18시,수요일,전라북도 군산시 대명동,경상사고,0,0,1,0,차대사람 - 횡단중,안전운전불이행,건조,맑음,교차로 - 교차로횡단보도내,승용,남,55세,상해없음,보행자,여,76세,경상
2018112100100463,2018년 11월 21일 18시,수요일,전라북도 군산시 조촌동,경상사고,0,0,1,0,차대사람 - 횡단중,보행자보호의무위반,건조,맑음,교차로 - 교차로횡단보도내,화물,남,65세,상해없음,보행자,남,72세,경상
2018112100100464,2018년 11월 21일 18시,수요일,전라북도 고창군 대산면,사망사고,1,0,0,0,차대사람 - 차도통행중,안전운전불이행,건조,흐림,단일로 - 기타,승용,여,38세,상해없음,보행자,여,72세,사망
2018112100100507,2018년 11월 21일 19시,수요일,전라북도 군산시 수송동,경상사고,0,0,1,0,차대차 - 측면충돌,중앙선침범,기타,비,단일로 - 기타,승용,남,41세,상해없음,이륜,남,52세,경상
2018112100100539,2018년 11월 21일 20시,수요일,전라북도 전주시 완산구 중화산동2가,중상사고,0,1,0,0,차대차 - 기타,신호위반,건조,맑음,교차로 - 교차로안,승용,여,48세,상해없음,승용,남,63세,중상
2018112100100601,2018년 11월 21일 22시,수요일,전라북도 완주군 봉동읍,경상사고,0,0,1,0,차대사람 - 횡단중,신호위반,건조,맑음,교차로 - 교차로횡단보도내,이륜,남,41세,상해없음,보행자,남,32세,경상
2018112100100617,2018년 11월 21일 23시,수요일,전라북도 전주시 완산구 고사동,경상사고,0,0,1,0,차대차 - 기타,직진우회전진행방해,건조,맑음,교차로 - 교차로안,승용,남,27세,상해없음,이륜,남,16세,경상