사고번호,사고일시,요일,시군구,사고내용,사망자수,중상자수,경상자수,부상신고자수,사고유형,법규위반,노면상태,기상상태,도로형태,가해운전자 차종,가해운전자 성별,가해운전자 연령,가해운전자 상해정도,피해운전자 차종,피해운전자 성별,피해운전자 연령,피해운전자 상해정도
2018112100100618,2018년 11월 21일 23시,수요일,전라북도 익산시 모현동1가,경상사고,0,0,3,0,차대차 - 기타,안전운전불이행,건조,맑음,교차로 - 교차로부근,승용,여,38세,상해없음,승용,남,47세,경상
2018112200100028,2018년 11월 22일 03시,목요일,전라북도 전주시 덕진구 우아동2가,경상사고,0,0,1,0,차대사람 - 기타,안전운전불이행,건조,맑음,교차로 - 교차로안,화물,남,60세,상해없음,보행자,여,48세,경상
2018112200100061,2018년 11월 22일 06시,목요일,전라북도 완주군 삼례읍,경상사고,0,0,2,0,차대차 - 측면충돌,신호위반,건조,맑음,교차로 - 교차로안,승용,남,60세,상해없음,승용,남,44세,경상
2018112200100082,2018년 11월 22일 07시,목요일,전라북도 군산시 조촌동,경상사고,0,0,1,0,차대사람 - 횡단중,보행자보호의무위반,건조,맑음,교차로 - 교차로횡단보도내,승용,여,62세,상해없음,보행자,여,71세,경상
2018112200100181,2018년 11월 22일 09시,목요일,전라북도 전주시 완산구 중화산동2가,경상사고,0,0,2,0,차대차 - 추돌,안전운전불이행,건조,맑음,단일로 - 기타,승용,남,71세,상해없음,승용,여,47세,경상
2018112200100221,2018년 11월 22일 10시,목요일,전라북도 전주시 완산구 서노송동,중상사고,0,1,1,0,차대차 - 기타,안전운전불이행,건조,맑음,교차로 - 교차로부근,이륜,남,59세,중상,승용,남,36세,상해없음
2018112200100222,2018년 11월 22일 10시,목요일,전라북도 군산시 산북동,경상사고,0,0,2,0,차대차 - 측면충돌,교차로운행방법위반,건조,맑음,교차로 - 교차로안,기타불명,남,32세,경상,승용,남,41세,경상
2018112200100223,2018년 11월 22일 10시,목요일,전라북도 임실군 임실읍,경상사고,0,0,1,0,차대사람 - 차도통행중,안전운전불이행,건조,맑음,단일로 - 교량,승용,여,75세,상해없음,보행자,여,69세,경상
2018112200100255,2018년 11월 22일 11시,목요일,전라북도 전주시 완산구 태평동,경상사고,0,0,1,0,차대차 - 추돌,안전운전불이행,건조,맑음,교차로 - 교차로부근,화물,남,48세,상해없음,승용,남,71세,경상
2018112200100256,2018년 11월 22일 11시,목요일,전라북도 완주군 운주면,사망사고,1,3,0,0,차대차 - 정면충돌,중앙선침범,건조,맑음,단일로 - 기타,승용,여,30세,중상,화물,남,44세,중상
2018112200100356,2018년 11월 22일 14시,목요일,전라북도 군산시 나운동,경상사고,0,0,1,0,차대사람 - 횡단중,신호위반,건조,맑음,교차로 - 교차로안,화물,남,48세,상해없음,보행자,남,76세,경상
2018112200100357,2018년 11월 22일 14시,목요일,전라북도 익산시 영등동,경상사고,0,0,1,0,차대차 - 측면충돌,안전운전불이행,건조,맑음,단일로 - 기타,승용,남,61세,상해없음,승용,남,66세,경상
2018112200100358,2018년 11월 22일 14시,목요일,전라북도 정읍시 시기동,중상사고,0,1,0,0,차대차 - 측면충돌,안전운전불이행,건조,맑음,단일로 - 기타,승용,남,79세,상해없음,이륜,남,51세,중상
2018112200100394,2018년 11월 22일 15시,목요일,전라북도 전주시 덕진구 인후동1가,경상사고,0,0,1,0,차대차 - 기타,안전운전불이행,건조,맑음,단일로 - 기타,승용,남,66세,상해없음,화물,남,69세,경상
2018112200100395,2018년 11월 22일 15시,목요일,전라북도 정읍시 수성동,중상사고,0,1,0,0,차대차 - 측면충돌,안전운전불이행,건조,맑음,단일로 - 기타,이륜,남,80세,중상,승합,남,70세,상해없음
2018112200100425,2018년 11월 22일 16시,목요일,전라북도 김제시 죽산면,중상사고,0,1,2,0,차대차 - 기타,과속,건조,맑음,단일로 - 기타,승용,남,29세,상해없음,화물,남,78세,경상
2018112200100426,2018년 11월 22일 16시,목요일,전라북도 부안군 부안읍,경상사고,0,0,1,0,차대사람 - 횡단중,보행자보호의무위반,건조,맑음,교차로 - 교차로횡단보도내,화물,남,61세,상해없음,보행자,여,15세,경상
2018112200100651,2018년 11월 22일 22시,목요일,전라북도 전주시 완산구 중노송동,경상사고,0,0,2,0,차대차 - 기타,안전거리미확보,건조,맑음,교차로 - 교차로부근,승용,남,59세,경상,승용,남,62세,경상
2018112200100672,2018년 11월 22일 23시,목요일,전라북도 전주시 덕진구 우아동3가,경상사고,0,0,2,0,차대차 - 추돌,안전거리미확보,건조,맑음,교차로 - 교차로안,승용,남,58세,상해없음,승용,남,39세,경상
2018112300100008,2018년 11월 23일 00시,금요일,전라북도 익산시 모현동1가,경상사고,0,0,7,0,차대차 - 측면충돌,안전운전불이행,건조,맑음,교차로 - 교차로안,승용,남,70세,상해없음,승용,여,25세,경상
2018112300100068,2018년 11월 23일 06시,금요일,전라북도 정읍시 연지동,중상사고,0,1,0,0,차대차 - 기타,직진우회전진행방해,건조,맑음,교차로 - 교차로안,화물,남,37세,상해없음,승용,남,77세,중상
2018112300100092,2018년 11월 23일 07시,금요일,전라북도 완주군 봉동읍,경상사고,0,0,1,0,차대사람 - 횡단중,안전운전불이행,건조,맑음,교차로 - 교차로부근,승용,여,51세,상해없음,보행자,남,73세,경상
2018112300100132,2018년 11월 23일 08시,금요일,전라북도 전주시 덕진구 인후동2가,중상사고,0,1,0,0,차대사람 - 횡단중,안전운전불이행,건조,맑음,단일로 - 기타,승용,남,51세,상해없음,보행자,남,42세,중상
2018112300100133,2018년 11월 23일 08시,금요일,전라북도 전주시 덕진구 금암동,중상사고,0,1,0,0,차대차 - 측면충돌,안전운전불이행,건조,맑음,단일로 - 기타,화물,남,45세,상해없음,자전거,남,69세,중상
2018112300100134,2018년 11월 23일 08시,금요일,전라북도 군산시 산북동,중상사고,0,1,0,0,차대사람 - 기타,안전운전불이행,건조,맑음,단일로 - 기타,승용,남,63세,상해없음,보행자,여,52세,중상
2018112300100135,2018년 11월 23일 08시,금요일,전라북도 정읍시 하북동,경상사고,0,0,3,0,차대차 - 추돌,안전운전불이행,건조,맑음,교차로 - 교차로부근,승용,남,45세,상해없음,승용,남,68세,경상
2018112300100136,2018년 11월 23일 08시,금요일,전라북도 김제시 신풍동,중상사고,0,1,0,0,차대사람 - 횡단중,안전운전불이행,건조,맑음,교차로 - 교차로안,승용,남,35세,상해없음,보행자,여,54세,중상
2018112300100137,2018년 11월 23일 08시,금요일,전라북도 완주군 용진읍,중상사고,0,1,0,0,차량단독 - 기타,기타,건조,맑음,단일로 - 기타,승합,남,52세,상해없음,,,,
2018112300100178,2018년 11월 23일 09시,금요일,전라북도 임실군 지사면,경상사고,0,0,1,0,차대차 - 정면충돌,중앙선침범,건조,맑음,단일로 - 기타,승용,여,49세,상해없음,화물,남,62세,경상
2018112300100179,2018년 11월 23일 09시,금요일,전라북도 순창군 풍산면,경상사고,0,0,1,0,차대차 - 측면충돌,신호위반,건조,맑음,교차로 - 교차로안,화물,남,72세,상해없음,승용,여,52세,경상
2018112300100211,2018년 11월 23일 10시,금요일,전라북도 군산시 영동,경상사고,0,0,1,0,차대차 - 기타,기타,건조,맑음,단일로 - 기타,승용,남,54세,상해없음,자전거,여,59세,경상
2018112300100240,2018년 11월 23일 11시,금요일,전라북도 전주시 덕진구 덕진동1가,경상사고,0,0,1,0,차대사람 - 길가장자리구역통행중,안전운전불이행,건조,맑음,교차로 - 교차로부근,화물,남,47세,상해없음,보행자,남,65세,경상
2018112300100273,2018년 11월 23일 12시,금요일,전라북도 무주군 설천면,사망사고,1,0,0,0,차대차 - 측면충돌,안전운전불이행,건조,맑음,단일로 - 기타,농기계,남,80세,사망,화물,남,53세,상해없음
2018112300100375,2018년 11월 23일 15시,금요일,전라북도 전주시 완산구 삼천동1가,경상사고,0,0,2,0,차대차 - 추돌,안전운전불이행,건조,맑음,교차로 - 교차로횡단보도내,승용,남,27세,상해없음,승용,남,67세,경상
2018112300100417,2018년 11월 23일 16시,금요일,전라북도 정읍시 산내면,중상사고,0,1,0,0,차량단독 - 공작물충돌,안전운전불이행,건조,맑음,단일로 - 기타,사륜오토바이(ATV),여,80세,중상,,,,
2018112300100418,2018년 11월 23일 16시,금요일,전라북도 정읍시 신태인읍,중상사고,0,1,1,0,차대차 - 측면충돌,안전운전불이행,건조,맑음,교차로 - 교차로안,이륜,남,53세,경상,사륜오토바이(ATV),여,79세,중상
2018112300100467,2018년 11월 23일 17시,금요일,전라북도 전주시 완산구 효자동1가,중상사고,0,1,0,0,차대차 - 측면충돌,안전운전불이행,건조,맑음,교차로 - 교차로부근,승합,남,49세,상해없음,이륜,남,63세,중상
2018112300100468,2018년 11월 23일 17시,금요일,전라북도 전주시 덕진구 송천동1가,경상사고,0,0,1,0,차대사람 - 기타,안전운전불이행,건조,맑음,교차로 - 교차로횡단보도내,기타불명,기타불명,미분류,기타불명,보행자,여,9세,경상
2018112300100469,2018년 11월 23일 17시,금요일,전라북도 김제시 백구면,경상사고,0,0,1,0,차대차 - 측면충돌,안전운전불이행,건조,맑음,교차로 - 교차로안,승용,남,21세,상해없음,화물,남,66세,경상
2018112300100530,2018년 11월 23일 18시,금요일,전라북도 전주시 완산구 효자동1가,중상사고,0,1,0,0,차대사람 - 횡단중,안전운전불이행,건조,흐림,단일로 - 기타,승용,남,79세,상해없음,보행자,여,79세,중상
2018112300100531,2018년 11월 23일 18시,금요일,전라북도 전주시 완산구 효자동2가,경상사고,0,0,1,0,차대차 - 측면충돌,안전운전불이행,건조,맑음,교차로 - 교차로안,기타불명,기타불명,미분류,기타불명,이륜,남,31세,경상
2018112300100594,2018년 11월 23일 19시,금요일,전라북도 전주시 완산구 평화동1가,경상사고,0,0,1,0,차대차 - 측면충돌,안전운전불이행,건조,맑음,단일로 - 기타,승용,여,59세,경상,승용,남,66세,상해없음
2018112300100595,2018년 11월 23일 19시,금요일,전라북도 익산시 어양동,경상사고,0,0,3,0,차대차 - 추돌,안전운전불이행,건조,맑음,단일로 - 기타,승용,남,46세,상해없음,이륜,남,35세,경상
2018112300100596,2018년 11월 23일 19시,금요일,전라북도 장수군 계남면,중상사고,0,1,0,0,차대차 - 추돌,안전운전불이행,건조,맑음,단일로 - 기타,화물,남,51세,상해없음,농기계,남,52세,중상
2018112300100678,2018년 11월 23일 21시,금요일,전라북도 군산시 수송동,중상사고,0,1,0,0,차대사람 - 횡단중,신호위반,건조,맑음,교차로 - 교차로안,이륜,남,18세,기타불명,보행자,남,40세,중상
2018112400100037,2018년 11월 24일 01시,토요일,전라북도 군산시 나운동,경상사고,0,0,2,0,차대사람 - 횡단중,안전운전불이행,건조,맑음,단일로 - 기타,승용,남,35세,상해없음,보행자,남,43세,경상
2018112400100051,2018년 11월 24일 02시,토요일,전라북도 익산시 영등동,중상사고,0,1,0,0,차대차 - 측면충돌,안전운전불이행,건조,맑음,단일로 - 기타,승용,남,21세,상해없음,승용,남,28세,기타불명
2018112400100065,2018년 11월 24일 03시,토요일,전라북도 전주시 덕진구 송천동1가,경상사고,0,0,2,0,차대차 - 추돌,안전운전불이행,건조,맑음,교차로 - 교차로안,승용,남,26세,상해없음,승용,남,65세,경상
2018112400100148,2018년 11월 24일 07시,토요일,전라북도 무주군 무주읍,중상사고,0,1,3,0,차대차 - 추돌,안전운전불이행,서리/결빙,비,단일로 - 교량,승용,남,49세,경상,화물,남,46세,상해없음
2018112400100182,2018년 11월 24일 08시,토요일,전라북도 부안군 부안읍,경상사고,0,0,1,0,차대차 - 측면충돌,신호위반,젖음/습기,비,교차로 - 교차로안,화물,남,67세,상해없음,승용,여,38세,경상
2018112400100232,2018년 11월 24일 09시,토요일,전라북도 전주시 완산구 효자동2가,사망사고,1,0,0,0,차대차 - 기타,신호위반,침수,비,교차로 - 교차로안,승용,여,52세,상해없음,이륜,남,81세,사망
2018112400100263,2018년 11월 24일 10시,토요일,전라북도 전주시 완산구 효자동1가,경상사고,0,0,1,0,차대사람 - 횡단중,보행자보호의무위반,젖음/습기,비,교차로 - 교차로횡단보도내,승용,남,68세,상해없음,보행자,남,11세,경상
2018112400100264,2018년 11월 24일 10시,토요일,전라북도 김제시 만경읍,중상사고,0,1,0,0,차대차 - 측면충돌,과속,젖음/습기,비,교차로 - 교차로안,화물,남,59세,중상,특수,남,33세,상해없음
2018112400100336,2018년 11월 24일 12시,토요일,전라북도 전주시 완산구 효자동2가,경상사고,0,0,1,0,차대차 - 기타,불법유턴,젖음/습기,비,단일로 - 기타,승용,여,52세,상해없음,이륜,남,43세,경상
2018112400100364,2018년 11월 24일 13시,토요일,전라북도 전주시 완산구 효자동2가,경상사고,0,0,2,2,차대차 - 기타,안전운전불이행,건조,맑음,단일로 - 기타,승용,여,37세,경상,승합,남,56세,상해없음
2018112400100392,2018년 11월 24일 14시,토요일,전라북도 장수군 계북면,중상사고,0,1,10,0,차대차 - 추돌,안전거리미확보,건조,맑음,단일로 - 터널,승용,남,54세,경상,승용,남,51세,경상
2018112400100393,2018년 11월 24일 14시,토요일,전라북도 정읍시 감곡면,경상사고,0,0,1,0,차대차 - 기타,안전운전불이행,건조,맑음,단일로 - 기타,기타불명,기타불명,미분류,기타불명,승용,여,26세,경상
2018112400100526,2018년 11월 24일 18시,토요일,전라북도 전주시 완산구 삼천동1가,중상사고,0,1,0,0,차대사람 - 횡단중,보행자보호의무위반,건조,맑음,단일로 - 기타,승용,남,47세,상해없음,보행자,남,10세,중상
2018112400100527,2018년 11월 24일 18시,토요일,전라북도 군산시 문화동,경상사고,0,0,3,0,차대차 - 기타,신호위반,건조,맑음,교차로 - 교차로안,화물,남,76세,상해없음,승용,남,64세,경상
2018112400100528,2018년 11월 24일 18시,토요일,전라북도 익산시 춘포면,중상사고,0,1,0,0,차대사람 - 길가장자리구역통행중,안전운전불이행,건조,맑음,교차로 - 교차로부근,화물,남,60세,상해없음,보행자,남,74세,중상
2018112400100569,2018년 11월 24일 19시,토요일,전라북도 전주시 완산구 서신동,경상사고,0,0,1,0,차대차 - 추돌,안전운전불이행,건조,맑음,기타 - 기타,승용,남,39세,상해없음,승용,남,50세,상해없음
2018112400100642,2018년 11월 24일 21시,토요일,전라북도 전주시 완산구 서신동,경상사고,0,0,1,0,차대차 - 측면충돌,직진우회전진행방해,건조,맑음,교차로 - 교차로안,승용,남,41세,상해없음,승용,여,26세,경상
2018112400100643,2018년 11월 24일 21시,토요일,전라북도 전주시 덕진구 진북동,중상사고,0,1,0,0,차대사람 - 보도통행중,보행자보호의무위반,건조,맑음,교차로 - 교차로횡단보도내,승용,남,62세,상해없음,보행자,남,27세,중상
2018112400100681,2018년 11월 24일 22시,토요일,전라북도 군산시 나운동,경상사고,0,0,3,0,차대차 - 기타,교차로운행방법위반,건조,맑음,교차로 - 교차로안,승용,남,57세,상해없음,승용,남,23세,경상
2018112400100682,2018년 11월 24일 22시,토요일,전라북도 익산시 영등동,중상사고,0,1,0,0,차대차 - 측면충돌,신호위반,건조,맑음,교차로 - 교차로안,승용,남,55세,상해없음,이륜,남,37세,중상
2018112400100683,2018년 11월 24일 22시,토요일,전라북도 정읍시 연지동,경상사고,0,0,2,0,차대차 - 측면충돌,신호위반,건조,맑음,교차로 - 교차로안,승합,남,58세,상해없음,승용,남,58세,경상
2018112400100697,2018년 11월 24일 23시,토요일,전라북도 전주시 덕진구 송천동2가,중상사고,0,1,0,0,차대차 - 측면충돌,불법유턴,건조,맑음,단일로 - 기타,승용,남,20세,상해없음,이륜,남,24세,중상
2018112400100698,2018년 11월 24일 23시,토요일,전라북도 익산시 어양동,경상사고,0,0,3,0,차대차 - 후진중충돌,안전운전불이행,건조,맑음,단일로 - 기타,승용,남,47세,상해없음,승용,남,55세,경상
2018112500100040,2018년 11월 25일 03시,일요일,전라북도 군산시 나운동,경상사고,0,0,4,0,차대차 - 기타,안전거리미확보,건조,맑음,단일로 - 기타,승용,남,62세,상해없음,승용,남,62세,경상
2018112500100041,2018년 11월 25일 03시,일요일,전라북도 익산시 영등동,경상사고,0,0,3,0,차대차 - 측면충돌,안전운전불이행,젖음/습기,안개,단일로 - 기타,승용,남,26세,상해없음,승합,남,51세,경상
2018112500100079,2018년 11월 25일 07시,일요일,전라북도 전주시 완산구 효자동3가,중상사고,0,1,0,0,차대차 - 측면충돌,신호위반,건조,맑음,교차로 - 교차로안,승용,남,77세,상해없음,승용,남,59세,중상
2018112500100080,2018년 11월 25일 07시,일요일,전라북도 익산시 함열읍,경상사고,0,0,1,0,차대차 - 측면충돌,안전운전불이행,젖음/습기,안개,단일로 - 기타,승용,여,60세,상해없음,화물,남,46세,경상
2018112500100120,2018년 11월 25일 10시,일요일,전라북도 남원시 운봉읍,사망사고,1,0,0,0,차량단독 - 공작물충돌,안전운전불이행,건조,맑음,단일로 - 기타,승용,남,73세,기타불명,,,,
2018112500100155,2018년 11월 25일 12시,일요일,전라북도 전주시 덕진구 호성동3가,경상사고,0,0,1,0,차대차 - 측면충돌,직진우회전진행방해,건조,맑음,교차로 - 교차로안,승용,여,32세,상해없음,승용,여,52세,경상
2018112500100156,2018년 11월 25일 12시,일요일,전라북도 전주시 덕진구 전미동1가,경상사고,0,0,1,0,차대차 - 측면충돌,신호위반,건조,맑음,교차로 - 교차로안,승용,남,26세,상해없음,승용,여,44세,경상
2018112500100202,2018년 11월 25일 14시,일요일,전라북도 전주시 덕진구 덕진동1가,경상사고,0,0,1,0,차대사람 - 보도통행중,기타,기타,맑음,기타 - 기타,이륜,남,23세,상해없음,보행자,남,61세,경상
2018112500100203,2018년 11월 25일 14시,일요일,전라북도 군산시 미룡동,경상사고,0,0,2,0,차대차 - 측면충돌,안전거리미확보,건조,맑음,단일로 - 기타,승합,남,64세,상해없음,승용,남,22세,경상
2018112500100236,2018년 11월 25일 15시,일요일,전라북도 김제시 요촌동,중상사고,0,1,0,0,차대사람 - 횡단중,안전운전불이행,건조,맑음,교차로 - 교차로부근,특수,남,40세,상해없음,보행자,여,18세,중상
2018112500100266,2018년 11월 25일 16시,일요일,전라북도 전주시 덕진구 산정동,경상사고,0,0,1,0,차대차 - 추돌,안전운전불이행,건조,맑음,단일로 - 기타,승용,남,48세,상해없음,승용,남,30세,경상
2018112500100291,2018년 11월 25일 17시,일요일,전라북도 남원시 도통동,경상사고,0,0,1,0,차대사람 - 기타,안전운전불이행,건조,맑음,기타 - 기타,승용,남,62세,기타불명,보행자,남,20세,경상
2018112500100292,2018년 11월 25일 17시,일요일,전라북도 부안군 진서면,중상사고,0,2,12,0,차대차 - 측면충돌,중앙선침범,건조,흐림,단일로 - 기타,승용,남,53세,경상,승합,남,50세,중상
2018112500100323,2018년 11월 25일 18시,일요일,전라북도 남원시 대강면,사망사고,1,0,0,0,차량단독 - 전도전복 - 전도,안전운전불이행,건조,맑음,기타 - 기타,농기계,남,68세,사망,미분류,미분류,미분류,미분류
2018112500100445,2018년 11월 25일 23시,일요일,전라북도 전주시 완산구 다가동4가,경상사고,0,0,1,0,차대차 - 측면충돌,안전운전불이행,건조,맑음,단일로 - 기타,승용,남,44세,상해없음,승용,남,46세,경상
2018112600100126,2018년 11월 26일 08시,월요일,전라북도 김제시 신풍동,중상사고,0,1,0,0,차대차 - 측면충돌,안전운전불이행,건조,맑음,교차로 - 교차로안,승합,여,67세,상해없음,이륜,남,69세,중상
2018112600100175,2018년 11월 26일 09시,월요일,전라북도 전주시 덕진구 금암동,경상사고,0,0,1,0,차대차 - 측면충돌,교차로운행방법위반,건조,맑음,교차로 - 교차로안,승용,여,52세,상해없음,승용,남,42세,경상
2018112600100200,2018년 11월 26일 10시,월요일,전라북도 전주시 덕진구 팔복동2가,중상사고,0,2,1,0,차대차 - 측면충돌,신호위반,건조,맑음,교차로 - 교차로안,승용,남,56세,상해없음,승용,남,47세,경상
2018112600100201,2018년 11월 26일 10시,월요일,전라북도 익산시 영등동,중상사고,0,1,0,0,차대사람 - 횡단중,안전운전불이행,건조,맑음,교차로 - 교차로안,승용,여,34세,상해없음,보행자,여,55세,중상
2018112600100202,2018년 11월 26일 10시,월요일,전라북도 무주군 무주읍,중상사고,0,1,0,0,차대사람 - 차도통행중,안전운전불이행,건조,맑음,단일로 - 지하차도(도로)내,화물,남,47세,상해없음,보행자,남,81세,중상
2018112600100229,2018년 11월 26일 11시,월요일,전라북도 정읍시 농소동,경상사고,0,0,1,0,차대차 - 추돌,안전운전불이행,건조,맑음,단일로 - 기타,이륜,남,73세,상해없음,승용,남,54세,경상
2018112600100262,2018년 11월 26일 12시,월요일,전라북도 익산시 창인동2가,중상사고,0,1,0,0,차대사람 - 횡단중,안전운전불이행,건조,맑음,교차로 - 교차로횡단보도내,이륜,남,80세,상해없음,보행자,여,65세,중상
2018112600100263,2018년 11월 26일 12시,월요일,전라북도 익산시 인화동2가,경상사고,0,0,1,0,차대차 - 측면충돌,신호위반,건조,맑음,교차로 - 교차로횡단보도내,화물,남,75세,상해없음,원동기,여,60세,경상
2018112600100300,2018년 11월 26일 13시,월요일,전라북도 군산시 수송동,경상사고,0,0,2,0,차대차 - 측면충돌,안전운전불이행,건조,맑음,교차로 - 교차로부근,승용,남,49세,상해없음,승용,여,34세,경상
2018112600100335,2018년 11월 26일 14시,월요일,전라북도 부안군 부안읍,경상사고,0,0,1,0,차대차 - 정면충돌,중앙선침범,건조,맑음,단일로 - 기타,원동기,남,79세,경상,화물,남,53세,상해없음
2018112600100369,2018년 11월 26일 15시,월요일,전라북도 전주시 덕진구 송천동2가,경상사고,0,0,1,0,차대차 - 측면충돌,안전운전불이행,건조,맑음,교차로 - 교차로안,화물,남,69세,상해없음,승용,남,57세,경상
2018112600100370,2018년 11월 26일 15시,월요일,전라북도 군산시 수송동,경상사고,0,0,2,0,차대차 - 기타,안전운전불이행,건조,맑음,단일로 - 기타,승용,남,59세,상해없음,승용,여,40세,경상
2018112600100371,2018년 11월 26일 15시,월요일,전라북도 부안군 부안읍,중상사고,0,1,1,0,차대차 - 측면충돌,직진우회전진행방해,건조,맑음,교차로 - 교차로안,승용,남,60세,중상,승용,남,73세,경상
2018112600100372,2018년 11월 26일 15시,월요일,전라북도 임실군 관촌면,경상사고,0,0,1,0,차대차 - 측면충돌,기타,건조,맑음,교차로 - 교차로안,화물,남,19세,상해없음,승합,여,47세,경상
2018112600100412,2018년 11월 26일 16시,월요일,전라북도 전주시 완산구 서신동,중상사고,0,1,0,0,차대사람 - 길가장자리구역통행중,안전운전불이행,건조,맑음,교차로 - 교차로부근,승용,여,62세,상해없음,보행자,남,78세,중상
2018112600100458,2018년 11월 26일 17시,월요일,전라북도 군산시 미룡동,경상사고,0,0,2,0,차대차 - 추돌,안전운전불이행,건조,맑음,단일로 - 기타,승용,남,38세,상해없음,승용,여,24세,경상
2018112600100459,2018년 11월 26일 17시,월요일,전라북도 익산시 남중동,중상사고,0,1,0,0,차대사람 - 횡단중,안전운전불이행,건조,맑음,교차로 - 교차로안,승용,여,65세,상해없음,보행자,여,65세,중상
2018112600100560,2018년 11월 26일 19시,월요일,전라북도 고창군 고창읍,경상사고,0,0,1,0,차대차 - 측면충돌,신호위반,건조,맑음,교차로 - 교차로안,승용,여,27세,상해없음,승용,남,38세,경상
2018112600100561,2018년 11월 26일 19시,월요일,전라북도 완주군 봉동읍,경상사고,0,0,1,0,차대차 - 측면충돌,신호위반,건조,맑음,교차로 - 교차로안,화물,남,59세,상해없음,화물,남,45세,경상
2018112600100614,2018년 11월 26일 21시,월요일,전라북도 전주시 덕진구 인후동1가,경상사고,0,0,1,0,차대사람 - 차도통행중,안전운전불이행,건조,맑음,교차로 - 교차로안,승용,남,40세,상해없음,보행자,여,57세,경상
2018112600100615,2018년 11월 26일 21시,월요일,전라북도 익산시 창인동1가,중상사고,0,1,0,0,차대차 - 측면충돌,과속,건조,맑음,단일로 - 기타,화물,남,39세,상해없음,자전거,여,16세,중상
2018112600100650,2018년 11월 26일 23시,월요일,전라북도 전주시 완산구 서신동,중상사고,0,1,0,0,차량단독 - 공작물충돌,안전운전불이행,건조,흐림,단일로 - 기타,승용,남,25세,중상,,,,
2018112700100079,2018년 11월 27일 07시,화요일,전라북도 익산시 남중동,중상사고,0,1,0,0,차대차 - 측면충돌,신호위반,건조,맑음,교차로 - 교차로안,승용,남,68세,상해없음,자전거,남,74세,중상
2018112700100080,2018년 11월 27일 07시,화요일,전라북도 정읍시 시기동,경상사고,0,0,1,0,차대차 - 측면충돌,신호위반,건조,맑음,교차로 - 교차로안,승용,남,58세,상해없음,승용,남,49세,경상
2018112700100115,2018년 11월 27일 08시,화요일,전라북도 전주시 완산구 중화산동2가,경상사고,0,0,2,0,차대차 - 기타,안전운전불이행,건조,맑음,교차로 - 교차로안,승용,여,39세,상해없음,승용,남,41세,경상
2018112700100116,2018년 11월 27일 08시,화요일,전라북도 군산시 나운동,경상사고,0,0,2,0,차대차 - 측면충돌,안전거리미확보,건조,맑음,단일로 - 지하차도(도로)내,승용,여,47세,상해없음,승용,남,24세,경상
2018112700100117,2018년 11월 27일 08시,화요일,전라북도 익산시 영등동,부상신고사고,0,0,0,1,차대차 - 측면충돌,안전운전불이행,건조,맑음,교차로 - 교차로안,자전거,남,73세,부상신고,승용,여,35세,상해없음
2018112700100163,2018년 11월 27일 09시,화요일,전라북도 진안군 성수면,중상사고,0,1,2,0,차대차 - 측면충돌,신호위반,건조,맑음,교차로 - 교차로안,승용,여,48세,상해없음,화물,남,35세,중상
2018112700100185,2018년 11월 27일 10시,화요일,전라북도 임실군 성수면,경상사고,0,0,2,0,차대차 - 추돌,안전거리미확보,건조,맑음,단일로 - 기타,화물,남,63세,상해없음,화물,남,53세,경상
2018112700100294,2018년 11월 27일 14시,화요일,전라북도 완주군 운주면,중상사고,0,1,0,0,차대사람 - 기타,안전운전불이행,건조,맑음,단일로 - 기타,화물,남,66세,상해없음,보행자,남,51세,중상
2018112700100319,2018년 11월 27일 15시,화요일,전라북도 김제시 황산면,중상사고,0,1,1,0,차대차 - 측면충돌,과속,건조,맑음,교차로 - 교차로안,승용,여,44세,경상,이륜,남,77세,중상
2018112700100349,2018년 11월 27일 16시,화요일,전라북도 전주시 덕진구 반월동,경상사고,0,0,2,0,차대차 - 추돌,안전운전불이행,건조,기타,단일로 - 기타,화물,남,56세,상해없음,승용,여,38세,경상
2018112700100350,2018년 11월 27일 16시,화요일,전라북도 군산시 성산면,경상사고,0,0,1,0,차대차 - 측면충돌,안전운전불이행,건조,맑음,단일로 - 기타,기타불명,기타불명,미분류,기타불명,자전거,여,16세,경상
2018112700100402,2018년 11월 27일 17시,화요일,전라북도 전주시 완산구 평화동1가,경상사고,0,0,1,0,차대차 - 측면충돌,교차로운행방법위반,건조,맑음,교차로 - 교차로부근,승용,남,37세,상해없음,이륜,여,52세,경상
2018112700100403,2018년 11월 27일 17시,화요일,전라북도 군산시 서흥남동,경상사고,0,0,1,0,차대차 - 측면충돌,직진우회전진행방해,건조,맑음,교차로 - 교차로안,승합,여,65세,상해없음,승용,남,35세,경상
2018112700100404,2018년 11월 27일 17시,화요일,전라북도 익산시 석왕동,중상사고,0,1,1,0,차대차 - 측면충돌,신호위반,건조,맑음,교차로 - 교차로안,화물,남,44세,경상,승용,여,75세,중상
2018112700100405,2018년 11월 27일 17시,화요일,전라북도 김제시 용지면,경상사고,0,0,3,0,차대차 - 추돌,안전운전불이행,건조,맑음,교차로 - 교차로부근,승용,남,53세,경상,승용,남,72세,경상