사고번호,사고일시,요일,시군구,사고내용,사망자수,중상자수,경상자수,부상신고자수,사고유형,법규위반,노면상태,기상상태,도로형태,가해운전자 차종,가해운전자 성별,가해운전자 연령,가해운전자 상해정도,피해운전자 차종,피해운전자 성별,피해운전자 연령,피해운전자 상해정도
2018121200100123,2018년 12월 12일 08시,수요일,전라북도 부안군 행안면,경상사고,0,0,1,0,차대차 - 측면충돌,직진우회전진행방해,건조,맑음,교차로 - 교차로안,승합,여,44세,상해없음,승용,여,51세,경상
2018121200100162,2018년 12월 12일 09시,수요일,전라북도 김제시 황산면,중상사고,0,3,0,0,차대사람 - 기타,안전운전불이행,서리/결빙,흐림,단일로 - 교량,화물,남,47세,상해없음,보행자,여,42세,중상
2018121200100190,2018년 12월 12일 10시,수요일,전라북도 익산시 춘포면,경상사고,0,0,2,0,차대차 - 정면충돌,중앙선침범,건조,맑음,단일로 - 기타,승용,남,30세,상해없음,승합,남,47세,경상
2018121200100315,2018년 12월 12일 14시,수요일,전라북도 전주시 완산구 효자동3가,경상사고,0,0,1,0,차대차 - 측면충돌,안전운전불이행,건조,맑음,단일로 - 기타,승용,남,28세,상해없음,승용,남,44세,경상
2018121200100349,2018년 12월 12일 15시,수요일,전라북도 완주군 삼례읍,경상사고,0,0,1,0,차대사람 - 기타,안전운전불이행,건조,맑음,단일로 - 기타,승용,여,33세,상해없음,보행자,여,14세,경상
2018121200100428,2018년 12월 12일 17시,수요일,전라북도 전주시 완산구 평화동2가,중상사고,0,1,0,0,차대사람 - 횡단중,보행자보호의무위반,건조,맑음,교차로 - 교차로횡단보도내,승용,남,51세,상해없음,보행자,여,8세,중상
2018121200100429,2018년 12월 12일 17시,수요일,전라북도 김제시 백산면,중상사고,0,1,0,0,차대차 - 측면충돌,신호위반,건조,맑음,교차로 - 교차로안,승용,남,70세,상해없음,승용,남,34세,중상
2018121200100430,2018년 12월 12일 17시,수요일,전라북도 무주군 무주읍,경상사고,0,0,1,0,차대사람 - 차도통행중,안전운전불이행,건조,맑음,단일로 - 기타,승용,남,62세,상해없음,보행자,남,66세,경상
2018121200100473,2018년 12월 12일 18시,수요일,전라북도 전주시 완산구 효자동1가,경상사고,0,0,1,0,차대차 - 측면충돌,신호위반,건조,맑음,교차로 - 교차로안,승용,여,49세,상해없음,승용,여,34세,경상
2018121200100474,2018년 12월 12일 18시,수요일,전라북도 군산시 경장동,경상사고,0,0,1,0,차대사람 - 횡단중,안전운전불이행,건조,맑음,단일로 - 기타,승용,남,59세,상해없음,보행자,남,19세,경상
2018121200100522,2018년 12월 12일 19시,수요일,전라북도 전주시 완산구 중화산동2가,중상사고,0,1,0,0,차대차 - 정면충돌,중앙선침범,건조,맑음,단일로 - 기타,승용,남,48세,상해없음,이륜,남,32세,중상
2018121200100523,2018년 12월 12일 19시,수요일,전라북도 전주시 완산구 서신동,경상사고,0,0,1,0,차대차 - 기타,교차로운행방법위반,건조,맑음,교차로 - 교차로안,승합,남,47세,상해없음,이륜,남,42세,경상
2018121200100524,2018년 12월 12일 19시,수요일,전라북도 군산시 나운동,경상사고,0,0,2,0,차대차 - 측면충돌,안전운전불이행,건조,맑음,교차로 - 교차로부근,승용,남,28세,상해없음,승용,여,52세,경상
2018121200100591,2018년 12월 12일 21시,수요일,전라북도 전주시 덕진구 송천동2가,경상사고,0,0,1,0,차대차 - 추돌,안전운전불이행,건조,맑음,교차로 - 교차로안,승용,남,19세,상해없음,승용,여,38세,경상
2018121200100592,2018년 12월 12일 21시,수요일,전라북도 완주군 상관면,경상사고,0,0,1,0,차대차 - 기타,안전거리미확보,건조,맑음,단일로 - 터널,기타불명,기타불명,미분류,기타불명,화물,남,38세,경상
2018121200100636,2018년 12월 12일 23시,수요일,전라북도 전주시 완산구 효자동3가,중상사고,0,1,4,0,차대차 - 측면충돌,신호위반,건조,맑음,교차로 - 교차로안,승용,남,59세,상해없음,승용,남,64세,경상
2018121200100637,2018년 12월 12일 23시,수요일,전라북도 전주시 덕진구 금암동,중상사고,0,1,0,0,차대차 - 측면충돌,안전운전불이행,건조,맑음,단일로 - 기타,승용,남,35세,상해없음,이륜,남,24세,중상
2018121300100011,2018년 12월 13일 00시,목요일,전라북도 전주시 덕진구 우아동2가,경상사고,0,0,1,0,차대차 - 측면충돌,신호위반,건조,흐림,교차로 - 교차로안,승용,남,69세,상해없음,원동기,남,53세,경상
2018121300100032,2018년 12월 13일 03시,목요일,전라북도 군산시 소룡동,경상사고,0,0,1,0,차대차 - 측면충돌,신호위반,건조,맑음,교차로 - 교차로안,승용,남,71세,상해없음,승용,남,24세,경상
2018121300100038,2018년 12월 13일 04시,목요일,전라북도 군산시 나운동,경상사고,0,0,1,0,차대차 - 측면충돌,안전운전불이행,건조,맑음,교차로 - 교차로안,승용,남,19세,상해없음,이륜,남,19세,경상
2018121300100121,2018년 12월 13일 08시,목요일,전라북도 김제시 신풍동,경상사고,0,0,2,0,차대차 - 측면충돌,직진우회전진행방해,건조,맑음,교차로 - 교차로안,승용,남,65세,상해없음,승용,여,49세,경상
2018121300100228,2018년 12월 13일 10시,목요일,전라북도 익산시 모현동1가,경상사고,0,0,1,0,차대차 - 측면충돌,신호위반,젖음/습기,흐림,교차로 - 교차로안,승용,남,66세,상해없음,승용,남,57세,경상
2018121300100269,2018년 12월 13일 11시,목요일,전라북도 군산시 해망동,중상사고,0,1,0,0,차대차 - 측면충돌,안전운전불이행,건조,맑음,교차로 - 교차로안,승용,남,46세,상해없음,승용,남,33세,중상
2018121300100350,2018년 12월 13일 14시,목요일,전라북도 부안군 동진면,경상사고,0,0,2,0,차대차 - 측면충돌,안전운전불이행,젖음/습기,흐림,교차로 - 교차로안,화물,남,63세,상해없음,승용,남,73세,경상
2018121300100351,2018년 12월 13일 14시,목요일,전라북도 순창군 쌍치면,경상사고,0,0,1,0,차대차 - 정면충돌,안전운전불이행,건조,맑음,단일로 - 기타,승용,남,20세,경상,건설기계,남,44세,상해없음
2018121300100411,2018년 12월 13일 16시,목요일,전라북도 군산시 임피면,경상사고,0,0,3,0,차대차 - 측면충돌,직진우회전진행방해,건조,맑음,교차로 - 교차로안,승용,남,20세,상해없음,승용,남,52세,경상
2018121300100501,2018년 12월 13일 18시,목요일,전라북도 전주시 완산구 효자동2가,경상사고,0,0,1,0,차대차 - 기타,안전운전불이행,젖음/습기,맑음,단일로 - 기타,기타불명,기타불명,미분류,기타불명,이륜,남,47세,경상
2018121300100618,2018년 12월 13일 22시,목요일,전라북도 익산시 인화동1가,경상사고,0,0,2,0,차대차 - 측면충돌,직진우회전진행방해,건조,맑음,교차로 - 교차로안,승용,남,64세,상해없음,승용,남,29세,경상
2018121400100026,2018년 12월 14일 01시,금요일,전라북도 익산시 춘포면,중상사고,0,1,1,0,차대차 - 추돌,안전운전불이행,건조,맑음,단일로 - 기타,승용,여,25세,상해없음,승용,남,48세,경상
2018121400100060,2018년 12월 14일 06시,금요일,전라북도 전주시 덕진구 진북동,중상사고,0,1,0,0,차대사람 - 횡단중,보행자보호의무위반,건조,맑음,단일로 - 기타,화물,남,46세,상해없음,보행자,여,69세,중상
2018121400100075,2018년 12월 14일 07시,금요일,전라북도 완주군 용진읍,중상사고,0,1,0,0,차대차 - 기타,중앙선침범,건조,맑음,교차로 - 교차로안,승용,여,44세,상해없음,자전거,여,66세,중상
2018121400100137,2018년 12월 14일 09시,금요일,전라북도 전주시 완산구 전동,중상사고,0,1,0,0,차대사람 - 횡단중,안전운전불이행,건조,맑음,교차로 - 교차로안,승합,여,53세,상해없음,보행자,여,78세,중상
2018121400100138,2018년 12월 14일 09시,금요일,전라북도 익산시 웅포면,경상사고,0,0,1,0,차대차 - 측면충돌,안전운전불이행,건조,맑음,교차로 - 교차로안,승용,남,43세,경상,농기계,남,26세,상해없음
2018121400100139,2018년 12월 14일 09시,금요일,전라북도 남원시 운봉읍,중상사고,0,1,0,0,차대차 - 측면충돌,직진우회전진행방해,건조,맑음,교차로 - 교차로안,승용,남,60세,상해없음,이륜,남,88세,중상
2018121400100173,2018년 12월 14일 10시,금요일,전라북도 남원시 죽항동,경상사고,0,0,2,0,차대차 - 측면충돌,직진우회전진행방해,건조,맑음,교차로 - 교차로안,승용,남,69세,상해없음,승용,남,65세,경상
2018121400100238,2018년 12월 14일 12시,금요일,전라북도 임실군 관촌면,중상사고,0,2,1,0,차대차 - 기타,차로위반,건조,맑음,단일로 - 기타,승용,남,62세,상해없음,승용,남,67세,경상
2018121400100276,2018년 12월 14일 13시,금요일,전라북도 전주시 완산구 효자동3가,경상사고,0,0,2,0,차대차 - 기타,교차로운행방법위반,건조,맑음,교차로 - 교차로안,이륜,남,59세,경상,승용,남,64세,경상
2018121400100277,2018년 12월 14일 13시,금요일,전라북도 전주시 덕진구 인후동2가,경상사고,0,0,1,0,차대차 - 측면충돌,안전운전불이행,건조,맑음,교차로 - 교차로부근,이륜,여,71세,기타불명,승용,여,45세,경상
2018121400100278,2018년 12월 14일 13시,금요일,전라북도 임실군 지사면,중상사고,0,1,0,0,차대차 - 측면충돌,교차로운행방법위반,건조,맑음,교차로 - 교차로안,승용,남,42세,상해없음,이륜,남,85세,중상
2018121400100313,2018년 12월 14일 14시,금요일,전라북도 전주시 완산구 교동,경상사고,0,0,2,0,차대차 - 기타,교차로운행방법위반,건조,맑음,교차로 - 교차로안,화물,남,54세,상해없음,승용,남,44세,경상
2018121400100360,2018년 12월 14일 15시,금요일,전라북도 전주시 완산구 효자동3가,경상사고,0,0,1,0,차대차 - 기타,신호위반,건조,맑음,교차로 - 교차로안,승용,남,76세,상해없음,승용,남,28세,경상
2018121400100361,2018년 12월 14일 15시,금요일,전라북도 전주시 완산구 서노송동,중상사고,0,1,0,0,차대사람 - 횡단중,안전운전불이행,건조,맑음,교차로 - 교차로안,화물,남,68세,상해없음,보행자,여,67세,중상
2018121400100362,2018년 12월 14일 15시,금요일,전라북도 군산시 서수면,경상사고,0,0,1,0,차대차 - 측면충돌,안전운전불이행,건조,맑음,교차로 - 교차로안,화물,남,41세,상해없음,화물,남,58세,경상
2018121400100363,2018년 12월 14일 15시,금요일,전라북도 군산시 영화동,중상사고,0,1,0,0,차대사람 - 차도통행중,안전운전불이행,건조,맑음,단일로 - 기타,승용,여,41세,상해없음,보행자,여,54세,중상
2018121400100364,2018년 12월 14일 15시,금요일,전라북도 김제시 요촌동,경상사고,0,0,1,0,차대사람 - 차도통행중,안전운전불이행,건조,맑음,단일로 - 기타,승용,여,54세,상해없음,보행자,여,64세,경상
2018121400100466,2018년 12월 14일 17시,금요일,전라북도 군산시 옥산면,경상사고,0,0,1,0,차대차 - 측면충돌,신호위반,건조,맑음,교차로 - 교차로안,건설기계,남,46세,상해없음,승용,여,54세,경상
2018121400100467,2018년 12월 14일 17시,금요일,전라북도 군산시 소룡동,중상사고,0,1,0,0,차대차 - 측면충돌,신호위반,건조,맑음,교차로 - 교차로안,화물,남,35세,상해없음,승용,남,50세,중상
2018121400100519,2018년 12월 14일 18시,금요일,전라북도 김제시 신풍동,중상사고,0,1,0,0,차대사람 - 기타,불법유턴,건조,맑음,교차로 - 교차로부근,승용,남,52세,기타불명,보행자,남,47세,중상
2018121400100624,2018년 12월 14일 20시,금요일,전라북도 전주시 완산구 서신동,경상사고,0,0,1,0,차대사람 - 횡단중,보행자보호의무위반,건조,맑음,교차로 - 교차로횡단보도내,승용,남,59세,상해없음,보행자,남,65세,경상
2018121400100625,2018년 12월 14일 20시,금요일,전라북도 전주시 완산구 중화산동1가,중상사고,0,1,4,0,차대차 - 추돌,안전운전불이행,건조,맑음,교차로 - 교차로부근,승합,남,43세,상해없음,승용,남,56세,경상
2018121400100626,2018년 12월 14일 20시,금요일,전라북도 김제시 요촌동,경상사고,0,0,1,0,차대사람 - 기타,불법유턴,건조,맑음,단일로 - 기타,승용,남,52세,기타불명,보행자,남,19세,경상
2018121400100662,2018년 12월 14일 21시,금요일,전라북도 익산시 신흥동,경상사고,0,0,3,0,차대차 - 정면충돌,중앙선침범,건조,맑음,단일로 - 기타,승용,남,56세,상해없음,승용,남,44세,경상
2018121500100015,2018년 12월 15일 00시,토요일,전라북도 완주군 봉동읍,사망사고,1,0,0,0,차대사람 - 횡단중,보행자보호의무위반,건조,맑음,교차로 - 교차로횡단보도내,승용,남,44세,상해없음,보행자,남,48세,사망
2018121500100062,2018년 12월 15일 02시,토요일,전라북도 전주시 완산구 평화동3가,중상사고,0,1,0,0,차대차 - 정면충돌,중앙선침범,건조,맑음,단일로 - 기타,화물,남,55세,상해없음,승용,남,28세,중상
2018121500100098,2018년 12월 15일 05시,토요일,전라북도 전주시 완산구 효자동3가,경상사고,0,0,5,0,차대차 - 측면충돌,신호위반,건조,맑음,교차로 - 교차로안,승용,남,63세,경상,승용,남,25세,경상
2018121500100138,2018년 12월 15일 07시,토요일,전라북도 전주시 완산구 중화산동2가,경상사고,0,0,2,0,차대차 - 추돌,안전운전불이행,건조,맑음,교차로 - 교차로부근,승용,남,23세,상해없음,화물,남,66세,경상
2018121500100139,2018년 12월 15일 07시,토요일,전라북도 익산시 성당면,경상사고,0,0,1,0,차대차 - 측면충돌,신호위반,건조,맑음,교차로 - 교차로안,화물,남,61세,상해없음,화물,남,30세,경상
2018121500100189,2018년 12월 15일 09시,토요일,전라북도 전주시 완산구 태평동,중상사고,0,1,0,0,차대사람 - 기타,안전운전불이행,건조,맑음,교차로 - 교차로안,승용,남,58세,상해없음,보행자,여,55세,중상
2018121500100190,2018년 12월 15일 09시,토요일,전라북도 전주시 덕진구 우아동3가,중상사고,0,1,0,0,차대사람 - 횡단중,보행자보호의무위반,건조,맑음,단일로 - 기타,승용,여,59세,상해없음,보행자,여,68세,중상
2018121500100254,2018년 12월 15일 11시,토요일,전라북도 전주시 덕진구 금암동,중상사고,0,1,1,0,차대사람 - 횡단중,보행자보호의무위반,건조,맑음,교차로 - 교차로횡단보도내,특수,남,35세,상해없음,보행자,남,53세,중상
2018121500100332,2018년 12월 15일 13시,토요일,전라북도 익산시 송학동,경상사고,0,0,1,0,차대사람 - 기타,안전운전불이행,건조,맑음,단일로 - 기타,승용,남,36세,상해없음,보행자,남,63세,경상
2018121500100333,2018년 12월 15일 13시,토요일,전라북도 익산시 동산동,경상사고,0,0,1,0,차대차 - 기타,기타,건조,맑음,교차로 - 교차로부근,승용,남,49세,상해없음,이륜,남,25세,경상
2018121500100334,2018년 12월 15일 13시,토요일,전라북도 정읍시 농소동,경상사고,0,0,1,0,차대차 - 측면충돌,신호위반,건조,맑음,교차로 - 교차로안,화물,남,75세,상해없음,승용,남,65세,경상
2018121500100450,2018년 12월 15일 16시,토요일,전라북도 김제시 신풍동,경상사고,0,0,1,0,차대사람 - 횡단중,보행자보호의무위반,건조,맑음,교차로 - 교차로횡단보도내,승용,남,39세,상해없음,보행자,여,10세,경상
2018121500100484,2018년 12월 15일 17시,토요일,전라북도 전주시 덕진구 금암동,경상사고,0,0,3,0,차대차 - 추돌,안전운전불이행,건조,맑음,단일로 - 기타,승용,남,25세,상해없음,승용,남,62세,경상
2018121500100535,2018년 12월 15일 18시,토요일,전라북도 남원시 도통동,사망사고,1,0,0,0,차대사람 - 횡단중,보행자보호의무위반,건조,맑음,단일로 - 기타,승용,여,52세,상해없음,보행자,여,85세,사망
2018121500100536,2018년 12월 15일 18시,토요일,전라북도 남원시 왕정동,경상사고,0,0,2,0,차대차 - 측면충돌,신호위반,건조,맑음,교차로 - 교차로안,승용,남,35세,상해없음,승용,남,34세,경상
2018121500100578,2018년 12월 15일 19시,토요일,전라북도 익산시 삼기면,경상사고,0,0,1,0,차대차 - 측면충돌,신호위반,건조,맑음,교차로 - 교차로안,승용,남,46세,상해없음,화물,남,63세,경상
2018121500100605,2018년 12월 15일 20시,토요일,전라북도 군산시 소룡동,중상사고,0,3,2,0,차대차 - 정면충돌,안전운전불이행,건조,맑음,교차로 - 교차로안,승용,남,50세,상해없음,승용,남,57세,경상
2018121500100606,2018년 12월 15일 20시,토요일,전라북도 익산시 부송동,중상사고,0,1,0,0,차대차 - 기타,차로위반,건조,맑음,단일로 - 기타,승용,남,24세,기타불명,이륜,남,25세,중상
2018121600100005,2018년 12월 16일 00시,일요일,전라북도 전주시 완산구 서신동,경상사고,0,0,2,0,차대차 - 측면충돌,중앙선침범,건조,맑음,단일로 - 지하차도(도로)내,기타불명,기타불명,미분류,기타불명,승용,남,53세,경상
2018121600100006,2018년 12월 16일 00시,일요일,전라북도 군산시 소룡동,경상사고,0,0,1,0,차대사람 - 차도통행중,안전운전불이행,건조,맑음,단일로 - 기타,승용,남,42세,상해없음,보행자,남,46세,경상
2018121600100030,2018년 12월 16일 01시,일요일,전라북도 전주시 완산구 서신동,경상사고,0,0,2,0,차대차 - 기타,안전거리미확보,건조,맑음,단일로 - 기타,승용,남,46세,상해없음,승용,남,56세,경상
2018121600100051,2018년 12월 16일 02시,일요일,전라북도 익산시 모현동1가,중상사고,0,1,2,0,차대차 - 추돌,안전운전불이행,건조,맑음,단일로 - 기타,승용,남,30세,상해없음,승용,남,59세,상해없음
2018121600100087,2018년 12월 16일 06시,일요일,전라북도 전주시 덕진구 금암동,경상사고,0,0,3,0,차대차 - 추돌,안전운전불이행,건조,맑음,단일로 - 기타,승용,남,29세,상해없음,승용,여,26세,경상
2018121600100093,2018년 12월 16일 07시,일요일,전라북도 군산시 문화동,중상사고,0,1,0,0,차대차 - 측면충돌,신호위반,건조,맑음,교차로 - 교차로횡단보도내,승용,남,65세,상해없음,자전거,여,39세,중상
2018121600100099,2018년 12월 16일 08시,일요일,전라북도 익산시 남중동,중상사고,0,1,1,0,차대차 - 측면충돌,신호위반,건조,맑음,교차로 - 교차로안,승용,남,83세,상해없음,승합,남,52세,상해없음
2018121600100122,2018년 12월 16일 10시,일요일,전라북도 전주시 완산구 효자동2가,경상사고,0,0,1,0,차대차 - 측면충돌,안전운전불이행,건조,맑음,교차로 - 교차로안,화물,남,31세,상해없음,화물,남,38세,경상
2018121600100123,2018년 12월 16일 10시,일요일,전라북도 전주시 완산구 중화산동1가,경상사고,0,0,2,0,차대차 - 측면충돌,안전운전불이행,서리/결빙,흐림,교차로 - 교차로부근,승용,남,76세,상해없음,승용,남,34세,경상
2018121600100147,2018년 12월 16일 11시,일요일,전라북도 남원시 월락동,중상사고,0,1,1,0,차대차 - 추돌,안전거리미확보,젖음/습기,흐림,교차로 - 교차로부근,승용,여,33세,상해없음,승용,남,31세,경상
2018121600100185,2018년 12월 16일 13시,일요일,전라북도 전주시 완산구 교동,경상사고,0,0,1,0,차대차 - 추돌,안전운전불이행,건조,맑음,단일로 - 기타,승용,남,59세,상해없음,승용,여,54세,경상
2018121600100276,2018년 12월 16일 17시,일요일,전라북도 고창군 아산면,경상사고,0,0,1,0,차대차 - 추돌,안전운전불이행,건조,맑음,단일로 - 기타,승용,남,32세,상해없음,승용,남,52세,경상
2018121600100305,2018년 12월 16일 18시,일요일,전라북도 정읍시 시기동,경상사고,0,0,4,0,차대차 - 기타,신호위반,건조,맑음,교차로 - 교차로안,승용,남,31세,상해없음,승용,남,49세,경상
2018121600100306,2018년 12월 16일 18시,일요일,전라북도 정읍시 수성동,경상사고,0,0,1,0,차대차 - 추돌,안전운전불이행,건조,맑음,교차로 - 교차로부근,승용,남,69세,상해없음,승용,남,30세,경상
2018121600100307,2018년 12월 16일 18시,일요일,전라북도 진안군 성수면,중상사고,0,1,0,0,차대사람 - 길가장자리구역통행중,안전운전불이행,건조,흐림,단일로 - 기타,화물,남,49세,상해없음,보행자,남,52세,중상
2018121600100343,2018년 12월 16일 19시,일요일,전라북도 전주시 덕진구 금암동,경상사고,0,0,3,0,차대차 - 측면충돌,안전거리미확보,건조,흐림,단일로 - 기타,승용,남,62세,상해없음,승용,남,68세,경상
2018121600100369,2018년 12월 16일 20시,일요일,전라북도 전주시 덕진구 덕진동2가,경상사고,0,0,2,0,차대차 - 측면충돌,신호위반,건조,맑음,교차로 - 교차로안,승용,남,31세,상해없음,승용,남,40세,경상
2018121600100426,2018년 12월 16일 22시,일요일,전라북도 익산시 팔봉동,경상사고,0,0,2,0,차대차 - 추돌,안전운전불이행,건조,맑음,교차로 - 교차로부근,승용,남,69세,상해없음,승용,남,69세,경상
2018121700100017,2018년 12월 17일 01시,월요일,전라북도 정읍시 연지동,경상사고,0,0,1,0,차대사람 - 기타,안전운전불이행,건조,맑음,교차로 - 교차로안,승용,남,54세,상해없음,보행자,남,29세,경상
2018121700100050,2018년 12월 17일 05시,월요일,전라북도 군산시 조촌동,경상사고,0,0,2,0,차대차 - 측면충돌,직진우회전진행방해,건조,맑음,교차로 - 교차로안,승용,남,56세,경상,승용,여,38세,경상
2018121700100124,2018년 12월 17일 07시,월요일,전라북도 군산시 조촌동,중상사고,0,1,0,0,차대사람 - 횡단중,안전운전불이행,건조,맑음,교차로 - 교차로부근,승용,남,25세,상해없음,보행자,여,81세,중상
2018121700100125,2018년 12월 17일 07시,월요일,전라북도 익산시 용안면,사망사고,1,1,0,0,차대사람 - 기타,안전운전불이행,서리/결빙,흐림,단일로 - 교량,승용,남,61세,상해없음,보행자,남,46세,사망
2018121700100126,2018년 12월 17일 07시,월요일,전라북도 익산시 함열읍,중상사고,0,1,0,0,차대차 - 추돌,안전운전불이행,서리/결빙,흐림,교차로 - 교차로부근,승용,남,31세,상해없음,화물,남,44세,상해없음
2018121700100127,2018년 12월 17일 07시,월요일,전라북도 익산시 금마면,경상사고,0,0,1,0,차대차 - 기타,안전운전불이행,서리/결빙,흐림,단일로 - 기타,화물,남,58세,상해없음,화물,남,59세,경상
2018121700100128,2018년 12월 17일 07시,월요일,전라북도 무주군 설천면,중상사고,0,1,0,0,차량단독 - 기타,안전운전불이행,젖음/습기,흐림,주차장 - 주차장,화물,남,24세,중상,,,,
2018121700100198,2018년 12월 17일 08시,월요일,전라북도 익산시 부송동,경상사고,0,0,1,0,차대사람 - 횡단중,보행자보호의무위반,건조,맑음,단일로 - 기타,승용,남,67세,상해없음,보행자,여,21세,경상
2018121700100199,2018년 12월 17일 08시,월요일,전라북도 익산시 황등면,경상사고,0,0,1,0,차대차 - 추돌,안전운전불이행,서리/결빙,흐림,단일로 - 기타,승용,남,39세,상해없음,승용,남,37세,경상
2018121700100258,2018년 12월 17일 09시,월요일,전라북도 전주시 덕진구 금암동,경상사고,0,0,1,0,차대차 - 측면충돌,신호위반,건조,맑음,교차로 - 교차로안,이륜,남,29세,기타불명,승용,여,58세,경상
2018121700100277,2018년 12월 17일 10시,월요일,전라북도 익산시 웅포면,중상사고,0,1,0,0,차대사람 - 길가장자리구역통행중,안전운전불이행,서리/결빙,흐림,단일로 - 기타,승용,남,67세,상해없음,보행자,남,70세,중상
2018121700100330,2018년 12월 17일 12시,월요일,전라북도 군산시 영화동,중상사고,0,1,0,0,차대차 - 기타,교차로운행방법위반,건조,맑음,교차로 - 교차로안,승용,여,41세,상해없음,자전거,남,45세,상해없음
2018121700100331,2018년 12월 17일 12시,월요일,전라북도 정읍시 수성동,중상사고,0,1,0,0,차대사람 - 횡단중,안전운전불이행,건조,맑음,교차로 - 교차로부근,화물,남,47세,상해없음,보행자,여,48세,중상
2018121700100332,2018년 12월 17일 12시,월요일,전라북도 정읍시 연지동,경상사고,0,0,1,0,차대차 - 측면충돌,안전운전불이행,건조,맑음,교차로 - 교차로안,자전거,남,76세,경상,승용,여,60세,상해없음
2018121700100361,2018년 12월 17일 13시,월요일,전라북도 전주시 덕진구 여의동,경상사고,0,0,1,0,차대차 - 추돌,안전운전불이행,건조,맑음,교차로 - 교차로부근,화물,남,59세,상해없음,승용,여,67세,경상
2018121700100398,2018년 12월 17일 14시,월요일,전라북도 순창군 순창읍,중상사고,0,1,0,0,차대사람 - 기타,안전운전불이행,건조,맑음,교차로 - 교차로안,승용,여,27세,상해없음,보행자,남,79세,중상
2018121700100433,2018년 12월 17일 15시,월요일,전라북도 부안군 부안읍,중상사고,0,1,0,0,차대사람 - 횡단중,보행자보호의무위반,건조,맑음,교차로 - 교차로횡단보도내,승용,여,67세,상해없음,보행자,남,10세,중상
2018121700100469,2018년 12월 17일 16시,월요일,전라북도 익산시 창인동1가,경상사고,0,0,3,0,차대차 - 측면충돌,중앙선침범,건조,맑음,단일로 - 기타,승용,여,57세,상해없음,승용,여,43세,경상
2018121700100514,2018년 12월 17일 17시,월요일,전라북도 전주시 덕진구 진북동,경상사고,0,0,1,0,차대사람 - 횡단중,안전운전불이행,건조,맑음,단일로 - 기타,승용,남,41세,상해없음,보행자,남,76세,경상
2018121700100632,2018년 12월 17일 19시,월요일,전라북도 전주시 덕진구 금암동,중상사고,0,1,0,0,차대사람 - 보도통행중,기타,젖음/습기,비,교차로 - 교차로부근,승용,남,47세,상해없음,보행자,여,7세,중상
2018121700100633,2018년 12월 17일 19시,월요일,전라북도 정읍시 시기동,경상사고,0,0,1,0,차대차 - 측면충돌,신호위반,건조,맑음,교차로 - 교차로부근,승용,여,28세,상해없음,승용,남,70세,경상
2018121700100658,2018년 12월 17일 20시,월요일,전라북도 군산시 수송동,경상사고,0,0,2,0,차대차 - 추돌,안전운전불이행,건조,맑음,단일로 - 기타,승용,남,29세,상해없음,승용,남,59세,경상
2018121700100659,2018년 12월 17일 20시,월요일,전라북도 익산시 춘포면,중상사고,0,1,0,0,차대사람 - 횡단중,안전운전불이행,건조,맑음,단일로 - 기타,승용,남,50세,상해없음,보행자,남,81세,중상
2018121800100010,2018년 12월 18일 00시,화요일,전라북도 전주시 완산구 삼천동3가,경상사고,0,0,1,0,차대차 - 측면충돌,신호위반,젖음/습기,기타,교차로 - 교차로안,화물,남,44세,상해없음,승용,여,62세,경상
2018121800100034,2018년 12월 18일 02시,화요일,전라북도 익산시 영등동,경상사고,0,0,2,0,차대차 - 추돌,안전운전불이행,건조,맑음,교차로 - 교차로부근,승용,남,29세,상해없음,승용,남,41세,경상
2018121800100044,2018년 12월 18일 03시,화요일,전라북도 전주시 완산구 효자동2가,중상사고,0,1,0,0,차대차 - 정면충돌,안전운전불이행,건조,기타,교차로 - 교차로안,승합,여,60세,상해없음,이륜,남,24세,중상
2018121800100106,2018년 12월 18일 07시,화요일,전라북도 군산시 미원동,중상사고,0,2,0,0,차대사람 - 기타,보행자보호의무위반,건조,맑음,교차로 - 교차로횡단보도내,승용,남,70세,상해없음,보행자,여,65세,중상
2018121800100155,2018년 12월 18일 08시,화요일,전라북도 완주군 비봉면,중상사고,0,1,0,0,차대차 - 측면충돌,안전운전불이행,서리/결빙,맑음,단일로 - 기타,승용,여,60세,상해없음,이륜,남,46세,중상
2018121800100260,2018년 12월 18일 11시,화요일,전라북도 전주시 완산구 태평동,경상사고,0,0,1,0,차대차 - 기타,직진우회전진행방해,건조,맑음,교차로 - 교차로안,화물,남,80세,상해없음,승용,여,41세,경상
2018121800100261,2018년 12월 18일 11시,화요일,전라북도 전주시 덕진구 반월동,경상사고,0,0,1,0,차대사람 - 횡단중,안전운전불이행,건조,맑음,단일로 - 기타,승용,여,54세,상해없음,보행자,여,77세,경상
2018121800100262,2018년 12월 18일 11시,화요일,전라북도 정읍시 시기동,중상사고,0,1,0,0,차대사람 - 차도통행중,안전운전불이행,건조,맑음,단일로 - 기타,승용,여,53세,상해없음,보행자,여,84세,중상
2018121800100289,2018년 12월 18일 12시,화요일,전라북도 전주시 완산구 중화산동2가,경상사고,0,0,1,0,차대차 - 측면충돌,신호위반,건조,맑음,교차로 - 교차로안,승용,남,83세,상해없음,승용,여,44세,경상