사고번호,사고일시,요일,시군구,사고내용,사망자수,중상자수,경상자수,부상신고자수,사고유형,법규위반,노면상태,기상상태,도로형태,가해운전자 차종,가해운전자 성별,가해운전자 연령,가해운전자 상해정도,피해운전자 차종,피해운전자 성별,피해운전자 연령,피해운전자 상해정도
2018122400100540,2018년 12월 24일 19시,월요일,전라북도 익산시 마동,경상사고,0,0,1,0,차대차 - 정면충돌,안전운전불이행,건조,맑음,단일로 - 기타,승용,남,51세,상해없음,이륜,남,29세,경상
2018122400100579,2018년 12월 24일 20시,월요일,전라북도 익산시 모현동1가,경상사고,0,0,1,0,차대차 - 측면충돌,안전거리미확보,건조,맑음,단일로 - 기타,승용,여,36세,상해없음,승용,남,58세,경상
2018122400100606,2018년 12월 24일 21시,월요일,전라북도 익산시 어양동,경상사고,0,0,1,0,차대사람 - 횡단중,안전운전불이행,건조,맑음,교차로 - 교차로안,승용,남,46세,상해없음,보행자,남,55세,경상
2018122400100627,2018년 12월 24일 22시,월요일,전라북도 군산시 경장동,경상사고,0,0,1,0,차대차 - 기타,안전운전불이행,건조,맑음,단일로 - 기타,승용,여,43세,상해없음,이륜,남,32세,경상
2018122500100028,2018년 12월 25일 01시,화요일,전라북도 전주시 덕진구 덕진동2가,경상사고,0,0,1,0,차대차 - 측면충돌,신호위반,건조,맑음,교차로 - 교차로안,승용,남,57세,상해없음,개인형이동수단(PM),남,24세,경상
2018122500100097,2018년 12월 25일 08시,화요일,전라북도 익산시 목천동,경상사고,0,0,1,0,차대차 - 측면충돌,안전운전불이행,건조,맑음,단일로 - 기타,승용,여,62세,상해없음,화물,남,43세,경상
2018122500100117,2018년 12월 25일 10시,화요일,전라북도 익산시 웅포면,중상사고,0,1,0,0,차대차 - 측면충돌,안전운전불이행,건조,맑음,단일로 - 기타,승용,남,56세,상해없음,자전거,남,74세,중상
2018122500100133,2018년 12월 25일 11시,화요일,전라북도 남원시 금동,중상사고,0,1,3,0,차대차 - 측면충돌,신호위반,건조,맑음,교차로 - 교차로안,승용,여,32세,경상,승용,남,57세,중상
2018122500100145,2018년 12월 25일 12시,화요일,전라북도 전주시 덕진구 인후동1가,경상사고,0,0,2,0,차대차 - 추돌,안전운전불이행,건조,맑음,교차로 - 교차로부근,승용,남,51세,상해없음,승용,남,57세,경상
2018122500100160,2018년 12월 25일 13시,화요일,전라북도 김제시 교동,중상사고,0,1,0,0,차대차 - 측면충돌,불법유턴,건조,흐림,단일로 - 기타,승용,남,24세,상해없음,이륜,남,79세,중상
2018122500100230,2018년 12월 25일 16시,화요일,전라북도 정읍시 수성동,경상사고,0,0,1,0,차대차 - 측면충돌,불법유턴,건조,맑음,단일로 - 기타,승합,남,41세,상해없음,이륜,남,22세,경상
2018122500100291,2018년 12월 25일 18시,화요일,전라북도 정읍시 상동,중상사고,0,1,0,0,차대사람 - 횡단중,보행자보호의무위반,건조,맑음,교차로 - 교차로횡단보도내,화물,남,54세,상해없음,보행자,여,54세,중상
2018122500100292,2018년 12월 25일 18시,화요일,전라북도 남원시 천거동,중상사고,0,1,0,0,차대사람 - 차도통행중,안전운전불이행,건조,맑음,교차로 - 교차로안,승용,여,56세,상해없음,보행자,여,74세,중상
2018122500100378,2018년 12월 25일 21시,화요일,전라북도 군산시 수송동,경상사고,0,0,2,0,차대차 - 추돌,신호위반,건조,맑음,교차로 - 교차로부근,승용,남,57세,상해없음,승용,남,52세,경상
2018122500100417,2018년 12월 25일 23시,화요일,전라북도 군산시 수송동,경상사고,0,0,1,0,차대사람 - 기타,안전운전불이행,건조,흐림,단일로 - 기타,승용,남,24세,상해없음,보행자,남,33세,경상
2018122600100049,2018년 12월 26일 05시,수요일,전라북도 익산시 신동,사망사고,1,0,0,0,차대사람 - 횡단중,안전운전불이행,건조,맑음,교차로 - 교차로횡단보도내,승용,남,54세,상해없음,보행자,여,67세,사망
2018122600100077,2018년 12월 26일 07시,수요일,전라북도 익산시 오산면,경상사고,0,0,2,0,차대차 - 추돌,안전운전불이행,건조,맑음,단일로 - 기타,승용,남,74세,상해없음,건설기계,남,60세,경상
2018122600100105,2018년 12월 26일 08시,수요일,전라북도 전주시 덕진구 인후동2가,중상사고,0,1,0,0,차대사람 - 기타,안전운전불이행,건조,맑음,단일로 - 기타,승합,남,48세,상해없음,보행자,여,52세,중상
2018122600100183,2018년 12월 26일 11시,수요일,전라북도 군산시 미원동,경상사고,0,0,1,0,차대사람 - 횡단중,안전운전불이행,건조,맑음,교차로 - 교차로안,승용,남,57세,상해없음,보행자,남,77세,경상
2018122600100224,2018년 12월 26일 12시,수요일,전라북도 전주시 덕진구 인후동1가,경상사고,0,0,2,0,차대차 - 후진중충돌,안전운전불이행,건조,맑음,교차로 - 교차로안,승용,여,55세,상해없음,승용,여,41세,경상
2018122600100225,2018년 12월 26일 12시,수요일,전라북도 김제시 금구면,경상사고,0,0,2,0,차대차 - 추돌,안전운전불이행,건조,맑음,교차로 - 교차로안,승용,여,50세,상해없음,승용,남,75세,경상
2018122600100226,2018년 12월 26일 12시,수요일,전라북도 김제시 금구면,경상사고,0,0,5,0,차대차 - 추돌,안전운전불이행,건조,맑음,단일로 - 기타,승용,여,46세,상해없음,승용,남,35세,경상
2018122600100250,2018년 12월 26일 13시,수요일,전라북도 군산시 대야면,경상사고,0,0,1,0,차대차 - 측면충돌,신호위반,건조,맑음,교차로 - 교차로안,승용,남,28세,상해없음,화물,남,58세,경상
2018122600100436,2018년 12월 26일 18시,수요일,전라북도 군산시 미원동,중상사고,0,1,0,0,차대사람 - 횡단중,보행자보호의무위반,건조,맑음,교차로 - 교차로횡단보도내,승용,여,62세,상해없음,보행자,남,62세,중상
2018122600100437,2018년 12월 26일 18시,수요일,전라북도 김제시 신풍동,중상사고,0,1,0,0,차대사람 - 횡단중,보행자보호의무위반,건조,맑음,교차로 - 교차로부근,승용,남,85세,상해없음,보행자,여,76세,중상
2018122600100483,2018년 12월 26일 19시,수요일,전라북도 전주시 덕진구 덕진동1가,경상사고,0,0,1,0,차대차 - 측면충돌,안전운전불이행,건조,맑음,단일로 - 기타,승용,여,49세,상해없음,승용,남,43세,상해없음
2018122600100484,2018년 12월 26일 19시,수요일,전라북도 군산시 나운동,경상사고,0,0,4,0,차대차 - 기타,안전운전불이행,건조,맑음,단일로 - 기타,승용,남,67세,상해없음,승용,남,26세,경상
2018122600100485,2018년 12월 26일 19시,수요일,전라북도 익산시 모현동1가,경상사고,0,0,1,0,차대사람 - 횡단중,보행자보호의무위반,건조,맑음,교차로 - 교차로횡단보도내,승용,남,46세,상해없음,보행자,여,64세,경상
2018122600100486,2018년 12월 26일 19시,수요일,전라북도 정읍시 수성동,중상사고,0,1,0,0,차대사람 - 횡단중,안전운전불이행,건조,맑음,교차로 - 교차로부근,화물,남,58세,상해없음,보행자,여,70세,중상
2018122600100487,2018년 12월 26일 19시,수요일,전라북도 정읍시 연지동,경상사고,0,0,1,0,차대사람 - 횡단중,안전운전불이행,건조,맑음,교차로 - 교차로부근,승용,여,47세,상해없음,보행자,남,73세,경상
2018122600100546,2018년 12월 26일 21시,수요일,전라북도 정읍시 수성동,경상사고,0,0,1,0,차대차 - 기타,차로위반,건조,맑음,교차로 - 교차로부근,승용,남,58세,상해없음,승용,남,45세,상해없음
2018122600100594,2018년 12월 26일 23시,수요일,전라북도 전주시 완산구 중화산동2가,중상사고,0,1,1,0,차대차 - 측면충돌,안전거리미확보,건조,맑음,교차로 - 교차로부근,승용,남,63세,상해없음,승용,남,56세,경상
2018122600100595,2018년 12월 26일 23시,수요일,전라북도 전주시 덕진구 덕진동1가,경상사고,0,0,1,0,차대사람 - 기타,안전운전불이행,건조,맑음,단일로 - 기타,승용,남,68세,상해없음,보행자,여,39세,경상
2018122700100013,2018년 12월 27일 00시,목요일,전라북도 전주시 완산구 중화산동2가,경상사고,0,0,4,0,차대차 - 측면충돌,교차로운행방법위반,건조,맑음,교차로 - 교차로안,승용,남,57세,경상,승용,남,23세,경상
2018122700100014,2018년 12월 27일 00시,목요일,전라북도 전주시 완산구 효자동2가,경상사고,0,0,1,0,차대차 - 측면충돌,교차로운행방법위반,건조,맑음,교차로 - 교차로안,승용,남,32세,상해없음,승용,남,48세,경상
2018122700100086,2018년 12월 27일 06시,목요일,전라북도 전주시 완산구 효자동2가,경상사고,0,0,2,0,차대차 - 기타,중앙선침범,건조,맑음,기타 - 기타,승용,남,36세,상해없음,화물,남,59세,경상
2018122700100105,2018년 12월 27일 07시,목요일,전라북도 남원시 송동면,중상사고,0,1,0,0,차대사람 - 횡단중,안전운전불이행,건조,맑음,단일로 - 기타,승용,여,56세,상해없음,보행자,남,19세,중상
2018122700100156,2018년 12월 27일 09시,목요일,전라북도 전주시 덕진구 팔복동2가,경상사고,0,0,1,0,차대차 - 측면충돌,신호위반,건조,맑음,교차로 - 교차로안,승용,남,27세,상해없음,승용,남,38세,경상
2018122700100157,2018년 12월 27일 09시,목요일,전라북도 익산시 영등동,경상사고,0,0,2,0,차대차 - 측면충돌,신호위반,건조,맑음,교차로 - 교차로안,승용,남,24세,상해없음,승용,여,56세,경상
2018122700100158,2018년 12월 27일 09시,목요일,전라북도 김제시 교동,중상사고,0,1,0,0,차대사람 - 기타,안전운전불이행,건조,맑음,교차로 - 교차로안,승용,남,46세,상해없음,보행자,여,81세,중상
2018122700100183,2018년 12월 27일 10시,목요일,전라북도 전주시 덕진구 팔복동2가,경상사고,0,0,2,0,차대차 - 측면충돌,안전운전불이행,건조,맑음,교차로 - 교차로안,승용,남,30세,상해없음,승용,남,44세,경상
2018122700100206,2018년 12월 27일 11시,목요일,전라북도 익산시 동산동,중상사고,0,1,0,0,차대사람 - 횡단중,신호위반,건조,맑음,단일로 - 기타,화물,남,50세,상해없음,보행자,여,61세,중상
2018122700100234,2018년 12월 27일 12시,목요일,전라북도 군산시 수송동,경상사고,0,0,3,0,차대차 - 측면충돌,신호위반,건조,맑음,교차로 - 교차로안,승용,남,82세,상해없음,승용,여,38세,경상
2018122700100235,2018년 12월 27일 12시,목요일,전라북도 정읍시 상동,경상사고,0,0,2,0,차대차 - 기타,직진우회전진행방해,건조,맑음,교차로 - 교차로안,승용,남,60세,경상,승용,남,66세,경상
2018122700100294,2018년 12월 27일 14시,목요일,전라북도 군산시 개정면,중상사고,0,1,2,0,차대차 - 추돌,안전운전불이행,건조,맑음,교차로 - 교차로부근,화물,남,65세,중상,승용,남,28세,경상
2018122700100324,2018년 12월 27일 15시,목요일,전라북도 부안군 부안읍,중상사고,0,1,0,0,차대사람 - 횡단중,보행자보호의무위반,건조,맑음,교차로 - 교차로횡단보도내,화물,남,75세,상해없음,보행자,여,81세,중상
2018122700100353,2018년 12월 27일 16시,목요일,전라북도 김제시 서암동,경상사고,0,0,1,0,차대차 - 측면충돌,차로위반,건조,맑음,교차로 - 교차로부근,화물,남,41세,상해없음,승용,남,49세,경상
2018122700100442,2018년 12월 27일 18시,목요일,전라북도 익산시 낭산면,중상사고,0,1,0,0,차대사람 - 차도통행중,안전운전불이행,건조,맑음,단일로 - 기타,승용,남,69세,상해없음,보행자,남,86세,중상
2018122700100443,2018년 12월 27일 18시,목요일,전라북도 장수군 장계면,경상사고,0,0,1,0,차대차 - 측면충돌,교차로운행방법위반,건조,맑음,교차로 - 교차로안,승용,남,51세,상해없음,승용,남,66세,경상
2018122800100072,2018년 12월 28일 06시,금요일,전라북도 군산시 나운동,경상사고,0,0,1,0,차대차 - 측면충돌,불법유턴,건조,맑음,교차로 - 교차로안,승용,남,43세,상해없음,화물,남,60세,경상
2018122800100170,2018년 12월 28일 10시,금요일,전라북도 익산시 함열읍,경상사고,0,0,1,0,차대차 - 측면충돌,안전운전불이행,건조,맑음,교차로 - 교차로안,화물,남,71세,상해없음,승용,여,30세,경상
2018122800100193,2018년 12월 28일 11시,금요일,전라북도 부안군 부안읍,경상사고,0,0,1,0,차대사람 - 횡단중,안전운전불이행,젖음/습기,흐림,교차로 - 교차로안,화물,남,46세,상해없음,보행자,여,66세,경상
2018122800100296,2018년 12월 28일 14시,금요일,전라북도 전주시 완산구 삼천동1가,경상사고,0,0,1,0,차대사람 - 횡단중,보행자보호의무위반,건조,맑음,교차로 - 교차로안,승용,여,57세,상해없음,보행자,남,77세,경상
2018122800100297,2018년 12월 28일 14시,금요일,전라북도 전주시 완산구 서노송동,경상사고,0,0,3,0,차대차 - 기타,차로위반,건조,맑음,교차로 - 교차로횡단보도내,승용,남,43세,상해없음,승합,남,56세,경상
2018122800100298,2018년 12월 28일 14시,금요일,전라북도 익산시 모현동1가,경상사고,0,0,1,0,차대차 - 측면충돌,신호위반,건조,맑음,교차로 - 교차로안,승용,남,73세,상해없음,승용,남,46세,경상
2018122800100343,2018년 12월 28일 15시,금요일,전라북도 전주시 덕진구 호성동1가,경상사고,0,0,1,0,차대사람 - 기타,안전운전불이행,건조,맑음,단일로 - 기타,승용,남,38세,상해없음,보행자,남,13세,경상
2018122800100422,2018년 12월 28일 17시,금요일,전라북도 전주시 완산구 효자동1가,경상사고,0,0,1,0,차대차 - 측면충돌,차로위반,건조,맑음,단일로 - 기타,승용,남,56세,상해없음,승용,여,25세,경상
2018122800100471,2018년 12월 28일 18시,금요일,전라북도 전주시 덕진구 팔복동3가,경상사고,0,0,1,0,차대차 - 측면충돌,안전운전불이행,건조,맑음,교차로 - 교차로부근,승용,남,76세,상해없음,승용,여,47세,경상
2018122800100472,2018년 12월 28일 18시,금요일,전라북도 전주시 덕진구 진북동,경상사고,0,0,1,0,차대차 - 측면충돌,안전운전불이행,건조,흐림,교차로 - 교차로안,화물,남,44세,상해없음,승용,남,64세,경상
2018122800100473,2018년 12월 28일 18시,금요일,전라북도 전주시 덕진구 우아동3가,경상사고,0,0,5,0,차대차 - 추돌,안전운전불이행,건조,맑음,교차로 - 교차로부근,승용,남,27세,상해없음,승합,남,43세,경상
2018122800100474,2018년 12월 28일 18시,금요일,전라북도 군산시 소룡동,중상사고,0,1,2,0,차대차 - 추돌,안전운전불이행,건조,맑음,교차로 - 교차로부근,승용,여,43세,중상,승합,남,54세,상해없음
2018122800100475,2018년 12월 28일 18시,금요일,전라북도 김제시 백구면,경상사고,0,0,1,0,차대차 - 추돌,안전운전불이행,건조,맑음,단일로 - 기타,승용,남,28세,상해없음,승용,여,48세,경상
2018122800100476,2018년 12월 28일 18시,금요일,전라북도 김제시 백구면,경상사고,0,0,1,0,차대차 - 추돌,안전거리미확보,건조,맑음,단일로 - 기타,승용,남,52세,상해없음,승용,남,28세,경상
2018122800100557,2018년 12월 28일 20시,금요일,전라북도 익산시 남중동,경상사고,0,0,1,0,차대차 - 추돌,안전운전불이행,건조,맑음,단일로 - 기타,승용,남,33세,상해없음,승용,여,36세,경상
2018122800100558,2018년 12월 28일 20시,금요일,전라북도 김제시 요촌동,경상사고,0,0,3,0,차대차 - 측면충돌,교차로운행방법위반,건조,맑음,교차로 - 교차로안,승용,남,46세,상해없음,승용,남,46세,경상
2018122800100596,2018년 12월 28일 21시,금요일,전라북도 순창군 순창읍,경상사고,0,0,2,0,차대차 - 추돌,안전운전불이행,건조,맑음,교차로 - 교차로부근,승용,남,51세,상해없음,승용,여,53세,경상
2018122800100623,2018년 12월 28일 22시,금요일,전라북도 군산시 나운동,경상사고,0,0,1,0,차대사람 - 길가장자리구역통행중,안전운전불이행,건조,맑음,기타 - 기타,기타불명,기타불명,미분류,기타불명,보행자,남,50세,경상
2018122800100653,2018년 12월 28일 23시,금요일,전라북도 전주시 완산구 서신동,경상사고,0,0,2,0,차대차 - 정면충돌,안전운전불이행,건조,맑음,교차로 - 교차로안,승용,남,51세,상해없음,승용,남,56세,경상
2018122800100654,2018년 12월 28일 23시,금요일,전라북도 전주시 덕진구 진북동,경상사고,0,0,3,0,차대차 - 추돌,안전운전불이행,건조,맑음,단일로 - 기타,승용,남,65세,상해없음,승용,남,38세,경상
2018122800100655,2018년 12월 28일 23시,금요일,전라북도 군산시 조촌동,중상사고,0,1,0,0,차대차 - 측면충돌,신호위반,건조,맑음,교차로 - 교차로안,승용,남,72세,상해없음,승용,남,35세,상해없음
2018122800100656,2018년 12월 28일 23시,금요일,전라북도 익산시 남중동,경상사고,0,0,1,0,차대차 - 측면충돌,안전거리미확보,건조,맑음,단일로 - 기타,승용,남,66세,상해없음,승용,남,38세,경상
2018122900100015,2018년 12월 29일 00시,토요일,전라북도 전주시 완산구 효자동3가,중상사고,0,1,0,0,차대차 - 측면충돌,신호위반,건조,맑음,교차로 - 교차로안,화물,남,51세,상해없음,승용,남,78세,중상
2018122900100061,2018년 12월 29일 04시,토요일,전라북도 전주시 완산구 중노송동,경상사고,0,0,2,0,차대차 - 기타,신호위반,건조,흐림,교차로 - 교차로안,승용,남,37세,상해없음,승용,남,45세,상해없음
2018122900100062,2018년 12월 29일 04시,토요일,전라북도 군산시 나운동,경상사고,0,0,2,0,차대차 - 측면충돌,안전운전불이행,서리/결빙,흐림,교차로 - 교차로안,승용,여,49세,상해없음,승용,남,46세,경상
2018122900100076,2018년 12월 29일 06시,토요일,전라북도 전주시 완산구 효자동2가,중상사고,0,1,1,0,차대차 - 정면충돌,신호위반,건조,맑음,교차로 - 교차로안,승용,남,26세,경상,승용,남,46세,중상
2018122900100092,2018년 12월 29일 08시,토요일,전라북도 남원시 신촌동,경상사고,0,0,1,0,차대차 - 측면충돌,안전운전불이행,건조,맑음,교차로 - 교차로안,승용,남,31세,상해없음,승용,여,52세,경상
2018122900100126,2018년 12월 29일 10시,토요일,전라북도 익산시 어양동,중상사고,0,1,0,0,차대사람 - 횡단중,보행자보호의무위반,건조,맑음,교차로 - 교차로안,승용,여,41세,상해없음,보행자,여,54세,중상
2018122900100127,2018년 12월 29일 10시,토요일,전라북도 익산시 부송동,경상사고,0,0,1,0,차대차 - 측면충돌,직진우회전진행방해,건조,맑음,교차로 - 교차로안,승용,남,74세,상해없음,승용,여,58세,경상
2018122900100153,2018년 12월 29일 11시,토요일,전라북도 군산시 금암동,중상사고,0,1,0,0,차대차 - 측면충돌,직진우회전진행방해,건조,맑음,교차로 - 교차로안,승용,남,23세,상해없음,승용,남,62세,상해없음
2018122900100154,2018년 12월 29일 11시,토요일,전라북도 익산시 남중동,경상사고,0,0,1,0,차대차 - 측면충돌,신호위반,건조,맑음,교차로 - 교차로안,승용,여,57세,상해없음,승용,남,54세,경상
2018122900100216,2018년 12월 29일 13시,토요일,전라북도 무주군 설천면,경상사고,0,0,2,0,차대차 - 측면충돌,안전운전불이행,건조,맑음,교차로 - 교차로안,승용,남,41세,상해없음,승용,남,21세,경상
2018122900100248,2018년 12월 29일 14시,토요일,전라북도 익산시 평화동,중상사고,0,1,1,0,차대차 - 측면충돌,안전운전불이행,건조,맑음,교차로 - 교차로안,승용,남,38세,상해없음,승합,남,63세,중상
2018122900100301,2018년 12월 29일 16시,토요일,전라북도 전주시 완산구 고사동,경상사고,0,0,1,0,차대사람 - 기타,안전운전불이행,건조,맑음,단일로 - 기타,승용,여,27세,상해없음,보행자,남,29세,경상
2018122900100302,2018년 12월 29일 16시,토요일,전라북도 군산시 대명동,경상사고,0,0,2,0,차대차 - 추돌,안전운전불이행,건조,맑음,단일로 - 기타,승합,남,54세,상해없음,화물,남,59세,경상
2018122900100303,2018년 12월 29일 16시,토요일,전라북도 김제시 만경읍,경상사고,0,0,1,0,차대차 - 측면충돌,안전운전불이행,건조,맑음,교차로 - 교차로안,화물,남,67세,상해없음,승용,여,30세,경상
2018122900100304,2018년 12월 29일 16시,토요일,전라북도 완주군 삼례읍,경상사고,0,0,1,0,차대차 - 기타,안전운전불이행,건조,맑음,교차로 - 교차로부근,승용,남,23세,상해없음,승용,남,64세,경상
2018122900100329,2018년 12월 29일 17시,토요일,전라북도 군산시 신영동,경상사고,0,0,1,0,차대차 - 측면충돌,직진우회전진행방해,건조,맑음,교차로 - 교차로안,승용,남,55세,상해없음,승용,남,61세,경상
2018122900100330,2018년 12월 29일 17시,토요일,전라북도 고창군 흥덕면,중상사고,0,1,1,0,차대차 - 측면충돌,신호위반,건조,맑음,교차로 - 교차로안,승용,남,59세,상해없음,승용,남,56세,경상
2018122900100394,2018년 12월 29일 19시,토요일,전라북도 익산시 신흥동,경상사고,0,0,3,0,차대차 - 측면충돌,안전운전불이행,건조,맑음,교차로 - 교차로안,화물,남,71세,상해없음,승용,남,59세,경상
2018122900100421,2018년 12월 29일 20시,토요일,전라북도 전주시 완산구 삼천동1가,경상사고,0,0,2,0,차대차 - 측면충돌,안전운전불이행,건조,맑음,교차로 - 교차로부근,이륜,남,40세,경상,승용,남,36세,경상
2018122900100422,2018년 12월 29일 20시,토요일,전라북도 전주시 덕진구 우아동3가,사망사고,1,0,0,0,차대사람 - 횡단중,과속,건조,맑음,교차로 - 교차로횡단보도내,승용,남,27세,상해없음,보행자,여,45세,사망
2018122900100491,2018년 12월 29일 23시,토요일,전라북도 완주군 이서면,중상사고,0,1,2,0,차대차 - 기타,교차로운행방법위반,건조,맑음,교차로 - 교차로안,승용,남,45세,상해없음,승용,남,64세,중상
2018123000100069,2018년 12월 30일 05시,일요일,전라북도 전주시 완산구 남노송동,경상사고,0,0,2,0,차대차 - 측면충돌,신호위반,건조,맑음,교차로 - 교차로안,승용,남,51세,상해없음,승용,남,75세,경상
2018123000100119,2018년 12월 30일 10시,일요일,전라북도 전주시 덕진구 인후동2가,경상사고,0,0,4,0,차대차 - 추돌,안전운전불이행,건조,맑음,교차로 - 교차로부근,승용,남,67세,상해없음,승용,여,47세,경상
2018123000100152,2018년 12월 30일 12시,일요일,전라북도 전주시 덕진구 동산동,경상사고,0,0,3,0,차대차 - 정면충돌,교차로운행방법위반,건조,맑음,교차로 - 교차로안,화물,남,50세,상해없음,승용,남,24세,경상
2018123000100216,2018년 12월 30일 15시,일요일,전라북도 전주시 완산구 효자동1가,경상사고,0,0,5,0,차대차 - 추돌,안전운전불이행,건조,맑음,교차로 - 교차로부근,승용,남,58세,상해없음,승용,남,36세,경상
2018123000100238,2018년 12월 30일 16시,일요일,전라북도 군산시 신영동,중상사고,0,1,1,0,차대차 - 측면충돌,신호위반,건조,맑음,교차로 - 교차로안,승용,여,61세,상해없음,승용,남,61세,경상
2018123000100363,2018년 12월 30일 21시,일요일,전라북도 전주시 완산구 효자동3가,경상사고,0,0,1,0,차대사람 - 횡단중,신호위반,건조,맑음,교차로 - 교차로횡단보도내,승용,남,27세,상해없음,보행자,남,18세,경상
2018123000100364,2018년 12월 30일 21시,일요일,전라북도 정읍시 수성동,경상사고,0,0,1,0,차대사람 - 기타,안전운전불이행,건조,맑음,교차로 - 교차로부근,승용,남,26세,상해없음,보행자,남,18세,경상
2018123100100038,2018년 12월 31일 04시,월요일,전라북도 정읍시 수성동,중상사고,0,1,0,0,차대사람 - 횡단중,보행자보호의무위반,건조,맑음,교차로 - 교차로횡단보도내,승합,남,45세,상해없음,보행자,여,75세,중상
2018123100100057,2018년 12월 31일 06시,월요일,전라북도 익산시 모현동1가,경상사고,0,0,1,0,차대차 - 측면충돌,신호위반,건조,맑음,교차로 - 교차로안,승용,남,55세,상해없음,화물,남,45세,경상
2018123100100238,2018년 12월 31일 13시,월요일,전라북도 전주시 완산구 풍남동2가,경상사고,0,0,1,0,차대사람 - 기타,안전운전불이행,건조,맑음,교차로 - 교차로안,승용,남,54세,상해없음,보행자,여,27세,경상
2018123100100239,2018년 12월 31일 13시,월요일,전라북도 익산시 부송동,경상사고,0,0,1,0,차대차 - 측면충돌,신호위반,건조,맑음,교차로 - 교차로안,화물,남,45세,상해없음,승용,여,56세,경상
2018123100100240,2018년 12월 31일 13시,월요일,전라북도 김제시 요촌동,경상사고,0,0,1,0,차대사람 - 길가장자리구역통행중,안전운전불이행,건조,맑음,교차로 - 교차로안,화물,남,77세,상해없음,보행자,여,81세,경상
2018123100100316,2018년 12월 31일 15시,월요일,전라북도 전주시 덕진구 중동,경상사고,0,0,3,0,차대차 - 기타,안전운전불이행,건조,맑음,교차로 - 교차로안,승용,남,70세,상해없음,승용,남,49세,경상
2018123100100317,2018년 12월 31일 15시,월요일,전라북도 전주시 덕진구 덕진동2가,중상사고,0,1,0,0,차대차 - 측면충돌,신호위반,건조,맑음,교차로 - 교차로안,승용,여,42세,상해없음,승합,여,53세,상해없음
2018123100100318,2018년 12월 31일 15시,월요일,전라북도 익산시 남중동,경상사고,0,0,1,0,차대차 - 측면충돌,직진우회전진행방해,건조,맑음,교차로 - 교차로안,승용,남,24세,상해없음,이륜,남,55세,경상
2018123100100359,2018년 12월 31일 16시,월요일,전라북도 전주시 완산구 동서학동,경상사고,0,0,2,0,차대차 - 추돌,안전거리미확보,건조,맑음,단일로 - 기타,승합,남,45세,상해없음,승용,남,77세,경상
2018123100100360,2018년 12월 31일 16시,월요일,전라북도 군산시 산북동,경상사고,0,0,1,0,차대차 - 측면충돌,직진우회전진행방해,건조,맑음,교차로 - 교차로안,승용,남,66세,상해없음,화물,남,47세,경상
2018123100100394,2018년 12월 31일 17시,월요일,전라북도 전주시 완산구 남노송동,경상사고,0,0,2,0,차대차 - 기타,안전운전불이행,건조,맑음,교차로 - 교차로부근,승용,여,53세,상해없음,승용,여,41세,경상
2018123100100395,2018년 12월 31일 17시,월요일,전라북도 정읍시 공평동,경상사고,0,0,1,0,차대차 - 측면충돌,신호위반,건조,맑음,교차로 - 교차로안,승용,남,51세,상해없음,승용,여,46세,경상
2018123100100396,2018년 12월 31일 17시,월요일,전라북도 무주군 설천면,중상사고,0,1,0,0,차대차 - 측면충돌,중앙선침범,건조,맑음,단일로 - 기타,화물,여,50세,상해없음,승용,여,42세,중상
2018123100100504,2018년 12월 31일 19시,월요일,전라북도 전주시 덕진구 덕진동1가,중상사고,0,1,0,0,차대차 - 추돌,안전운전불이행,건조,맑음,단일로 - 기타,승용,남,64세,상해없음,자전거,여,63세,중상
2018123100100505,2018년 12월 31일 19시,월요일,전라북도 군산시 소룡동,경상사고,0,0,5,0,차대차 - 측면충돌,직진우회전진행방해,건조,맑음,교차로 - 교차로안,승용,남,22세,경상,승용,남,47세,경상
2018123100100506,2018년 12월 31일 19시,월요일,전라북도 익산시 모현동1가,경상사고,0,0,1,0,차대차 - 측면충돌,안전운전불이행,건조,맑음,단일로 - 기타,원동기,남,44세,상해없음,승용,여,44세,경상
2018123100100507,2018년 12월 31일 19시,월요일,전라북도 완주군 삼례읍,경상사고,0,0,1,0,차대차 - 측면충돌,안전거리미확보,건조,맑음,단일로 - 기타,승용,여,29세,상해없음,승용,남,40세,경상
2018123100100573,2018년 12월 31일 21시,월요일,전라북도 전주시 완산구 삼천동1가,경상사고,0,0,4,0,차대차 - 기타,안전운전불이행,건조,맑음,단일로 - 기타,승용,남,36세,상해없음,승용,남,30세,경상
2018123100100574,2018년 12월 31일 21시,월요일,전라북도 전주시 덕진구 인후동1가,경상사고,0,0,1,0,차대차 - 측면충돌,교차로운행방법위반,건조,맑음,교차로 - 교차로안,승용,여,35세,상해없음,이륜,남,18세,경상
2018123100100575,2018년 12월 31일 21시,월요일,전라북도 군산시 나운동,경상사고,0,0,1,0,차대차 - 측면충돌,직진우회전진행방해,건조,맑음,교차로 - 교차로안,승용,남,57세,상해없음,승용,남,36세,경상
2018123100100599,2018년 12월 31일 22시,월요일,전라북도 전주시 덕진구 인후동1가,경상사고,0,0,1,0,차대사람 - 횡단중,신호위반,건조,맑음,교차로 - 교차로안,승용,여,44세,상해없음,보행자,여,54세,경상